 
****************************************
Report : cell
Design : UNITY_ENCODER
Version: Q-2019.12-SP5-5
Date   : Fri Apr  3 12:23:38 2026
****************************************

Attributes:
    b - black box (unknown)
    h - hierarchical
    n - noncombinational
    r - removable
    u - contains unmapped logic

Cell                      Reference       Library             Area  Attributes
--------------------------------------------------------------------------------
U1431                     STQ_EO3_1       um28nchllogl35hsl140f_ssgwc0p9v125c
                                                          2.184000  
U1432                     STQ_EO3_1       um28nchllogl35hsl140f_ssgwc0p9v125c
                                                          2.184000  
U1433                     STQ_EO3_1       um28nchllogl35hsl140f_ssgwc0p9v125c
                                                          2.184000  
U1434                     STQ_EO3_0P5     um28nchllogl35hsl140f_ssgwc0p9v125c
                                                          1.512000  
U1435                     STQ_EO3_1       um28nchllogl35hsl140f_ssgwc0p9v125c
                                                          2.184000  
U1436                     STQ_EO2_S_0P5   um28nchllogl35hsl140f_ssgwc0p9v125c
                                                          1.512000  
U1437                     STQ_EO2_S_0P5   um28nchllogl35hsl140f_ssgwc0p9v125c
                                                          1.512000  
U1438                     STQ_EO2_S_0P5   um28nchllogl35hsl140f_ssgwc0p9v125c
                                                          1.512000  
U1439                     STQ_EO2_1       um28nchllogl35hsl140f_ssgwc0p9v125c
                                                          1.512000  
U1440                     STQ_EO2_1       um28nchllogl35hsl140f_ssgwc0p9v125c
                                                          1.512000  
U1441                     STQ_EO2_1       um28nchllogl35hsl140f_ssgwc0p9v125c
                                                          1.512000  
U1442                     STQ_EO2_1       um28nchllogl35hsl140f_ssgwc0p9v125c
                                                          1.512000  
U1443                     STQ_EO2_1       um28nchllogl35hsl140f_ssgwc0p9v125c
                                                          1.512000  
U1444                     STQ_EO2_1       um28nchllogl35hsl140f_ssgwc0p9v125c
                                                          1.512000  
U1445                     STQ_EO2_S_0P5   um28nchllogl35hsl140f_ssgwc0p9v125c
                                                          1.512000  
U1446                     STQ_EO2_1       um28nchllogl35hsl140f_ssgwc0p9v125c
                                                          1.512000  
U1447                     STQ_EO2_1       um28nchllogl35hsl140f_ssgwc0p9v125c
                                                          1.512000  
U1448                     STQ_EO2_1       um28nchllogl35hsl140f_ssgwc0p9v125c
                                                          1.512000  
U1449                     STQ_EO2_1       um28nchllogl35hsl140f_ssgwc0p9v125c
                                                          1.512000  
U1450                     STQ_EO2_1       um28nchllogl35hsl140f_ssgwc0p9v125c
                                                          1.512000  
U1451                     STQ_INV_S_0P65  um28nchllogl35hsl140f_ssgwc0p9v125c
                                                          0.336000  
U1452                     STQ_EO2_1       um28nchllogl35hsl140f_ssgwc0p9v125c
                                                          1.512000  
U1453                     STQ_EO2_1       um28nchllogl35hsl140f_ssgwc0p9v125c
                                                          1.512000  
U1454                     STQ_EO2_1       um28nchllogl35hsl140f_ssgwc0p9v125c
                                                          1.512000  
U1455                     STQ_EO2_1       um28nchllogl35hsl140f_ssgwc0p9v125c
                                                          1.512000  
U1456                     STQ_EO2_1       um28nchllogl35hsl140f_ssgwc0p9v125c
                                                          1.512000  
U1457                     STQ_EO2_1       um28nchllogl35hsl140f_ssgwc0p9v125c
                                                          1.512000  
U1458                     STQ_EO2_1       um28nchllogl35hsl140f_ssgwc0p9v125c
                                                          1.512000  
U1459                     STQ_EO2_1       um28nchllogl35hsl140f_ssgwc0p9v125c
                                                          1.512000  
U1460                     STQ_EO2_1       um28nchllogl35hsl140f_ssgwc0p9v125c
                                                          1.512000  
U1461                     STQ_EO2_1       um28nchllogl35hsl140f_ssgwc0p9v125c
                                                          1.512000  
U1462                     STQ_EO2_1       um28nchllogl35hsl140f_ssgwc0p9v125c
                                                          1.512000  
U1463                     STQ_EO2_1       um28nchllogl35hsl140f_ssgwc0p9v125c
                                                          1.512000  
U1464                     STQ_EO2_1       um28nchllogl35hsl140f_ssgwc0p9v125c
                                                          1.512000  
U1465                     STQ_EO2_1       um28nchllogl35hsl140f_ssgwc0p9v125c
                                                          1.512000  
U1466                     STQ_EO2_1       um28nchllogl35hsl140f_ssgwc0p9v125c
                                                          1.512000  
U1467                     STQ_EO2_1       um28nchllogl35hsl140f_ssgwc0p9v125c
                                                          1.512000  
U1468                     STQ_EO2_1       um28nchllogl35hsl140f_ssgwc0p9v125c
                                                          1.512000  
U1469                     STQ_EO2_1       um28nchllogl35hsl140f_ssgwc0p9v125c
                                                          1.512000  
U1470                     STQ_EO2_1       um28nchllogl35hsl140f_ssgwc0p9v125c
                                                          1.512000  
U1471                     STQ_EO2_1       um28nchllogl35hsl140f_ssgwc0p9v125c
                                                          1.512000  
U1472                     STQ_EO2_1       um28nchllogl35hsl140f_ssgwc0p9v125c
                                                          1.512000  
U1473                     STQ_EO2_1       um28nchllogl35hsl140f_ssgwc0p9v125c
                                                          1.512000  
U1474                     STQ_EO2_1       um28nchllogl35hsl140f_ssgwc0p9v125c
                                                          1.512000  
U1475                     STQ_EO2_1       um28nchllogl35hsl140f_ssgwc0p9v125c
                                                          1.512000  
U1476                     STQ_EO2_1       um28nchllogl35hsl140f_ssgwc0p9v125c
                                                          1.512000  
U1477                     STQ_EO2_1       um28nchllogl35hsl140f_ssgwc0p9v125c
                                                          1.512000  
U1478                     STQ_EO2_1       um28nchllogl35hsl140f_ssgwc0p9v125c
                                                          1.512000  
U1479                     STQ_EO2_1       um28nchllogl35hsl140f_ssgwc0p9v125c
                                                          1.512000  
U1480                     STQ_EO2_1       um28nchllogl35hsl140f_ssgwc0p9v125c
                                                          1.512000  
U1481                     STQ_EO2_1       um28nchllogl35hsl140f_ssgwc0p9v125c
                                                          1.512000  
U1482                     STQ_EO2_1       um28nchllogl35hsl140f_ssgwc0p9v125c
                                                          1.512000  
U1483                     STQ_EO2_1       um28nchllogl35hsl140f_ssgwc0p9v125c
                                                          1.512000  
U1484                     STQ_EO2_1       um28nchllogl35hsl140f_ssgwc0p9v125c
                                                          1.512000  
U1485                     STQ_EO2_1       um28nchllogl35hsl140f_ssgwc0p9v125c
                                                          1.512000  
U1486                     STQ_EO2_1       um28nchllogl35hsl140f_ssgwc0p9v125c
                                                          1.512000  
U1487                     STQ_EO2_1       um28nchllogl35hsl140f_ssgwc0p9v125c
                                                          1.512000  
U1488                     STQ_EO2_1       um28nchllogl35hsl140f_ssgwc0p9v125c
                                                          1.512000  
U1489                     STQ_EO2_1       um28nchllogl35hsl140f_ssgwc0p9v125c
                                                          1.512000  
U1490                     STQ_EO2_1       um28nchllogl35hsl140f_ssgwc0p9v125c
                                                          1.512000  
U1491                     STQ_EO2_1       um28nchllogl35hsl140f_ssgwc0p9v125c
                                                          1.512000  
U1492                     STQ_EO2_1       um28nchllogl35hsl140f_ssgwc0p9v125c
                                                          1.512000  
U1493                     STQ_EO2_1       um28nchllogl35hsl140f_ssgwc0p9v125c
                                                          1.512000  
U1494                     STQ_EO2_1       um28nchllogl35hsl140f_ssgwc0p9v125c
                                                          1.512000  
U1495                     STQ_EO2_1       um28nchllogl35hsl140f_ssgwc0p9v125c
                                                          1.512000  
U1496                     STQ_EO2_1       um28nchllogl35hsl140f_ssgwc0p9v125c
                                                          1.512000  
U1497                     STQ_EO2_1       um28nchllogl35hsl140f_ssgwc0p9v125c
                                                          1.512000  
U1498                     STQ_EO2_1       um28nchllogl35hsl140f_ssgwc0p9v125c
                                                          1.512000  
U1499                     STQ_EO2_1       um28nchllogl35hsl140f_ssgwc0p9v125c
                                                          1.512000  
U1500                     STQ_EO2_1       um28nchllogl35hsl140f_ssgwc0p9v125c
                                                          1.512000  
U1501                     STQ_EO2_1       um28nchllogl35hsl140f_ssgwc0p9v125c
                                                          1.512000  
U1502                     STQ_EO2_1       um28nchllogl35hsl140f_ssgwc0p9v125c
                                                          1.512000  
U1503                     STQ_EO2_1       um28nchllogl35hsl140f_ssgwc0p9v125c
                                                          1.512000  
U1504                     STQ_EO2_1       um28nchllogl35hsl140f_ssgwc0p9v125c
                                                          1.512000  
U1505                     STQ_EO2_1       um28nchllogl35hsl140f_ssgwc0p9v125c
                                                          1.512000  
U1506                     STQ_EO2_1       um28nchllogl35hsl140f_ssgwc0p9v125c
                                                          1.512000  
U1507                     STQ_EO2_1       um28nchllogl35hsl140f_ssgwc0p9v125c
                                                          1.512000  
U1508                     STQ_EO2_1       um28nchllogl35hsl140f_ssgwc0p9v125c
                                                          1.512000  
U1509                     STQ_EO2_1       um28nchllogl35hsl140f_ssgwc0p9v125c
                                                          1.512000  
U1510                     STQ_EO2_1       um28nchllogl35hsl140f_ssgwc0p9v125c
                                                          1.512000  
U1511                     STQ_EO2_1       um28nchllogl35hsl140f_ssgwc0p9v125c
                                                          1.512000  
U1512                     STQ_EO2_1       um28nchllogl35hsl140f_ssgwc0p9v125c
                                                          1.512000  
U1513                     STQ_EO2_1       um28nchllogl35hsl140f_ssgwc0p9v125c
                                                          1.512000  
U1514                     STQ_EO2_1       um28nchllogl35hsl140f_ssgwc0p9v125c
                                                          1.512000  
U1515                     STQ_EO2_1       um28nchllogl35hsl140f_ssgwc0p9v125c
                                                          1.512000  
U1516                     STQ_EO2_1       um28nchllogl35hsl140f_ssgwc0p9v125c
                                                          1.512000  
U1517                     STQ_EO2_1       um28nchllogl35hsl140f_ssgwc0p9v125c
                                                          1.512000  
U1518                     STQ_EO2_1       um28nchllogl35hsl140f_ssgwc0p9v125c
                                                          1.512000  
U1519                     STQ_EO2_1       um28nchllogl35hsl140f_ssgwc0p9v125c
                                                          1.512000  
U1520                     STQ_EO2_1       um28nchllogl35hsl140f_ssgwc0p9v125c
                                                          1.512000  
U1521                     STQ_EO2_1       um28nchllogl35hsl140f_ssgwc0p9v125c
                                                          1.512000  
U1522                     STQ_EO2_1       um28nchllogl35hsl140f_ssgwc0p9v125c
                                                          1.512000  
U1523                     STQ_EO2_1       um28nchllogl35hsl140f_ssgwc0p9v125c
                                                          1.512000  
U1524                     STQ_EO2_1       um28nchllogl35hsl140f_ssgwc0p9v125c
                                                          1.512000  
U1525                     STQ_EO2_1       um28nchllogl35hsl140f_ssgwc0p9v125c
                                                          1.512000  
U1526                     STQ_EO2_1       um28nchllogl35hsl140f_ssgwc0p9v125c
                                                          1.512000  
U1527                     STQ_EO2_1       um28nchllogl35hsl140f_ssgwc0p9v125c
                                                          1.512000  
U1528                     STQ_EO2_1       um28nchllogl35hsl140f_ssgwc0p9v125c
                                                          1.512000  
U1529                     STQ_EO2_1       um28nchllogl35hsl140f_ssgwc0p9v125c
                                                          1.512000  
U1530                     STQ_EO2_1       um28nchllogl35hsl140f_ssgwc0p9v125c
                                                          1.512000  
U1531                     STQ_EO2_1       um28nchllogl35hsl140f_ssgwc0p9v125c
                                                          1.512000  
U1532                     STQ_EO2_1       um28nchllogl35hsl140f_ssgwc0p9v125c
                                                          1.512000  
U1533                     STQ_EO2_1       um28nchllogl35hsl140f_ssgwc0p9v125c
                                                          1.512000  
U1534                     STQ_EO2_1       um28nchllogl35hsl140f_ssgwc0p9v125c
                                                          1.512000  
U1535                     STQ_INV_S_1     um28nchllogl35hsl140f_ssgwc0p9v125c
                                                          0.336000  
U1536                     STQ_EO2_1       um28nchllogl35hsl140f_ssgwc0p9v125c
                                                          1.512000  
U1537                     STQ_EO2_1       um28nchllogl35hsl140f_ssgwc0p9v125c
                                                          1.512000  
U1538                     STQ_EO2_1       um28nchllogl35hsl140f_ssgwc0p9v125c
                                                          1.512000  
U1539                     STQ_EO2_1       um28nchllogl35hsl140f_ssgwc0p9v125c
                                                          1.512000  
U1540                     STQ_EO2_1       um28nchllogl35hsl140f_ssgwc0p9v125c
                                                          1.512000  
U1541                     STQ_EO2_1       um28nchllogl35hsl140f_ssgwc0p9v125c
                                                          1.512000  
U1542                     STQ_EO2_1       um28nchllogl35hsl140f_ssgwc0p9v125c
                                                          1.512000  
U1543                     STQ_EO2_1       um28nchllogl35hsl140f_ssgwc0p9v125c
                                                          1.512000  
U1544                     STQ_EO2_1       um28nchllogl35hsl140f_ssgwc0p9v125c
                                                          1.512000  
U1545                     STQ_EO2_1       um28nchllogl35hsl140f_ssgwc0p9v125c
                                                          1.512000  
U1546                     STQ_EO2_1       um28nchllogl35hsl140f_ssgwc0p9v125c
                                                          1.512000  
U1547                     STQ_EO2_1       um28nchllogl35hsl140f_ssgwc0p9v125c
                                                          1.512000  
U1548                     STQ_INV_S_1     um28nchllogl35hsl140f_ssgwc0p9v125c
                                                          0.336000  
U1549                     STQ_EO2_1       um28nchllogl35hsl140f_ssgwc0p9v125c
                                                          1.512000  
U1550                     STQ_EO2_1       um28nchllogl35hsl140f_ssgwc0p9v125c
                                                          1.512000  
U1551                     STQ_EO2_1       um28nchllogl35hsl140f_ssgwc0p9v125c
                                                          1.512000  
U1552                     STQ_EO2_1       um28nchllogl35hsl140f_ssgwc0p9v125c
                                                          1.512000  
U1553                     STQ_EO2_1       um28nchllogl35hsl140f_ssgwc0p9v125c
                                                          1.512000  
U1554                     STQ_EO2_1       um28nchllogl35hsl140f_ssgwc0p9v125c
                                                          1.512000  
U1555                     STQ_EO2_1       um28nchllogl35hsl140f_ssgwc0p9v125c
                                                          1.512000  
U1556                     STQ_INV_S_1     um28nchllogl35hsl140f_ssgwc0p9v125c
                                                          0.336000  
U1557                     STQ_AO2BB2_1    um28nchllogl35hsl140f_ssgwc0p9v125c
                                                          1.008000  
U1558                     STQ_EO2_1       um28nchllogl35hsl140f_ssgwc0p9v125c
                                                          1.512000  
U1559                     STQ_INV_S_1     um28nchllogl35hsl140f_ssgwc0p9v125c
                                                          0.336000  
U1560                     STQ_INV_S_0P65  um28nchllogl35hsl140f_ssgwc0p9v125c
                                                          0.336000  
U1561                     STQ_EO2_1       um28nchllogl35hsl140f_ssgwc0p9v125c
                                                          1.512000  
U1562                     STQ_EO2_1       um28nchllogl35hsl140f_ssgwc0p9v125c
                                                          1.512000  
U1563                     STQ_EO2_1       um28nchllogl35hsl140f_ssgwc0p9v125c
                                                          1.512000  
U1564                     STQ_EO2_1       um28nchllogl35hsl140f_ssgwc0p9v125c
                                                          1.512000  
U1565                     STQ_INV_S_1     um28nchllogl35hsl140f_ssgwc0p9v125c
                                                          0.336000  
U1566                     STQ_EO2_1       um28nchllogl35hsl140f_ssgwc0p9v125c
                                                          1.512000  
U1567                     STQ_EO2_1       um28nchllogl35hsl140f_ssgwc0p9v125c
                                                          1.512000  
U1568                     STQ_EO2_1       um28nchllogl35hsl140f_ssgwc0p9v125c
                                                          1.512000  
U1569                     STQ_INV_S_1     um28nchllogl35hsl140f_ssgwc0p9v125c
                                                          0.336000  
U1570                     STQ_EO2_1       um28nchllogl35hsl140f_ssgwc0p9v125c
                                                          1.512000  
U1571                     STQ_EO2_1       um28nchllogl35hsl140f_ssgwc0p9v125c
                                                          1.512000  
U1572                     STQ_EO3_2       um28nchllogl35hsl140f_ssgwc0p9v125c
                                                          2.688000  
U1573                     STQ_INV_S_1     um28nchllogl35hsl140f_ssgwc0p9v125c
                                                          0.336000  
U1574                     STQ_EO3_0P5     um28nchllogl35hsl140f_ssgwc0p9v125c
                                                          1.512000  
U1575                     STQ_EO2_S_0P5   um28nchllogl35hsl140f_ssgwc0p9v125c
                                                          1.512000  
U1576                     STQ_EO2_S_0P5   um28nchllogl35hsl140f_ssgwc0p9v125c
                                                          1.512000  
U1577                     STQ_INV_S_0P65  um28nchllogl35hsl140f_ssgwc0p9v125c
                                                          0.336000  
U1578                     STQ_EO2_S_0P5   um28nchllogl35hsl140f_ssgwc0p9v125c
                                                          1.512000  
U1579                     STQ_EO2_S_0P5   um28nchllogl35hsl140f_ssgwc0p9v125c
                                                          1.512000  
U1580                     STQ_EO2_S_0P5   um28nchllogl35hsl140f_ssgwc0p9v125c
                                                          1.512000  
U1581                     STQ_EO3_2       um28nchllogl35hsl140f_ssgwc0p9v125c
                                                          2.688000  
U1582                     STQ_EO2_S_0P5   um28nchllogl35hsl140f_ssgwc0p9v125c
                                                          1.512000  
U1583                     STQ_INV_S_0P65  um28nchllogl35hsl140f_ssgwc0p9v125c
                                                          0.336000  
U1584                     STQ_EO2_S_0P5   um28nchllogl35hsl140f_ssgwc0p9v125c
                                                          1.512000  
U1585                     STQ_EO2_S_0P5   um28nchllogl35hsl140f_ssgwc0p9v125c
                                                          1.512000  
U1586                     STQ_EO2_S_0P5   um28nchllogl35hsl140f_ssgwc0p9v125c
                                                          1.512000  
U1587                     STQ_EO2_S_0P5   um28nchllogl35hsl140f_ssgwc0p9v125c
                                                          1.512000  
U1588                     STQ_EO2_S_0P5   um28nchllogl35hsl140f_ssgwc0p9v125c
                                                          1.512000  
U1589                     STQ_EO2_S_0P5   um28nchllogl35hsl140f_ssgwc0p9v125c
                                                          1.512000  
U1590                     STQ_EO2_S_0P5   um28nchllogl35hsl140f_ssgwc0p9v125c
                                                          1.512000  
U1591                     STQ_EO2_S_0P5   um28nchllogl35hsl140f_ssgwc0p9v125c
                                                          1.512000  
U1592                     STQ_EO2_S_0P5   um28nchllogl35hsl140f_ssgwc0p9v125c
                                                          1.512000  
U1593                     STQ_EO2_S_0P5   um28nchllogl35hsl140f_ssgwc0p9v125c
                                                          1.512000  
U1594                     STQ_EO2_S_0P5   um28nchllogl35hsl140f_ssgwc0p9v125c
                                                          1.512000  
U1595                     STQ_EO2_S_0P5   um28nchllogl35hsl140f_ssgwc0p9v125c
                                                          1.512000  
U1596                     STQ_EO2_S_0P5   um28nchllogl35hsl140f_ssgwc0p9v125c
                                                          1.512000  
U1597                     STQ_EO2_S_0P5   um28nchllogl35hsl140f_ssgwc0p9v125c
                                                          1.512000  
U1598                     STQ_EO2_S_0P5   um28nchllogl35hsl140f_ssgwc0p9v125c
                                                          1.512000  
U1599                     STQ_EO2_S_0P5   um28nchllogl35hsl140f_ssgwc0p9v125c
                                                          1.512000  
U1600                     STQ_EO2_S_0P5   um28nchllogl35hsl140f_ssgwc0p9v125c
                                                          1.512000  
U1601                     STQ_EO2_S_0P5   um28nchllogl35hsl140f_ssgwc0p9v125c
                                                          1.512000  
U1602                     STQ_EO3_0P5     um28nchllogl35hsl140f_ssgwc0p9v125c
                                                          1.512000  
U1603                     STQ_EO3_0P5     um28nchllogl35hsl140f_ssgwc0p9v125c
                                                          1.512000  
U1604                     STQ_INV_S_0P65  um28nchllogl35hsl140f_ssgwc0p9v125c
                                                          0.336000  
U1605                     STQ_EO2_S_0P5   um28nchllogl35hsl140f_ssgwc0p9v125c
                                                          1.512000  
U1606                     STQ_EO2_S_0P5   um28nchllogl35hsl140f_ssgwc0p9v125c
                                                          1.512000  
U1607                     STQ_EO2_S_0P5   um28nchllogl35hsl140f_ssgwc0p9v125c
                                                          1.512000  
U1608                     STQ_EO2_S_0P5   um28nchllogl35hsl140f_ssgwc0p9v125c
                                                          1.512000  
U1609                     STQ_EO2_S_0P5   um28nchllogl35hsl140f_ssgwc0p9v125c
                                                          1.512000  
U1610                     STQ_EO2_S_0P5   um28nchllogl35hsl140f_ssgwc0p9v125c
                                                          1.512000  
U1611                     STQ_EO2_S_0P5   um28nchllogl35hsl140f_ssgwc0p9v125c
                                                          1.512000  
U1612                     STQ_EO2_S_0P5   um28nchllogl35hsl140f_ssgwc0p9v125c
                                                          1.512000  
U1613                     STQ_EO2_S_0P5   um28nchllogl35hsl140f_ssgwc0p9v125c
                                                          1.512000  
U1614                     STQ_EO2_S_0P5   um28nchllogl35hsl140f_ssgwc0p9v125c
                                                          1.512000  
U1615                     STQ_EO2_S_0P5   um28nchllogl35hsl140f_ssgwc0p9v125c
                                                          1.512000  
U1616                     STQ_EO2_S_0P5   um28nchllogl35hsl140f_ssgwc0p9v125c
                                                          1.512000  
U1617                     STQ_EO2_S_0P5   um28nchllogl35hsl140f_ssgwc0p9v125c
                                                          1.512000  
U1618                     STQ_EO2_S_0P5   um28nchllogl35hsl140f_ssgwc0p9v125c
                                                          1.512000  
U1619                     STQ_EO2_S_0P5   um28nchllogl35hsl140f_ssgwc0p9v125c
                                                          1.512000  
U1620                     STQ_EO2_S_0P5   um28nchllogl35hsl140f_ssgwc0p9v125c
                                                          1.512000  
U1621                     STQ_EO2_S_0P5   um28nchllogl35hsl140f_ssgwc0p9v125c
                                                          1.512000  
U1622                     STQ_EO2_S_0P5   um28nchllogl35hsl140f_ssgwc0p9v125c
                                                          1.512000  
U1623                     STQ_EO2_S_0P5   um28nchllogl35hsl140f_ssgwc0p9v125c
                                                          1.512000  
U1624                     STQ_EO2_S_0P5   um28nchllogl35hsl140f_ssgwc0p9v125c
                                                          1.512000  
U1625                     STQ_EO2_S_0P5   um28nchllogl35hsl140f_ssgwc0p9v125c
                                                          1.512000  
U1626                     STQ_EO2_S_0P5   um28nchllogl35hsl140f_ssgwc0p9v125c
                                                          1.512000  
U1627                     STQ_EO2_S_0P5   um28nchllogl35hsl140f_ssgwc0p9v125c
                                                          1.512000  
U1628                     STQ_EO2_S_0P5   um28nchllogl35hsl140f_ssgwc0p9v125c
                                                          1.512000  
U1629                     STQ_EO2_S_0P5   um28nchllogl35hsl140f_ssgwc0p9v125c
                                                          1.512000  
U1630                     STQ_EO2_S_0P5   um28nchllogl35hsl140f_ssgwc0p9v125c
                                                          1.512000  
U1631                     STQ_EO2_S_0P5   um28nchllogl35hsl140f_ssgwc0p9v125c
                                                          1.512000  
U1632                     STQ_EO2_S_0P5   um28nchllogl35hsl140f_ssgwc0p9v125c
                                                          1.512000  
U1633                     STQ_EO3_0P5     um28nchllogl35hsl140f_ssgwc0p9v125c
                                                          1.512000  
U1634                     STQ_EO2_S_0P5   um28nchllogl35hsl140f_ssgwc0p9v125c
                                                          1.512000  
U1635                     STQ_EO2_S_0P5   um28nchllogl35hsl140f_ssgwc0p9v125c
                                                          1.512000  
U1636                     STQ_EO2_S_0P5   um28nchllogl35hsl140f_ssgwc0p9v125c
                                                          1.512000  
U1637                     STQ_EO2_S_0P5   um28nchllogl35hsl140f_ssgwc0p9v125c
                                                          1.512000  
U1638                     STQ_EO2_S_0P5   um28nchllogl35hsl140f_ssgwc0p9v125c
                                                          1.512000  
U1639                     STQ_EO2_S_0P5   um28nchllogl35hsl140f_ssgwc0p9v125c
                                                          1.512000  
U1640                     STQ_EO3_0P5     um28nchllogl35hsl140f_ssgwc0p9v125c
                                                          1.512000  
U1641                     STQ_EO3_0P5     um28nchllogl35hsl140f_ssgwc0p9v125c
                                                          1.512000  
U1642                     STQ_EO3_0P5     um28nchllogl35hsl140f_ssgwc0p9v125c
                                                          1.512000  
U1643                     STQ_EO3_0P5     um28nchllogl35hsl140f_ssgwc0p9v125c
                                                          1.512000  
U1644                     STQ_EO3_0P5     um28nchllogl35hsl140f_ssgwc0p9v125c
                                                          1.512000  
U1645                     STQ_EO2_S_2     um28nchllogl35hsl140f_ssgwc0p9v125c
                                                          1.512000  
U1646                     STQ_EO2_S_2     um28nchllogl35hsl140f_ssgwc0p9v125c
                                                          1.512000  
U1647                     STQ_EO2_S_2     um28nchllogl35hsl140f_ssgwc0p9v125c
                                                          1.512000  
U1648                     STQ_EO2_S_2     um28nchllogl35hsl140f_ssgwc0p9v125c
                                                          1.512000  
U1649                     STQ_EO2_S_2     um28nchllogl35hsl140f_ssgwc0p9v125c
                                                          1.512000  
U1650                     STQ_EO2_S_2     um28nchllogl35hsl140f_ssgwc0p9v125c
                                                          1.512000  
U1651                     STQ_EO2_S_2     um28nchllogl35hsl140f_ssgwc0p9v125c
                                                          1.512000  
U1652                     STQ_EO3_0P5     um28nchllogl35hsl140f_ssgwc0p9v125c
                                                          1.512000  
U1653                     STQ_EO2_S_2     um28nchllogl35hsl140f_ssgwc0p9v125c
                                                          1.512000  
U1654                     STQ_EO2_S_2     um28nchllogl35hsl140f_ssgwc0p9v125c
                                                          1.512000  
U1655                     STQ_EO2_S_2     um28nchllogl35hsl140f_ssgwc0p9v125c
                                                          1.512000  
U1656                     STQ_EO2_S_2     um28nchllogl35hsl140f_ssgwc0p9v125c
                                                          1.512000  
U1657                     STQ_EO2_S_2     um28nchllogl35hsl140f_ssgwc0p9v125c
                                                          1.512000  
U1658                     STQ_EO2_S_2     um28nchllogl35hsl140f_ssgwc0p9v125c
                                                          1.512000  
U1659                     STQ_EO2_S_2     um28nchllogl35hsl140f_ssgwc0p9v125c
                                                          1.512000  
U1660                     STQ_EO2_S_2     um28nchllogl35hsl140f_ssgwc0p9v125c
                                                          1.512000  
U1661                     STQ_EO2_S_2     um28nchllogl35hsl140f_ssgwc0p9v125c
                                                          1.512000  
U1662                     STQ_EO2_S_2     um28nchllogl35hsl140f_ssgwc0p9v125c
                                                          1.512000  
U1663                     STQ_EO2_S_2     um28nchllogl35hsl140f_ssgwc0p9v125c
                                                          1.512000  
U1664                     STQ_EO2_S_2     um28nchllogl35hsl140f_ssgwc0p9v125c
                                                          1.512000  
U1665                     STQ_EO3_0P5     um28nchllogl35hsl140f_ssgwc0p9v125c
                                                          1.512000  
U1666                     STQ_EO2_S_2     um28nchllogl35hsl140f_ssgwc0p9v125c
                                                          1.512000  
U1667                     STQ_EO2_S_2     um28nchllogl35hsl140f_ssgwc0p9v125c
                                                          1.512000  
U1668                     STQ_EO3_0P5     um28nchllogl35hsl140f_ssgwc0p9v125c
                                                          1.512000  
U1669                     STQ_EO2_S_2     um28nchllogl35hsl140f_ssgwc0p9v125c
                                                          1.512000  
U1670                     STQ_EO3_0P5     um28nchllogl35hsl140f_ssgwc0p9v125c
                                                          1.512000  
U1671                     STQ_EO2_S_2     um28nchllogl35hsl140f_ssgwc0p9v125c
                                                          1.512000  
U1672                     STQ_EO2_S_2     um28nchllogl35hsl140f_ssgwc0p9v125c
                                                          1.512000  
U1673                     STQ_EO2_S_2     um28nchllogl35hsl140f_ssgwc0p9v125c
                                                          1.512000  
U1674                     STQ_EO2_S_2     um28nchllogl35hsl140f_ssgwc0p9v125c
                                                          1.512000  
U1675                     STQ_EO2_S_2     um28nchllogl35hsl140f_ssgwc0p9v125c
                                                          1.512000  
U1676                     STQ_EO2_S_2     um28nchllogl35hsl140f_ssgwc0p9v125c
                                                          1.512000  
U1677                     STQ_EO2_S_2     um28nchllogl35hsl140f_ssgwc0p9v125c
                                                          1.512000  
U1678                     STQ_EO2_S_2     um28nchllogl35hsl140f_ssgwc0p9v125c
                                                          1.512000  
U1679                     STQ_EO2_S_2     um28nchllogl35hsl140f_ssgwc0p9v125c
                                                          1.512000  
U1680                     STQ_EO2_S_2     um28nchllogl35hsl140f_ssgwc0p9v125c
                                                          1.512000  
U1681                     STQ_EO2_S_2     um28nchllogl35hsl140f_ssgwc0p9v125c
                                                          1.512000  
U1682                     STQ_EO2_S_2     um28nchllogl35hsl140f_ssgwc0p9v125c
                                                          1.512000  
U1683                     STQ_EO2_S_2     um28nchllogl35hsl140f_ssgwc0p9v125c
                                                          1.512000  
U1684                     STQ_EN2_S_1     um28nchllogl35hsl140f_ssgwc0p9v125c
                                                          1.512000  
U1685                     STQ_EN2_S_1     um28nchllogl35hsl140f_ssgwc0p9v125c
                                                          1.512000  
U1686                     STQ_EO3_0P5     um28nchllogl35hsl140f_ssgwc0p9v125c
                                                          1.512000  
U1687                     STQ_EO2_S_2     um28nchllogl35hsl140f_ssgwc0p9v125c
                                                          1.512000  
U1688                     STQ_EO2_S_2     um28nchllogl35hsl140f_ssgwc0p9v125c
                                                          1.512000  
U1689                     STQ_EO2_S_2     um28nchllogl35hsl140f_ssgwc0p9v125c
                                                          1.512000  
U1690                     STQ_EO2_S_2     um28nchllogl35hsl140f_ssgwc0p9v125c
                                                          1.512000  
U1691                     STQ_EO2_S_2     um28nchllogl35hsl140f_ssgwc0p9v125c
                                                          1.512000  
U1692                     STQ_EO3_0P5     um28nchllogl35hsl140f_ssgwc0p9v125c
                                                          1.512000  
U1693                     STQ_EO2_S_2     um28nchllogl35hsl140f_ssgwc0p9v125c
                                                          1.512000  
U1694                     STQ_EO2_S_2     um28nchllogl35hsl140f_ssgwc0p9v125c
                                                          1.512000  
U1695                     STQ_EO2_S_2     um28nchllogl35hsl140f_ssgwc0p9v125c
                                                          1.512000  
U1696                     STQ_EO2_S_2     um28nchllogl35hsl140f_ssgwc0p9v125c
                                                          1.512000  
U1697                     STQ_EO3_0P5     um28nchllogl35hsl140f_ssgwc0p9v125c
                                                          1.512000  
U1698                     STQ_EO3_1       um28nchllogl35hsl140f_ssgwc0p9v125c
                                                          2.184000  
U1699                     STQ_EO2_S_2     um28nchllogl35hsl140f_ssgwc0p9v125c
                                                          1.512000  
U1700                     STQ_EO2_S_2     um28nchllogl35hsl140f_ssgwc0p9v125c
                                                          1.512000  
U1701                     STQ_EO2_S_2     um28nchllogl35hsl140f_ssgwc0p9v125c
                                                          1.512000  
U1702                     STQ_EO2_S_2     um28nchllogl35hsl140f_ssgwc0p9v125c
                                                          1.512000  
U1703                     STQ_EO2_S_2     um28nchllogl35hsl140f_ssgwc0p9v125c
                                                          1.512000  
U1704                     STQ_EO2_S_2     um28nchllogl35hsl140f_ssgwc0p9v125c
                                                          1.512000  
U1705                     STQ_EO2_S_2     um28nchllogl35hsl140f_ssgwc0p9v125c
                                                          1.512000  
U1706                     STQ_EO2_S_2     um28nchllogl35hsl140f_ssgwc0p9v125c
                                                          1.512000  
U1707                     STQ_EO2_S_2     um28nchllogl35hsl140f_ssgwc0p9v125c
                                                          1.512000  
U1708                     STQ_EO2_S_2     um28nchllogl35hsl140f_ssgwc0p9v125c
                                                          1.512000  
U1709                     STQ_EO2_S_2     um28nchllogl35hsl140f_ssgwc0p9v125c
                                                          1.512000  
U1710                     STQ_EO2_S_2     um28nchllogl35hsl140f_ssgwc0p9v125c
                                                          1.512000  
U1711                     STQ_EO2_S_2     um28nchllogl35hsl140f_ssgwc0p9v125c
                                                          1.512000  
U1712                     STQ_EO2_S_2     um28nchllogl35hsl140f_ssgwc0p9v125c
                                                          1.512000  
U1713                     STQ_EO3_0P5     um28nchllogl35hsl140f_ssgwc0p9v125c
                                                          1.512000  
U1714                     STQ_EO2_S_2     um28nchllogl35hsl140f_ssgwc0p9v125c
                                                          1.512000  
U1715                     STQ_EO2_S_2     um28nchllogl35hsl140f_ssgwc0p9v125c
                                                          1.512000  
U1716                     STQ_EO2_S_2     um28nchllogl35hsl140f_ssgwc0p9v125c
                                                          1.512000  
U1717                     STQ_EO2_S_2     um28nchllogl35hsl140f_ssgwc0p9v125c
                                                          1.512000  
U1718                     STQ_EO3_0P5     um28nchllogl35hsl140f_ssgwc0p9v125c
                                                          1.512000  
U1719                     STQ_EO2_S_2     um28nchllogl35hsl140f_ssgwc0p9v125c
                                                          1.512000  
U1720                     STQ_EO2_S_2     um28nchllogl35hsl140f_ssgwc0p9v125c
                                                          1.512000  
U1721                     STQ_EO2_S_2     um28nchllogl35hsl140f_ssgwc0p9v125c
                                                          1.512000  
U1722                     STQ_EO2_S_2     um28nchllogl35hsl140f_ssgwc0p9v125c
                                                          1.512000  
U1723                     STQ_EO2_S_2     um28nchllogl35hsl140f_ssgwc0p9v125c
                                                          1.512000  
U1724                     STQ_EO3_0P5     um28nchllogl35hsl140f_ssgwc0p9v125c
                                                          1.512000  
U1725                     STQ_EO2_S_2     um28nchllogl35hsl140f_ssgwc0p9v125c
                                                          1.512000  
U1726                     STQ_EO2_S_2     um28nchllogl35hsl140f_ssgwc0p9v125c
                                                          1.512000  
U1727                     STQ_EO3_0P5     um28nchllogl35hsl140f_ssgwc0p9v125c
                                                          1.512000  
U1728                     STQ_EO2_S_2     um28nchllogl35hsl140f_ssgwc0p9v125c
                                                          1.512000  
U1729                     STQ_EO2_S_2     um28nchllogl35hsl140f_ssgwc0p9v125c
                                                          1.512000  
U1730                     STQ_EO2_S_2     um28nchllogl35hsl140f_ssgwc0p9v125c
                                                          1.512000  
U1731                     STQ_EO2_S_2     um28nchllogl35hsl140f_ssgwc0p9v125c
                                                          1.512000  
U1732                     STQ_EO2_S_2     um28nchllogl35hsl140f_ssgwc0p9v125c
                                                          1.512000  
U1733                     STQ_EO3_0P5     um28nchllogl35hsl140f_ssgwc0p9v125c
                                                          1.512000  
U1734                     STQ_EO3_0P5     um28nchllogl35hsl140f_ssgwc0p9v125c
                                                          1.512000  
U1735                     STQ_EO2_S_2     um28nchllogl35hsl140f_ssgwc0p9v125c
                                                          1.512000  
U1736                     STQ_EO2_S_2     um28nchllogl35hsl140f_ssgwc0p9v125c
                                                          1.512000  
U1737                     STQ_EO2_S_2     um28nchllogl35hsl140f_ssgwc0p9v125c
                                                          1.512000  
U1738                     STQ_EO2_S_2     um28nchllogl35hsl140f_ssgwc0p9v125c
                                                          1.512000  
U1739                     STQ_EO2_S_2     um28nchllogl35hsl140f_ssgwc0p9v125c
                                                          1.512000  
U1740                     STQ_EO2_S_2     um28nchllogl35hsl140f_ssgwc0p9v125c
                                                          1.512000  
U1741                     STQ_EO2_S_2     um28nchllogl35hsl140f_ssgwc0p9v125c
                                                          1.512000  
U1742                     STQ_EO2_S_2     um28nchllogl35hsl140f_ssgwc0p9v125c
                                                          1.512000  
U1743                     STQ_EO2_S_2     um28nchllogl35hsl140f_ssgwc0p9v125c
                                                          1.512000  
U1744                     STQ_EO2_S_2     um28nchllogl35hsl140f_ssgwc0p9v125c
                                                          1.512000  
U1745                     STQ_EO2_S_2     um28nchllogl35hsl140f_ssgwc0p9v125c
                                                          1.512000  
U1746                     STQ_EO2_S_2     um28nchllogl35hsl140f_ssgwc0p9v125c
                                                          1.512000  
U1747                     STQ_EO2_S_2     um28nchllogl35hsl140f_ssgwc0p9v125c
                                                          1.512000  
U1748                     STQ_EO2_S_2     um28nchllogl35hsl140f_ssgwc0p9v125c
                                                          1.512000  
U1749                     STQ_EO2_S_2     um28nchllogl35hsl140f_ssgwc0p9v125c
                                                          1.512000  
U1750                     STQ_EO2_S_2     um28nchllogl35hsl140f_ssgwc0p9v125c
                                                          1.512000  
U1751                     STQ_EO2_S_2     um28nchllogl35hsl140f_ssgwc0p9v125c
                                                          1.512000  
U1752                     STQ_EO2_S_2     um28nchllogl35hsl140f_ssgwc0p9v125c
                                                          1.512000  
U1753                     STQ_EO3_0P5     um28nchllogl35hsl140f_ssgwc0p9v125c
                                                          1.512000  
U1754                     STQ_EN3_1       um28nchllogl35hsl140f_ssgwc0p9v125c
                                                          2.184000  
U1755                     STQ_EO2_S_2     um28nchllogl35hsl140f_ssgwc0p9v125c
                                                          1.512000  
U1756                     STQ_EO2_S_2     um28nchllogl35hsl140f_ssgwc0p9v125c
                                                          1.512000  
U1757                     STQ_EO2_S_2     um28nchllogl35hsl140f_ssgwc0p9v125c
                                                          1.512000  
U1758                     STQ_EO2_S_2     um28nchllogl35hsl140f_ssgwc0p9v125c
                                                          1.512000  
U1759                     STQ_EO2_S_2     um28nchllogl35hsl140f_ssgwc0p9v125c
                                                          1.512000  
U1760                     STQ_EO2_S_2     um28nchllogl35hsl140f_ssgwc0p9v125c
                                                          1.512000  
U1761                     STQ_EO2_S_2     um28nchllogl35hsl140f_ssgwc0p9v125c
                                                          1.512000  
U1762                     STQ_EO2_S_2     um28nchllogl35hsl140f_ssgwc0p9v125c
                                                          1.512000  
U1763                     STQ_EO2_S_2     um28nchllogl35hsl140f_ssgwc0p9v125c
                                                          1.512000  
U1764                     STQ_EO2_S_2     um28nchllogl35hsl140f_ssgwc0p9v125c
                                                          1.512000  
U1765                     STQ_EO2_S_2     um28nchllogl35hsl140f_ssgwc0p9v125c
                                                          1.512000  
U1766                     STQ_EO2_S_2     um28nchllogl35hsl140f_ssgwc0p9v125c
                                                          1.512000  
U1767                     STQ_EO2_S_2     um28nchllogl35hsl140f_ssgwc0p9v125c
                                                          1.512000  
U1768                     STQ_EO2_S_0P5   um28nchllogl35hsl140f_ssgwc0p9v125c
                                                          1.512000  
U1769                     STQ_EO3_0P5     um28nchllogl35hsl140f_ssgwc0p9v125c
                                                          1.512000  
U1770                     STQ_EO2_S_2     um28nchllogl35hsl140f_ssgwc0p9v125c
                                                          1.512000  
U1771                     STQ_EO2_S_2     um28nchllogl35hsl140f_ssgwc0p9v125c
                                                          1.512000  
U1772                     STQ_EO3_0P5     um28nchllogl35hsl140f_ssgwc0p9v125c
                                                          1.512000  
U1773                     STQ_EO3_0P5     um28nchllogl35hsl140f_ssgwc0p9v125c
                                                          1.512000  
U1774                     STQ_EO3_0P5     um28nchllogl35hsl140f_ssgwc0p9v125c
                                                          1.512000  
U1775                     STQ_EO3_0P5     um28nchllogl35hsl140f_ssgwc0p9v125c
                                                          1.512000  
U1776                     STQ_EO2_S_2     um28nchllogl35hsl140f_ssgwc0p9v125c
                                                          1.512000  
U1777                     STQ_EO2_S_2     um28nchllogl35hsl140f_ssgwc0p9v125c
                                                          1.512000  
U1778                     STQ_EO2_S_2     um28nchllogl35hsl140f_ssgwc0p9v125c
                                                          1.512000  
U1779                     STQ_EO2_S_2     um28nchllogl35hsl140f_ssgwc0p9v125c
                                                          1.512000  
U1780                     STQ_EO3_0P5     um28nchllogl35hsl140f_ssgwc0p9v125c
                                                          1.512000  
U1781                     STQ_EO2_S_2     um28nchllogl35hsl140f_ssgwc0p9v125c
                                                          1.512000  
U1782                     STQ_EO2_S_2     um28nchllogl35hsl140f_ssgwc0p9v125c
                                                          1.512000  
U1783                     STQ_EO2_S_2     um28nchllogl35hsl140f_ssgwc0p9v125c
                                                          1.512000  
U1784                     STQ_EO2_S_2     um28nchllogl35hsl140f_ssgwc0p9v125c
                                                          1.512000  
U1785                     STQ_EO2_S_2     um28nchllogl35hsl140f_ssgwc0p9v125c
                                                          1.512000  
U1786                     STQ_EO3_0P5     um28nchllogl35hsl140f_ssgwc0p9v125c
                                                          1.512000  
U1787                     STQ_EO3_0P5     um28nchllogl35hsl140f_ssgwc0p9v125c
                                                          1.512000  
U1788                     STQ_EO2_S_2     um28nchllogl35hsl140f_ssgwc0p9v125c
                                                          1.512000  
U1789                     STQ_EO2_S_2     um28nchllogl35hsl140f_ssgwc0p9v125c
                                                          1.512000  
U1790                     STQ_EO2_S_2     um28nchllogl35hsl140f_ssgwc0p9v125c
                                                          1.512000  
U1791                     STQ_EO3_0P5     um28nchllogl35hsl140f_ssgwc0p9v125c
                                                          1.512000  
U1792                     STQ_EO3_0P5     um28nchllogl35hsl140f_ssgwc0p9v125c
                                                          1.512000  
U1793                     STQ_EO3_0P5     um28nchllogl35hsl140f_ssgwc0p9v125c
                                                          1.512000  
U1794                     STQ_EO2_S_2     um28nchllogl35hsl140f_ssgwc0p9v125c
                                                          1.512000  
U1795                     STQ_EO2_S_2     um28nchllogl35hsl140f_ssgwc0p9v125c
                                                          1.512000  
U1796                     STQ_EO2_S_2     um28nchllogl35hsl140f_ssgwc0p9v125c
                                                          1.512000  
U1797                     STQ_EO2_S_2     um28nchllogl35hsl140f_ssgwc0p9v125c
                                                          1.512000  
U1798                     STQ_EO2_S_2     um28nchllogl35hsl140f_ssgwc0p9v125c
                                                          1.512000  
U1799                     STQ_EO2_S_2     um28nchllogl35hsl140f_ssgwc0p9v125c
                                                          1.512000  
U1800                     STQ_EO2_S_2     um28nchllogl35hsl140f_ssgwc0p9v125c
                                                          1.512000  
U1801                     STQ_EO3_0P5     um28nchllogl35hsl140f_ssgwc0p9v125c
                                                          1.512000  
U1802                     STQ_EO2_S_2     um28nchllogl35hsl140f_ssgwc0p9v125c
                                                          1.512000  
U1803                     STQ_EO2_S_2     um28nchllogl35hsl140f_ssgwc0p9v125c
                                                          1.512000  
U1804                     STQ_EO2_S_2     um28nchllogl35hsl140f_ssgwc0p9v125c
                                                          1.512000  
U1805                     STQ_EO2_S_2     um28nchllogl35hsl140f_ssgwc0p9v125c
                                                          1.512000  
U1806                     STQ_EO2_S_2     um28nchllogl35hsl140f_ssgwc0p9v125c
                                                          1.512000  
U1807                     STQ_EO2_S_2     um28nchllogl35hsl140f_ssgwc0p9v125c
                                                          1.512000  
U1808                     STQ_EO2_S_2     um28nchllogl35hsl140f_ssgwc0p9v125c
                                                          1.512000  
U1809                     STQ_EO2_S_2     um28nchllogl35hsl140f_ssgwc0p9v125c
                                                          1.512000  
U1810                     STQ_EO2_S_2     um28nchllogl35hsl140f_ssgwc0p9v125c
                                                          1.512000  
U1811                     STQ_EO3_0P5     um28nchllogl35hsl140f_ssgwc0p9v125c
                                                          1.512000  
U1812                     STQ_EO2_S_2     um28nchllogl35hsl140f_ssgwc0p9v125c
                                                          1.512000  
U1813                     STQ_EO2_S_2     um28nchllogl35hsl140f_ssgwc0p9v125c
                                                          1.512000  
U1814                     STQ_EO2_S_2     um28nchllogl35hsl140f_ssgwc0p9v125c
                                                          1.512000  
U1815                     STQ_EO3_0P5     um28nchllogl35hsl140f_ssgwc0p9v125c
                                                          1.512000  
U1816                     STQ_EO2_S_2     um28nchllogl35hsl140f_ssgwc0p9v125c
                                                          1.512000  
U1817                     STQ_EO2_S_2     um28nchllogl35hsl140f_ssgwc0p9v125c
                                                          1.512000  
U1818                     STQ_EO2_S_2     um28nchllogl35hsl140f_ssgwc0p9v125c
                                                          1.512000  
U1819                     STQ_EO3_0P5     um28nchllogl35hsl140f_ssgwc0p9v125c
                                                          1.512000  
U1820                     STQ_EO3_0P5     um28nchllogl35hsl140f_ssgwc0p9v125c
                                                          1.512000  
U1821                     STQ_EO2_S_2     um28nchllogl35hsl140f_ssgwc0p9v125c
                                                          1.512000  
U1822                     STQ_EO2_S_2     um28nchllogl35hsl140f_ssgwc0p9v125c
                                                          1.512000  
U1823                     STQ_EO2_S_2     um28nchllogl35hsl140f_ssgwc0p9v125c
                                                          1.512000  
U1824                     STQ_EO3_0P5     um28nchllogl35hsl140f_ssgwc0p9v125c
                                                          1.512000  
U1825                     STQ_EO3_0P5     um28nchllogl35hsl140f_ssgwc0p9v125c
                                                          1.512000  
U1826                     STQ_EO2_S_0P5   um28nchllogl35hsl140f_ssgwc0p9v125c
                                                          1.512000  
U1827                     STQ_EO2_S_2     um28nchllogl35hsl140f_ssgwc0p9v125c
                                                          1.512000  
U1828                     STQ_EO2_S_2     um28nchllogl35hsl140f_ssgwc0p9v125c
                                                          1.512000  
U1829                     STQ_EO2_S_2     um28nchllogl35hsl140f_ssgwc0p9v125c
                                                          1.512000  
U1830                     STQ_EO3_0P5     um28nchllogl35hsl140f_ssgwc0p9v125c
                                                          1.512000  
U1831                     STQ_EO2_S_2     um28nchllogl35hsl140f_ssgwc0p9v125c
                                                          1.512000  
U1832                     STQ_EO2_S_2     um28nchllogl35hsl140f_ssgwc0p9v125c
                                                          1.512000  
U1833                     STQ_EO2_S_2     um28nchllogl35hsl140f_ssgwc0p9v125c
                                                          1.512000  
U1834                     STQ_EO2_S_2     um28nchllogl35hsl140f_ssgwc0p9v125c
                                                          1.512000  
U1835                     STQ_EO2_S_2     um28nchllogl35hsl140f_ssgwc0p9v125c
                                                          1.512000  
U1836                     STQ_EO2_S_2     um28nchllogl35hsl140f_ssgwc0p9v125c
                                                          1.512000  
U1837                     STQ_EO2_S_2     um28nchllogl35hsl140f_ssgwc0p9v125c
                                                          1.512000  
U1838                     STQ_EO2_S_0P5   um28nchllogl35hsl140f_ssgwc0p9v125c
                                                          1.512000  
U1839                     STQ_EO2_S_2     um28nchllogl35hsl140f_ssgwc0p9v125c
                                                          1.512000  
U1840                     STQ_EO2_S_2     um28nchllogl35hsl140f_ssgwc0p9v125c
                                                          1.512000  
U1841                     STQ_EO2_S_2     um28nchllogl35hsl140f_ssgwc0p9v125c
                                                          1.512000  
U1842                     STQ_EO3_0P5     um28nchllogl35hsl140f_ssgwc0p9v125c
                                                          1.512000  
U1843                     STQ_EO2_S_2     um28nchllogl35hsl140f_ssgwc0p9v125c
                                                          1.512000  
U1844                     STQ_EO2_S_2     um28nchllogl35hsl140f_ssgwc0p9v125c
                                                          1.512000  
U1845                     STQ_EO2_S_2     um28nchllogl35hsl140f_ssgwc0p9v125c
                                                          1.512000  
U1846                     STQ_EO2_S_2     um28nchllogl35hsl140f_ssgwc0p9v125c
                                                          1.512000  
U1847                     STQ_EO3_0P5     um28nchllogl35hsl140f_ssgwc0p9v125c
                                                          1.512000  
U1848                     STQ_EO2_S_2     um28nchllogl35hsl140f_ssgwc0p9v125c
                                                          1.512000  
U1849                     STQ_EO3_0P5     um28nchllogl35hsl140f_ssgwc0p9v125c
                                                          1.512000  
U1850                     STQ_EO2_S_2     um28nchllogl35hsl140f_ssgwc0p9v125c
                                                          1.512000  
U1851                     STQ_EO2_S_2     um28nchllogl35hsl140f_ssgwc0p9v125c
                                                          1.512000  
U1852                     STQ_EO2_S_2     um28nchllogl35hsl140f_ssgwc0p9v125c
                                                          1.512000  
U1853                     STQ_EO2_S_2     um28nchllogl35hsl140f_ssgwc0p9v125c
                                                          1.512000  
U1854                     STQ_EO3_0P5     um28nchllogl35hsl140f_ssgwc0p9v125c
                                                          1.512000  
U1855                     STQ_EO2_S_2     um28nchllogl35hsl140f_ssgwc0p9v125c
                                                          1.512000  
U1856                     STQ_EO2_S_2     um28nchllogl35hsl140f_ssgwc0p9v125c
                                                          1.512000  
U1857                     STQ_EO2_S_2     um28nchllogl35hsl140f_ssgwc0p9v125c
                                                          1.512000  
U1858                     STQ_EO2_S_2     um28nchllogl35hsl140f_ssgwc0p9v125c
                                                          1.512000  
U1859                     STQ_EO3_0P5     um28nchllogl35hsl140f_ssgwc0p9v125c
                                                          1.512000  
U1860                     STQ_EO2_S_2     um28nchllogl35hsl140f_ssgwc0p9v125c
                                                          1.512000  
U1861                     STQ_EO2_S_2     um28nchllogl35hsl140f_ssgwc0p9v125c
                                                          1.512000  
U1862                     STQ_EO2_S_2     um28nchllogl35hsl140f_ssgwc0p9v125c
                                                          1.512000  
U1863                     STQ_EO2_S_0P5   um28nchllogl35hsl140f_ssgwc0p9v125c
                                                          1.512000  
U1864                     STQ_EO3_0P5     um28nchllogl35hsl140f_ssgwc0p9v125c
                                                          1.512000  
U1865                     STQ_EO2_S_2     um28nchllogl35hsl140f_ssgwc0p9v125c
                                                          1.512000  
U1866                     STQ_EO3_0P5     um28nchllogl35hsl140f_ssgwc0p9v125c
                                                          1.512000  
U1867                     STQ_EO2_S_2     um28nchllogl35hsl140f_ssgwc0p9v125c
                                                          1.512000  
U1868                     STQ_EO3_0P5     um28nchllogl35hsl140f_ssgwc0p9v125c
                                                          1.512000  
U1869                     STQ_EO2_S_2     um28nchllogl35hsl140f_ssgwc0p9v125c
                                                          1.512000  
U1870                     STQ_EO3_1       um28nchllogl35hsl140f_ssgwc0p9v125c
                                                          2.184000  
U1871                     STQ_EO3_1       um28nchllogl35hsl140f_ssgwc0p9v125c
                                                          2.184000  
U1872                     STQ_EO3_2       um28nchllogl35hsl140f_ssgwc0p9v125c
                                                          2.688000  
U1873                     STQ_EO2_S_2     um28nchllogl35hsl140f_ssgwc0p9v125c
                                                          1.512000  
U1874                     STQ_EO2_S_2     um28nchllogl35hsl140f_ssgwc0p9v125c
                                                          1.512000  
U1875                     STQ_EO2_S_2     um28nchllogl35hsl140f_ssgwc0p9v125c
                                                          1.512000  
U1876                     STQ_EO2_S_2     um28nchllogl35hsl140f_ssgwc0p9v125c
                                                          1.512000  
U1877                     STQ_EO2_S_2     um28nchllogl35hsl140f_ssgwc0p9v125c
                                                          1.512000  
U1878                     STQ_EO2_S_2     um28nchllogl35hsl140f_ssgwc0p9v125c
                                                          1.512000  
U1879                     STQ_EO2_S_2     um28nchllogl35hsl140f_ssgwc0p9v125c
                                                          1.512000  
U1880                     STQ_EO2_S_2     um28nchllogl35hsl140f_ssgwc0p9v125c
                                                          1.512000  
U1881                     STQ_EO2_S_2     um28nchllogl35hsl140f_ssgwc0p9v125c
                                                          1.512000  
U1882                     STQ_EO2_S_2     um28nchllogl35hsl140f_ssgwc0p9v125c
                                                          1.512000  
U1883                     STQ_EO2_S_2     um28nchllogl35hsl140f_ssgwc0p9v125c
                                                          1.512000  
U1884                     STQ_EO2_S_2     um28nchllogl35hsl140f_ssgwc0p9v125c
                                                          1.512000  
U1885                     STQ_EO2_S_2     um28nchllogl35hsl140f_ssgwc0p9v125c
                                                          1.512000  
U1886                     STQ_EO2_S_2     um28nchllogl35hsl140f_ssgwc0p9v125c
                                                          1.512000  
U1887                     STQ_EO2_S_2     um28nchllogl35hsl140f_ssgwc0p9v125c
                                                          1.512000  
U1888                     STQ_EO2_S_2     um28nchllogl35hsl140f_ssgwc0p9v125c
                                                          1.512000  
U1889                     STQ_EO2_S_2     um28nchllogl35hsl140f_ssgwc0p9v125c
                                                          1.512000  
U1890                     STQ_EO2_S_2     um28nchllogl35hsl140f_ssgwc0p9v125c
                                                          1.512000  
U1891                     STQ_EO3_0P5     um28nchllogl35hsl140f_ssgwc0p9v125c
                                                          1.512000  
U1892                     STQ_EO3_0P5     um28nchllogl35hsl140f_ssgwc0p9v125c
                                                          1.512000  
U1893                     STQ_EO2_S_0P5   um28nchllogl35hsl140f_ssgwc0p9v125c
                                                          1.512000  
U1894                     STQ_EO2_S_2     um28nchllogl35hsl140f_ssgwc0p9v125c
                                                          1.512000  
U1895                     STQ_EO2_S_2     um28nchllogl35hsl140f_ssgwc0p9v125c
                                                          1.512000  
U1896                     STQ_EO2_S_2     um28nchllogl35hsl140f_ssgwc0p9v125c
                                                          1.512000  
U1897                     STQ_EO2_S_2     um28nchllogl35hsl140f_ssgwc0p9v125c
                                                          1.512000  
U1898                     STQ_EO2_S_2     um28nchllogl35hsl140f_ssgwc0p9v125c
                                                          1.512000  
U1899                     STQ_EO2_S_2     um28nchllogl35hsl140f_ssgwc0p9v125c
                                                          1.512000  
U1900                     STQ_EO3_0P5     um28nchllogl35hsl140f_ssgwc0p9v125c
                                                          1.512000  
U1901                     STQ_EO3_0P5     um28nchllogl35hsl140f_ssgwc0p9v125c
                                                          1.512000  
U1902                     STQ_EO2_S_2     um28nchllogl35hsl140f_ssgwc0p9v125c
                                                          1.512000  
U1903                     STQ_OA2BB2_1    um28nchllogl35hsl140f_ssgwc0p9v125c
                                                          1.008000  
U1904                     STQ_EO3_0P5     um28nchllogl35hsl140f_ssgwc0p9v125c
                                                          1.512000  
U1905                     STQ_EO2_S_2     um28nchllogl35hsl140f_ssgwc0p9v125c
                                                          1.512000  
U1906                     STQ_EO2_S_2     um28nchllogl35hsl140f_ssgwc0p9v125c
                                                          1.512000  
U1907                     STQ_EO2_S_2     um28nchllogl35hsl140f_ssgwc0p9v125c
                                                          1.512000  
U1908                     STQ_AO2BB2_1    um28nchllogl35hsl140f_ssgwc0p9v125c
                                                          1.008000  
U1909                     STQ_AO2BB2_0P5  um28nchllogl35hsl140f_ssgwc0p9v125c
                                                          1.008000  
U1910                     STQ_EO3_0P5     um28nchllogl35hsl140f_ssgwc0p9v125c
                                                          1.512000  
U1911                     STQ_EO3_0P5     um28nchllogl35hsl140f_ssgwc0p9v125c
                                                          1.512000  
U1912                     STQ_EN3_1       um28nchllogl35hsl140f_ssgwc0p9v125c
                                                          2.184000  
U1913                     STQ_EO2_S_2     um28nchllogl35hsl140f_ssgwc0p9v125c
                                                          1.512000  
U1914                     STQ_EO2_S_2     um28nchllogl35hsl140f_ssgwc0p9v125c
                                                          1.512000  
U1915                     STQ_EO3_0P5     um28nchllogl35hsl140f_ssgwc0p9v125c
                                                          1.512000  
U1916                     STQ_EO2_S_2     um28nchllogl35hsl140f_ssgwc0p9v125c
                                                          1.512000  
U1917                     STQ_EO3_0P5     um28nchllogl35hsl140f_ssgwc0p9v125c
                                                          1.512000  
U1918                     STQ_EO3_0P5     um28nchllogl35hsl140f_ssgwc0p9v125c
                                                          1.512000  
U1919                     STQ_EO2_S_2     um28nchllogl35hsl140f_ssgwc0p9v125c
                                                          1.512000  
U1920                     STQ_EO2_S_2     um28nchllogl35hsl140f_ssgwc0p9v125c
                                                          1.512000  
U1921                     STQ_EO3_1       um28nchllogl35hsl140f_ssgwc0p9v125c
                                                          2.184000  
U1922                     STQ_EO2_S_2     um28nchllogl35hsl140f_ssgwc0p9v125c
                                                          1.512000  
U1923                     STQ_EO2_S_2     um28nchllogl35hsl140f_ssgwc0p9v125c
                                                          1.512000  
U1924                     STQ_EO2_S_2     um28nchllogl35hsl140f_ssgwc0p9v125c
                                                          1.512000  
U1925                     STQ_EO2_S_2     um28nchllogl35hsl140f_ssgwc0p9v125c
                                                          1.512000  
U1926                     STQ_EO3_0P5     um28nchllogl35hsl140f_ssgwc0p9v125c
                                                          1.512000  
U1927                     STQ_EO3_0P5     um28nchllogl35hsl140f_ssgwc0p9v125c
                                                          1.512000  
U1928                     STQ_EO2_S_2     um28nchllogl35hsl140f_ssgwc0p9v125c
                                                          1.512000  
U1929                     STQ_EO2_S_2     um28nchllogl35hsl140f_ssgwc0p9v125c
                                                          1.512000  
U1930                     STQ_EO2_S_2     um28nchllogl35hsl140f_ssgwc0p9v125c
                                                          1.512000  
U1931                     STQ_EO2_S_2     um28nchllogl35hsl140f_ssgwc0p9v125c
                                                          1.512000  
U1932                     STQ_EO2_S_2     um28nchllogl35hsl140f_ssgwc0p9v125c
                                                          1.512000  
U1933                     STQ_EO2_S_2     um28nchllogl35hsl140f_ssgwc0p9v125c
                                                          1.512000  
U1934                     STQ_EO2_1       um28nchllogl35hsl140f_ssgwc0p9v125c
                                                          1.512000  
U1935                     STQ_EO3_0P5     um28nchllogl35hsl140f_ssgwc0p9v125c
                                                          1.512000  
U1936                     STQ_EO2_S_2     um28nchllogl35hsl140f_ssgwc0p9v125c
                                                          1.512000  
U1937                     STQ_EO2_S_2     um28nchllogl35hsl140f_ssgwc0p9v125c
                                                          1.512000  
U1938                     STQ_EO3_0P5     um28nchllogl35hsl140f_ssgwc0p9v125c
                                                          1.512000  
U1939                     STQ_EO3_0P5     um28nchllogl35hsl140f_ssgwc0p9v125c
                                                          1.512000  
U1940                     STQ_EO2_S_0P5   um28nchllogl35hsl140f_ssgwc0p9v125c
                                                          1.512000  
U1941                     STQ_EO2_S_2     um28nchllogl35hsl140f_ssgwc0p9v125c
                                                          1.512000  
U1942                     STQ_EO2_S_2     um28nchllogl35hsl140f_ssgwc0p9v125c
                                                          1.512000  
U1943                     STQ_EO3_0P5     um28nchllogl35hsl140f_ssgwc0p9v125c
                                                          1.512000  
U1944                     STQ_EO3_0P5     um28nchllogl35hsl140f_ssgwc0p9v125c
                                                          1.512000  
U1945                     STQ_EO3_0P5     um28nchllogl35hsl140f_ssgwc0p9v125c
                                                          1.512000  
U1946                     STQ_EO2_S_0P5   um28nchllogl35hsl140f_ssgwc0p9v125c
                                                          1.512000  
U1947                     STQ_EO3_0P5     um28nchllogl35hsl140f_ssgwc0p9v125c
                                                          1.512000  
U1948                     STQ_EO3_0P5     um28nchllogl35hsl140f_ssgwc0p9v125c
                                                          1.512000  
U1949                     STQ_EO2_S_2     um28nchllogl35hsl140f_ssgwc0p9v125c
                                                          1.512000  
U1950                     STQ_AO2BB2_1    um28nchllogl35hsl140f_ssgwc0p9v125c
                                                          1.008000  
U1951                     STQ_EO2_1       um28nchllogl35hsl140f_ssgwc0p9v125c
                                                          1.512000  
U1952                     STQ_EO3_0P5     um28nchllogl35hsl140f_ssgwc0p9v125c
                                                          1.512000  
U1953                     STQ_EO3_0P5     um28nchllogl35hsl140f_ssgwc0p9v125c
                                                          1.512000  
U1954                     STQ_EO2_S_2     um28nchllogl35hsl140f_ssgwc0p9v125c
                                                          1.512000  
U1955                     STQ_EO2_S_2     um28nchllogl35hsl140f_ssgwc0p9v125c
                                                          1.512000  
U1956                     STQ_EO2_S_2     um28nchllogl35hsl140f_ssgwc0p9v125c
                                                          1.512000  
U1957                     STQ_EO2_S_2     um28nchllogl35hsl140f_ssgwc0p9v125c
                                                          1.512000  
U1958                     STQ_EO3_0P5     um28nchllogl35hsl140f_ssgwc0p9v125c
                                                          1.512000  
U1959                     STQ_EO2_S_2     um28nchllogl35hsl140f_ssgwc0p9v125c
                                                          1.512000  
U1960                     STQ_EO2_S_2     um28nchllogl35hsl140f_ssgwc0p9v125c
                                                          1.512000  
U1961                     STQ_EO2_S_2     um28nchllogl35hsl140f_ssgwc0p9v125c
                                                          1.512000  
U1962                     STQ_EO2_S_2     um28nchllogl35hsl140f_ssgwc0p9v125c
                                                          1.512000  
U1963                     STQ_EO3_0P5     um28nchllogl35hsl140f_ssgwc0p9v125c
                                                          1.512000  
U1964                     STQ_EO3_0P5     um28nchllogl35hsl140f_ssgwc0p9v125c
                                                          1.512000  
U1965                     STQ_EO2_S_2     um28nchllogl35hsl140f_ssgwc0p9v125c
                                                          1.512000  
U1966                     STQ_EO2_S_2     um28nchllogl35hsl140f_ssgwc0p9v125c
                                                          1.512000  
U1967                     STQ_EO2_S_2     um28nchllogl35hsl140f_ssgwc0p9v125c
                                                          1.512000  
U1968                     STQ_EO2_S_2     um28nchllogl35hsl140f_ssgwc0p9v125c
                                                          1.512000  
U1969                     STQ_EO3_0P5     um28nchllogl35hsl140f_ssgwc0p9v125c
                                                          1.512000  
U1970                     STQ_EO3_0P5     um28nchllogl35hsl140f_ssgwc0p9v125c
                                                          1.512000  
U1971                     STQ_EO3_0P5     um28nchllogl35hsl140f_ssgwc0p9v125c
                                                          1.512000  
U1972                     STQ_EO2_S_2     um28nchllogl35hsl140f_ssgwc0p9v125c
                                                          1.512000  
U1973                     STQ_EO2_S_2     um28nchllogl35hsl140f_ssgwc0p9v125c
                                                          1.512000  
U1974                     STQ_EO3_0P5     um28nchllogl35hsl140f_ssgwc0p9v125c
                                                          1.512000  
U1975                     STQ_EO3_0P5     um28nchllogl35hsl140f_ssgwc0p9v125c
                                                          1.512000  
U1976                     STQ_EO2_S_2     um28nchllogl35hsl140f_ssgwc0p9v125c
                                                          1.512000  
U1977                     STQ_EO2_S_2     um28nchllogl35hsl140f_ssgwc0p9v125c
                                                          1.512000  
U1978                     STQ_EO3_0P5     um28nchllogl35hsl140f_ssgwc0p9v125c
                                                          1.512000  
U1979                     STQ_EO3_0P5     um28nchllogl35hsl140f_ssgwc0p9v125c
                                                          1.512000  
U1980                     STQ_EO2_S_0P5   um28nchllogl35hsl140f_ssgwc0p9v125c
                                                          1.512000  
U1981                     STQ_EO2_S_2     um28nchllogl35hsl140f_ssgwc0p9v125c
                                                          1.512000  
U1982                     STQ_EO2_S_2     um28nchllogl35hsl140f_ssgwc0p9v125c
                                                          1.512000  
U1983                     STQ_EO2_S_2     um28nchllogl35hsl140f_ssgwc0p9v125c
                                                          1.512000  
U1984                     STQ_EO2_S_2     um28nchllogl35hsl140f_ssgwc0p9v125c
                                                          1.512000  
U1985                     STQ_EO2_S_2     um28nchllogl35hsl140f_ssgwc0p9v125c
                                                          1.512000  
U1986                     STQ_EO2_S_2     um28nchllogl35hsl140f_ssgwc0p9v125c
                                                          1.512000  
U1987                     STQ_EO2_S_2     um28nchllogl35hsl140f_ssgwc0p9v125c
                                                          1.512000  
U1988                     STQ_EO3_0P5     um28nchllogl35hsl140f_ssgwc0p9v125c
                                                          1.512000  
U1989                     STQ_EO3_0P5     um28nchllogl35hsl140f_ssgwc0p9v125c
                                                          1.512000  
U1990                     STQ_EO3_0P5     um28nchllogl35hsl140f_ssgwc0p9v125c
                                                          1.512000  
U1991                     STQ_EO2_S_2     um28nchllogl35hsl140f_ssgwc0p9v125c
                                                          1.512000  
U1992                     STQ_EO2_S_2     um28nchllogl35hsl140f_ssgwc0p9v125c
                                                          1.512000  
U1993                     STQ_EO3_0P5     um28nchllogl35hsl140f_ssgwc0p9v125c
                                                          1.512000  
U1994                     STQ_EO2_S_2     um28nchllogl35hsl140f_ssgwc0p9v125c
                                                          1.512000  
U1995                     STQ_EO2_S_0P5   um28nchllogl35hsl140f_ssgwc0p9v125c
                                                          1.512000  
U1996                     STQ_EO3_0P5     um28nchllogl35hsl140f_ssgwc0p9v125c
                                                          1.512000  
U1997                     STQ_EO2_S_0P5   um28nchllogl35hsl140f_ssgwc0p9v125c
                                                          1.512000  
U1998                     STQ_EO3_0P5     um28nchllogl35hsl140f_ssgwc0p9v125c
                                                          1.512000  
U1999                     STQ_EO2_S_0P5   um28nchllogl35hsl140f_ssgwc0p9v125c
                                                          1.512000  
U2000                     STQ_EO3_0P5     um28nchllogl35hsl140f_ssgwc0p9v125c
                                                          1.512000  
U2001                     STQ_EO3_0P5     um28nchllogl35hsl140f_ssgwc0p9v125c
                                                          1.512000  
U2002                     STQ_EO3_0P5     um28nchllogl35hsl140f_ssgwc0p9v125c
                                                          1.512000  
U2003                     STQ_INV_S_1     um28nchllogl35hsl140f_ssgwc0p9v125c
                                                          0.336000  
U2004                     STQ_EO2_S_2     um28nchllogl35hsl140f_ssgwc0p9v125c
                                                          1.512000  
U2005                     STQ_EO2_S_2     um28nchllogl35hsl140f_ssgwc0p9v125c
                                                          1.512000  
U2006                     STQ_EO3_0P5     um28nchllogl35hsl140f_ssgwc0p9v125c
                                                          1.512000  
U2007                     STQ_EO2_S_2     um28nchllogl35hsl140f_ssgwc0p9v125c
                                                          1.512000  
U2008                     STQ_EO2_S_2     um28nchllogl35hsl140f_ssgwc0p9v125c
                                                          1.512000  
U2009                     STQ_EO3_0P5     um28nchllogl35hsl140f_ssgwc0p9v125c
                                                          1.512000  
U2010                     STQ_EO2_S_2     um28nchllogl35hsl140f_ssgwc0p9v125c
                                                          1.512000  
U2011                     STQ_EO2_S_2     um28nchllogl35hsl140f_ssgwc0p9v125c
                                                          1.512000  
U2012                     STQ_EO2_S_2     um28nchllogl35hsl140f_ssgwc0p9v125c
                                                          1.512000  
U2013                     STQ_EO2_S_2     um28nchllogl35hsl140f_ssgwc0p9v125c
                                                          1.512000  
U2014                     STQ_EO3_0P5     um28nchllogl35hsl140f_ssgwc0p9v125c
                                                          1.512000  
U2015                     STQ_EO2_S_2     um28nchllogl35hsl140f_ssgwc0p9v125c
                                                          1.512000  
U2016                     STQ_EO2_S_2     um28nchllogl35hsl140f_ssgwc0p9v125c
                                                          1.512000  
U2017                     STQ_EO2_S_2     um28nchllogl35hsl140f_ssgwc0p9v125c
                                                          1.512000  
U2018                     STQ_EO2_S_2     um28nchllogl35hsl140f_ssgwc0p9v125c
                                                          1.512000  
U2019                     STQ_EO2_S_2     um28nchllogl35hsl140f_ssgwc0p9v125c
                                                          1.512000  
U2020                     STQ_EO2_S_2     um28nchllogl35hsl140f_ssgwc0p9v125c
                                                          1.512000  
U2021                     STQ_EO2_S_2     um28nchllogl35hsl140f_ssgwc0p9v125c
                                                          1.512000  
U2022                     STQ_EO3_0P5     um28nchllogl35hsl140f_ssgwc0p9v125c
                                                          1.512000  
U2023                     STQ_EO2_S_0P5   um28nchllogl35hsl140f_ssgwc0p9v125c
                                                          1.512000  
U2024                     STQ_EO2_S_2     um28nchllogl35hsl140f_ssgwc0p9v125c
                                                          1.512000  
U2025                     STQ_EO2_S_2     um28nchllogl35hsl140f_ssgwc0p9v125c
                                                          1.512000  
U2026                     STQ_EO2_S_2     um28nchllogl35hsl140f_ssgwc0p9v125c
                                                          1.512000  
U2027                     STQ_EO3_0P5     um28nchllogl35hsl140f_ssgwc0p9v125c
                                                          1.512000  
U2028                     STQ_EO3_0P5     um28nchllogl35hsl140f_ssgwc0p9v125c
                                                          1.512000  
U2029                     STQ_EO2_S_2     um28nchllogl35hsl140f_ssgwc0p9v125c
                                                          1.512000  
U2030                     STQ_EO2_S_2     um28nchllogl35hsl140f_ssgwc0p9v125c
                                                          1.512000  
U2031                     STQ_EO2_S_2     um28nchllogl35hsl140f_ssgwc0p9v125c
                                                          1.512000  
U2032                     STQ_EO2_S_2     um28nchllogl35hsl140f_ssgwc0p9v125c
                                                          1.512000  
U2033                     STQ_EO2_S_2     um28nchllogl35hsl140f_ssgwc0p9v125c
                                                          1.512000  
U2034                     STQ_EO3_0P5     um28nchllogl35hsl140f_ssgwc0p9v125c
                                                          1.512000  
U2035                     STQ_EO2_S_2     um28nchllogl35hsl140f_ssgwc0p9v125c
                                                          1.512000  
U2036                     STQ_EO3_0P5     um28nchllogl35hsl140f_ssgwc0p9v125c
                                                          1.512000  
U2037                     STQ_EO3_0P5     um28nchllogl35hsl140f_ssgwc0p9v125c
                                                          1.512000  
U2038                     STQ_EO2_S_2     um28nchllogl35hsl140f_ssgwc0p9v125c
                                                          1.512000  
U2039                     STQ_EO2_S_2     um28nchllogl35hsl140f_ssgwc0p9v125c
                                                          1.512000  
U2040                     STQ_EO3_0P5     um28nchllogl35hsl140f_ssgwc0p9v125c
                                                          1.512000  
U2041                     STQ_EO2_S_2     um28nchllogl35hsl140f_ssgwc0p9v125c
                                                          1.512000  
U2042                     STQ_EO2_S_2     um28nchllogl35hsl140f_ssgwc0p9v125c
                                                          1.512000  
U2043                     STQ_EO3_0P5     um28nchllogl35hsl140f_ssgwc0p9v125c
                                                          1.512000  
U2044                     STQ_EO3_0P5     um28nchllogl35hsl140f_ssgwc0p9v125c
                                                          1.512000  
U2045                     STQ_EO2_S_2     um28nchllogl35hsl140f_ssgwc0p9v125c
                                                          1.512000  
U2046                     STQ_EO3_0P5     um28nchllogl35hsl140f_ssgwc0p9v125c
                                                          1.512000  
U2047                     STQ_EO3_0P5     um28nchllogl35hsl140f_ssgwc0p9v125c
                                                          1.512000  
U2048                     STQ_EO3_0P5     um28nchllogl35hsl140f_ssgwc0p9v125c
                                                          1.512000  
U2049                     STQ_EO2_S_2     um28nchllogl35hsl140f_ssgwc0p9v125c
                                                          1.512000  
U2050                     STQ_EO3_0P5     um28nchllogl35hsl140f_ssgwc0p9v125c
                                                          1.512000  
U2051                     STQ_EO3_0P5     um28nchllogl35hsl140f_ssgwc0p9v125c
                                                          1.512000  
U2052                     STQ_EO3_0P5     um28nchllogl35hsl140f_ssgwc0p9v125c
                                                          1.512000  
U2053                     STQ_EO3_0P5     um28nchllogl35hsl140f_ssgwc0p9v125c
                                                          1.512000  
U2054                     STQ_EO2_S_2     um28nchllogl35hsl140f_ssgwc0p9v125c
                                                          1.512000  
U2055                     STQ_EO2_S_2     um28nchllogl35hsl140f_ssgwc0p9v125c
                                                          1.512000  
U2056                     STQ_EO3_0P5     um28nchllogl35hsl140f_ssgwc0p9v125c
                                                          1.512000  
U2057                     STQ_EO2_S_2     um28nchllogl35hsl140f_ssgwc0p9v125c
                                                          1.512000  
U2058                     STQ_EO2_S_2     um28nchllogl35hsl140f_ssgwc0p9v125c
                                                          1.512000  
U2059                     STQ_EO3_0P5     um28nchllogl35hsl140f_ssgwc0p9v125c
                                                          1.512000  
U2060                     STQ_EO3_0P5     um28nchllogl35hsl140f_ssgwc0p9v125c
                                                          1.512000  
U2061                     STQ_EO2_S_2     um28nchllogl35hsl140f_ssgwc0p9v125c
                                                          1.512000  
U2062                     STQ_EO2_S_0P5   um28nchllogl35hsl140f_ssgwc0p9v125c
                                                          1.512000  
U2063                     STQ_EO3_0P5     um28nchllogl35hsl140f_ssgwc0p9v125c
                                                          1.512000  
U2064                     STQ_EO2_S_0P5   um28nchllogl35hsl140f_ssgwc0p9v125c
                                                          1.512000  
U2065                     STQ_EO3_0P5     um28nchllogl35hsl140f_ssgwc0p9v125c
                                                          1.512000  
U2066                     STQ_EO3_0P5     um28nchllogl35hsl140f_ssgwc0p9v125c
                                                          1.512000  
U2067                     STQ_EO3_0P5     um28nchllogl35hsl140f_ssgwc0p9v125c
                                                          1.512000  
U2068                     STQ_EO2_S_0P5   um28nchllogl35hsl140f_ssgwc0p9v125c
                                                          1.512000  
U2069                     STQ_EO3_0P5     um28nchllogl35hsl140f_ssgwc0p9v125c
                                                          1.512000  
U2070                     STQ_EO3_0P5     um28nchllogl35hsl140f_ssgwc0p9v125c
                                                          1.512000  
U2071                     STQ_EO3_0P5     um28nchllogl35hsl140f_ssgwc0p9v125c
                                                          1.512000  
U2072                     STQ_EO3_0P5     um28nchllogl35hsl140f_ssgwc0p9v125c
                                                          1.512000  
U2073                     STQ_EO2_S_2     um28nchllogl35hsl140f_ssgwc0p9v125c
                                                          1.512000  
U2074                     STQ_EO3_0P5     um28nchllogl35hsl140f_ssgwc0p9v125c
                                                          1.512000  
U2075                     STQ_EO3_0P5     um28nchllogl35hsl140f_ssgwc0p9v125c
                                                          1.512000  
U2076                     STQ_EO2_S_2     um28nchllogl35hsl140f_ssgwc0p9v125c
                                                          1.512000  
U2077                     STQ_EO3_0P5     um28nchllogl35hsl140f_ssgwc0p9v125c
                                                          1.512000  
U2078                     STQ_EO3_0P5     um28nchllogl35hsl140f_ssgwc0p9v125c
                                                          1.512000  
U2079                     STQ_EO3_0P5     um28nchllogl35hsl140f_ssgwc0p9v125c
                                                          1.512000  
U2080                     STQ_EO3_0P5     um28nchllogl35hsl140f_ssgwc0p9v125c
                                                          1.512000  
U2081                     STQ_EO3_0P5     um28nchllogl35hsl140f_ssgwc0p9v125c
                                                          1.512000  
U2082                     STQ_EO2_S_2     um28nchllogl35hsl140f_ssgwc0p9v125c
                                                          1.512000  
U2083                     STQ_EO2_S_2     um28nchllogl35hsl140f_ssgwc0p9v125c
                                                          1.512000  
U2084                     STQ_EO2_S_2     um28nchllogl35hsl140f_ssgwc0p9v125c
                                                          1.512000  
U2085                     STQ_EO3_0P5     um28nchllogl35hsl140f_ssgwc0p9v125c
                                                          1.512000  
U2086                     STQ_EO2_S_2     um28nchllogl35hsl140f_ssgwc0p9v125c
                                                          1.512000  
U2087                     STQ_EO3_0P5     um28nchllogl35hsl140f_ssgwc0p9v125c
                                                          1.512000  
U2088                     STQ_EO3_0P5     um28nchllogl35hsl140f_ssgwc0p9v125c
                                                          1.512000  
U2089                     STQ_EO3_0P5     um28nchllogl35hsl140f_ssgwc0p9v125c
                                                          1.512000  
U2090                     STQ_EO2_S_2     um28nchllogl35hsl140f_ssgwc0p9v125c
                                                          1.512000  
U2091                     STQ_EO3_0P5     um28nchllogl35hsl140f_ssgwc0p9v125c
                                                          1.512000  
U2092                     STQ_EO3_0P5     um28nchllogl35hsl140f_ssgwc0p9v125c
                                                          1.512000  
U2093                     STQ_EO3_0P5     um28nchllogl35hsl140f_ssgwc0p9v125c
                                                          1.512000  
U2094                     STQ_EO3_0P5     um28nchllogl35hsl140f_ssgwc0p9v125c
                                                          1.512000  
U2095                     STQ_EO3_0P5     um28nchllogl35hsl140f_ssgwc0p9v125c
                                                          1.512000  
U2096                     STQ_EO2_S_2     um28nchllogl35hsl140f_ssgwc0p9v125c
                                                          1.512000  
U2097                     STQ_EO2_S_2     um28nchllogl35hsl140f_ssgwc0p9v125c
                                                          1.512000  
U2098                     STQ_EO3_0P5     um28nchllogl35hsl140f_ssgwc0p9v125c
                                                          1.512000  
U2099                     STQ_EO3_0P5     um28nchllogl35hsl140f_ssgwc0p9v125c
                                                          1.512000  
U2100                     STQ_EO2_S_0P5   um28nchllogl35hsl140f_ssgwc0p9v125c
                                                          1.512000  
U2101                     STQ_EO3_0P5     um28nchllogl35hsl140f_ssgwc0p9v125c
                                                          1.512000  
U2102                     STQ_EO2_S_0P5   um28nchllogl35hsl140f_ssgwc0p9v125c
                                                          1.512000  
U2103                     STQ_EO3_0P5     um28nchllogl35hsl140f_ssgwc0p9v125c
                                                          1.512000  
U2104                     STQ_EO3_0P5     um28nchllogl35hsl140f_ssgwc0p9v125c
                                                          1.512000  
U2105                     STQ_EO2_S_2     um28nchllogl35hsl140f_ssgwc0p9v125c
                                                          1.512000  
U2106                     STQ_EO3_0P5     um28nchllogl35hsl140f_ssgwc0p9v125c
                                                          1.512000  
U2107                     STQ_EO3_0P5     um28nchllogl35hsl140f_ssgwc0p9v125c
                                                          1.512000  
U2108                     STQ_EO3_0P5     um28nchllogl35hsl140f_ssgwc0p9v125c
                                                          1.512000  
U2109                     STQ_EO3_0P5     um28nchllogl35hsl140f_ssgwc0p9v125c
                                                          1.512000  
U2110                     STQ_EO3_0P5     um28nchllogl35hsl140f_ssgwc0p9v125c
                                                          1.512000  
U2111                     STQ_EO2_S_2     um28nchllogl35hsl140f_ssgwc0p9v125c
                                                          1.512000  
U2112                     STQ_EO2_S_2     um28nchllogl35hsl140f_ssgwc0p9v125c
                                                          1.512000  
U2113                     STQ_EO2_S_2     um28nchllogl35hsl140f_ssgwc0p9v125c
                                                          1.512000  
U2114                     STQ_EO3_0P5     um28nchllogl35hsl140f_ssgwc0p9v125c
                                                          1.512000  
U2115                     STQ_EO3_0P5     um28nchllogl35hsl140f_ssgwc0p9v125c
                                                          1.512000  
U2116                     STQ_EO3_0P5     um28nchllogl35hsl140f_ssgwc0p9v125c
                                                          1.512000  
U2117                     STQ_EO3_0P5     um28nchllogl35hsl140f_ssgwc0p9v125c
                                                          1.512000  
U2118                     STQ_EO3_0P5     um28nchllogl35hsl140f_ssgwc0p9v125c
                                                          1.512000  
U2119                     STQ_EO3_0P5     um28nchllogl35hsl140f_ssgwc0p9v125c
                                                          1.512000  
U2120                     STQ_EO3_0P5     um28nchllogl35hsl140f_ssgwc0p9v125c
                                                          1.512000  
U2121                     STQ_EO2_S_2     um28nchllogl35hsl140f_ssgwc0p9v125c
                                                          1.512000  
U2122                     STQ_EO3_0P5     um28nchllogl35hsl140f_ssgwc0p9v125c
                                                          1.512000  
U2123                     STQ_EO3_0P5     um28nchllogl35hsl140f_ssgwc0p9v125c
                                                          1.512000  
U2124                     STQ_EO3_0P5     um28nchllogl35hsl140f_ssgwc0p9v125c
                                                          1.512000  
U2125                     STQ_EO3_0P5     um28nchllogl35hsl140f_ssgwc0p9v125c
                                                          1.512000  
U2126                     STQ_EO3_0P5     um28nchllogl35hsl140f_ssgwc0p9v125c
                                                          1.512000  
U2127                     STQ_EO3_0P5     um28nchllogl35hsl140f_ssgwc0p9v125c
                                                          1.512000  
U2128                     STQ_EO3_0P5     um28nchllogl35hsl140f_ssgwc0p9v125c
                                                          1.512000  
U2129                     STQ_EO2_S_2     um28nchllogl35hsl140f_ssgwc0p9v125c
                                                          1.512000  
U2130                     STQ_EO3_0P5     um28nchllogl35hsl140f_ssgwc0p9v125c
                                                          1.512000  
U2131                     STQ_EO3_0P5     um28nchllogl35hsl140f_ssgwc0p9v125c
                                                          1.512000  
U2132                     STQ_EO3_0P5     um28nchllogl35hsl140f_ssgwc0p9v125c
                                                          1.512000  
U2133                     STQ_EO2_S_0P5   um28nchllogl35hsl140f_ssgwc0p9v125c
                                                          1.512000  
U2134                     STQ_EO2_S_2     um28nchllogl35hsl140f_ssgwc0p9v125c
                                                          1.512000  
U2135                     STQ_EO2_S_2     um28nchllogl35hsl140f_ssgwc0p9v125c
                                                          1.512000  
U2136                     STQ_EO3_0P5     um28nchllogl35hsl140f_ssgwc0p9v125c
                                                          1.512000  
U2137                     STQ_EO3_0P5     um28nchllogl35hsl140f_ssgwc0p9v125c
                                                          1.512000  
U2138                     STQ_EO3_0P5     um28nchllogl35hsl140f_ssgwc0p9v125c
                                                          1.512000  
U2139                     STQ_EO3_0P5     um28nchllogl35hsl140f_ssgwc0p9v125c
                                                          1.512000  
U2140                     STQ_EO2_S_2     um28nchllogl35hsl140f_ssgwc0p9v125c
                                                          1.512000  
U2141                     STQ_EO2_S_2     um28nchllogl35hsl140f_ssgwc0p9v125c
                                                          1.512000  
U2142                     STQ_EO3_0P5     um28nchllogl35hsl140f_ssgwc0p9v125c
                                                          1.512000  
U2143                     STQ_EO3_0P5     um28nchllogl35hsl140f_ssgwc0p9v125c
                                                          1.512000  
U2144                     STQ_EO2_S_2     um28nchllogl35hsl140f_ssgwc0p9v125c
                                                          1.512000  
U2145                     STQ_EO2_S_2     um28nchllogl35hsl140f_ssgwc0p9v125c
                                                          1.512000  
U2146                     STQ_EO3_0P5     um28nchllogl35hsl140f_ssgwc0p9v125c
                                                          1.512000  
U2147                     STQ_EO3_0P5     um28nchllogl35hsl140f_ssgwc0p9v125c
                                                          1.512000  
U2148                     STQ_EO3_0P5     um28nchllogl35hsl140f_ssgwc0p9v125c
                                                          1.512000  
U2149                     STQ_EO2_S_2     um28nchllogl35hsl140f_ssgwc0p9v125c
                                                          1.512000  
U2150                     STQ_EO3_0P5     um28nchllogl35hsl140f_ssgwc0p9v125c
                                                          1.512000  
U2151                     STQ_EO3_0P5     um28nchllogl35hsl140f_ssgwc0p9v125c
                                                          1.512000  
U2152                     STQ_EO3_0P5     um28nchllogl35hsl140f_ssgwc0p9v125c
                                                          1.512000  
U2153                     STQ_EO3_0P5     um28nchllogl35hsl140f_ssgwc0p9v125c
                                                          1.512000  
U2154                     STQ_EO3_0P5     um28nchllogl35hsl140f_ssgwc0p9v125c
                                                          1.512000  
U2155                     STQ_EO2_S_2     um28nchllogl35hsl140f_ssgwc0p9v125c
                                                          1.512000  
U2156                     STQ_EO3_0P5     um28nchllogl35hsl140f_ssgwc0p9v125c
                                                          1.512000  
U2157                     STQ_EO2_S_2     um28nchllogl35hsl140f_ssgwc0p9v125c
                                                          1.512000  
U2158                     STQ_EO3_0P5     um28nchllogl35hsl140f_ssgwc0p9v125c
                                                          1.512000  
U2159                     STQ_EO3_0P5     um28nchllogl35hsl140f_ssgwc0p9v125c
                                                          1.512000  
U2160                     STQ_EO2_S_0P5   um28nchllogl35hsl140f_ssgwc0p9v125c
                                                          1.512000  
U2161                     STQ_EO3_0P5     um28nchllogl35hsl140f_ssgwc0p9v125c
                                                          1.512000  
U2162                     STQ_EO2_S_0P5   um28nchllogl35hsl140f_ssgwc0p9v125c
                                                          1.512000  
U2163                     STQ_EO3_0P5     um28nchllogl35hsl140f_ssgwc0p9v125c
                                                          1.512000  
U2164                     STQ_EO3_0P5     um28nchllogl35hsl140f_ssgwc0p9v125c
                                                          1.512000  
U2165                     STQ_EO3_0P5     um28nchllogl35hsl140f_ssgwc0p9v125c
                                                          1.512000  
U2166                     STQ_EO2_S_0P5   um28nchllogl35hsl140f_ssgwc0p9v125c
                                                          1.512000  
U2167                     STQ_EO3_0P5     um28nchllogl35hsl140f_ssgwc0p9v125c
                                                          1.512000  
U2168                     STQ_EO3_0P5     um28nchllogl35hsl140f_ssgwc0p9v125c
                                                          1.512000  
U2169                     STQ_EO2_S_0P5   um28nchllogl35hsl140f_ssgwc0p9v125c
                                                          1.512000  
U2170                     STQ_EO3_0P5     um28nchllogl35hsl140f_ssgwc0p9v125c
                                                          1.512000  
U2171                     STQ_EO3_0P5     um28nchllogl35hsl140f_ssgwc0p9v125c
                                                          1.512000  
U2172                     STQ_EO2_S_0P5   um28nchllogl35hsl140f_ssgwc0p9v125c
                                                          1.512000  
U2173                     STQ_EO2_S_2     um28nchllogl35hsl140f_ssgwc0p9v125c
                                                          1.512000  
U2174                     STQ_EO2_S_2     um28nchllogl35hsl140f_ssgwc0p9v125c
                                                          1.512000  
U2175                     STQ_EO3_0P5     um28nchllogl35hsl140f_ssgwc0p9v125c
                                                          1.512000  
U2176                     STQ_EO3_0P5     um28nchllogl35hsl140f_ssgwc0p9v125c
                                                          1.512000  
U2177                     STQ_EO2_S_2     um28nchllogl35hsl140f_ssgwc0p9v125c
                                                          1.512000  
U2178                     STQ_EO2_S_2     um28nchllogl35hsl140f_ssgwc0p9v125c
                                                          1.512000  
U2179                     STQ_EO3_0P5     um28nchllogl35hsl140f_ssgwc0p9v125c
                                                          1.512000  
U2180                     STQ_EO2_S_2     um28nchllogl35hsl140f_ssgwc0p9v125c
                                                          1.512000  
U2181                     STQ_EO3_0P5     um28nchllogl35hsl140f_ssgwc0p9v125c
                                                          1.512000  
U2182                     STQ_EO2_S_2     um28nchllogl35hsl140f_ssgwc0p9v125c
                                                          1.512000  
U2183                     STQ_EO2_S_2     um28nchllogl35hsl140f_ssgwc0p9v125c
                                                          1.512000  
U2184                     STQ_EO2_S_2     um28nchllogl35hsl140f_ssgwc0p9v125c
                                                          1.512000  
U2185                     STQ_EO2_S_2     um28nchllogl35hsl140f_ssgwc0p9v125c
                                                          1.512000  
U2186                     STQ_EO2_S_2     um28nchllogl35hsl140f_ssgwc0p9v125c
                                                          1.512000  
U2187                     STQ_EO3_0P5     um28nchllogl35hsl140f_ssgwc0p9v125c
                                                          1.512000  
U2188                     STQ_EO3_0P5     um28nchllogl35hsl140f_ssgwc0p9v125c
                                                          1.512000  
U2189                     STQ_EO2_S_0P5   um28nchllogl35hsl140f_ssgwc0p9v125c
                                                          1.512000  
U2190                     STQ_EO2_S_2     um28nchllogl35hsl140f_ssgwc0p9v125c
                                                          1.512000  
U2191                     STQ_EO2_S_0P5   um28nchllogl35hsl140f_ssgwc0p9v125c
                                                          1.512000  
U2192                     STQ_EO3_0P5     um28nchllogl35hsl140f_ssgwc0p9v125c
                                                          1.512000  
U2193                     STQ_EO2_S_0P5   um28nchllogl35hsl140f_ssgwc0p9v125c
                                                          1.512000  
U2194                     STQ_EO3_0P5     um28nchllogl35hsl140f_ssgwc0p9v125c
                                                          1.512000  
U2195                     STQ_EO3_0P5     um28nchllogl35hsl140f_ssgwc0p9v125c
                                                          1.512000  
U2196                     STQ_EO3_0P5     um28nchllogl35hsl140f_ssgwc0p9v125c
                                                          1.512000  
U2197                     STQ_EO3_0P5     um28nchllogl35hsl140f_ssgwc0p9v125c
                                                          1.512000  
U2198                     STQ_EO2_S_2     um28nchllogl35hsl140f_ssgwc0p9v125c
                                                          1.512000  
U2199                     STQ_EO3_0P5     um28nchllogl35hsl140f_ssgwc0p9v125c
                                                          1.512000  
U2200                     STQ_EO3_0P5     um28nchllogl35hsl140f_ssgwc0p9v125c
                                                          1.512000  
U2201                     STQ_EO2_S_2     um28nchllogl35hsl140f_ssgwc0p9v125c
                                                          1.512000  
U2202                     STQ_EO2_S_2     um28nchllogl35hsl140f_ssgwc0p9v125c
                                                          1.512000  
U2203                     STQ_EO2_S_2     um28nchllogl35hsl140f_ssgwc0p9v125c
                                                          1.512000  
U2204                     STQ_EO3_0P5     um28nchllogl35hsl140f_ssgwc0p9v125c
                                                          1.512000  
U2205                     STQ_EO2_S_2     um28nchllogl35hsl140f_ssgwc0p9v125c
                                                          1.512000  
U2206                     STQ_EO3_0P5     um28nchllogl35hsl140f_ssgwc0p9v125c
                                                          1.512000  
U2207                     STQ_EO3_0P5     um28nchllogl35hsl140f_ssgwc0p9v125c
                                                          1.512000  
U2208                     STQ_EO2_S_2     um28nchllogl35hsl140f_ssgwc0p9v125c
                                                          1.512000  
U2209                     STQ_EO2_S_2     um28nchllogl35hsl140f_ssgwc0p9v125c
                                                          1.512000  
U2210                     STQ_EO2_S_2     um28nchllogl35hsl140f_ssgwc0p9v125c
                                                          1.512000  
U2211                     STQ_EO2_S_2     um28nchllogl35hsl140f_ssgwc0p9v125c
                                                          1.512000  
U2212                     STQ_EO3_0P5     um28nchllogl35hsl140f_ssgwc0p9v125c
                                                          1.512000  
U2213                     STQ_EO2_S_0P5   um28nchllogl35hsl140f_ssgwc0p9v125c
                                                          1.512000  
U2214                     STQ_EO2_S_2     um28nchllogl35hsl140f_ssgwc0p9v125c
                                                          1.512000  
U2215                     STQ_EO3_0P5     um28nchllogl35hsl140f_ssgwc0p9v125c
                                                          1.512000  
U2216                     STQ_EO3_0P5     um28nchllogl35hsl140f_ssgwc0p9v125c
                                                          1.512000  
U2217                     STQ_EO2_S_0P5   um28nchllogl35hsl140f_ssgwc0p9v125c
                                                          1.512000  
U2218                     STQ_EO3_0P5     um28nchllogl35hsl140f_ssgwc0p9v125c
                                                          1.512000  
U2219                     STQ_EO3_0P5     um28nchllogl35hsl140f_ssgwc0p9v125c
                                                          1.512000  
U2220                     STQ_EO3_0P5     um28nchllogl35hsl140f_ssgwc0p9v125c
                                                          1.512000  
U2221                     STQ_EO3_0P5     um28nchllogl35hsl140f_ssgwc0p9v125c
                                                          1.512000  
U2222                     STQ_EO3_0P5     um28nchllogl35hsl140f_ssgwc0p9v125c
                                                          1.512000  
U2223                     STQ_EO3_0P5     um28nchllogl35hsl140f_ssgwc0p9v125c
                                                          1.512000  
U2224                     STQ_EO3_0P5     um28nchllogl35hsl140f_ssgwc0p9v125c
                                                          1.512000  
U2225                     STQ_EO2_S_2     um28nchllogl35hsl140f_ssgwc0p9v125c
                                                          1.512000  
U2226                     STQ_EO2_S_2     um28nchllogl35hsl140f_ssgwc0p9v125c
                                                          1.512000  
U2227                     STQ_EO3_0P5     um28nchllogl35hsl140f_ssgwc0p9v125c
                                                          1.512000  
U2228                     STQ_EO3_0P5     um28nchllogl35hsl140f_ssgwc0p9v125c
                                                          1.512000  
U2229                     STQ_EO2_S_2     um28nchllogl35hsl140f_ssgwc0p9v125c
                                                          1.512000  
U2230                     STQ_EO3_0P5     um28nchllogl35hsl140f_ssgwc0p9v125c
                                                          1.512000  
U2231                     STQ_EO3_0P5     um28nchllogl35hsl140f_ssgwc0p9v125c
                                                          1.512000  
U2232                     STQ_EO2_S_2     um28nchllogl35hsl140f_ssgwc0p9v125c
                                                          1.512000  
U2233                     STQ_EO2_S_2     um28nchllogl35hsl140f_ssgwc0p9v125c
                                                          1.512000  
U2234                     STQ_EO3_0P5     um28nchllogl35hsl140f_ssgwc0p9v125c
                                                          1.512000  
U2235                     STQ_EO3_0P5     um28nchllogl35hsl140f_ssgwc0p9v125c
                                                          1.512000  
U2236                     STQ_EO3_0P5     um28nchllogl35hsl140f_ssgwc0p9v125c
                                                          1.512000  
U2237                     STQ_EO2_S_2     um28nchllogl35hsl140f_ssgwc0p9v125c
                                                          1.512000  
U2238                     STQ_EO3_0P5     um28nchllogl35hsl140f_ssgwc0p9v125c
                                                          1.512000  
U2239                     STQ_EO3_0P5     um28nchllogl35hsl140f_ssgwc0p9v125c
                                                          1.512000  
U2240                     STQ_EO3_0P5     um28nchllogl35hsl140f_ssgwc0p9v125c
                                                          1.512000  
U2241                     STQ_EO2_S_0P5   um28nchllogl35hsl140f_ssgwc0p9v125c
                                                          1.512000  
U2242                     STQ_EO3_0P5     um28nchllogl35hsl140f_ssgwc0p9v125c
                                                          1.512000  
U2243                     STQ_EO3_0P5     um28nchllogl35hsl140f_ssgwc0p9v125c
                                                          1.512000  
U2244                     STQ_EO3_0P5     um28nchllogl35hsl140f_ssgwc0p9v125c
                                                          1.512000  
U2245                     STQ_EO3_0P5     um28nchllogl35hsl140f_ssgwc0p9v125c
                                                          1.512000  
U2246                     STQ_EO3_0P5     um28nchllogl35hsl140f_ssgwc0p9v125c
                                                          1.512000  
U2247                     STQ_EO3_0P5     um28nchllogl35hsl140f_ssgwc0p9v125c
                                                          1.512000  
U2248                     STQ_EO2_S_2     um28nchllogl35hsl140f_ssgwc0p9v125c
                                                          1.512000  
U2249                     STQ_EO3_0P5     um28nchllogl35hsl140f_ssgwc0p9v125c
                                                          1.512000  
U2250                     STQ_EO3_0P5     um28nchllogl35hsl140f_ssgwc0p9v125c
                                                          1.512000  
U2251                     STQ_EO2_S_2     um28nchllogl35hsl140f_ssgwc0p9v125c
                                                          1.512000  
U2252                     STQ_EO2_S_2     um28nchllogl35hsl140f_ssgwc0p9v125c
                                                          1.512000  
U2253                     STQ_EO2_S_2     um28nchllogl35hsl140f_ssgwc0p9v125c
                                                          1.512000  
U2254                     STQ_EO3_0P5     um28nchllogl35hsl140f_ssgwc0p9v125c
                                                          1.512000  
U2255                     STQ_EO3_0P5     um28nchllogl35hsl140f_ssgwc0p9v125c
                                                          1.512000  
U2256                     STQ_EO3_0P5     um28nchllogl35hsl140f_ssgwc0p9v125c
                                                          1.512000  
U2257                     STQ_EO3_0P5     um28nchllogl35hsl140f_ssgwc0p9v125c
                                                          1.512000  
U2258                     STQ_EO3_0P5     um28nchllogl35hsl140f_ssgwc0p9v125c
                                                          1.512000  
U2259                     STQ_EO3_0P5     um28nchllogl35hsl140f_ssgwc0p9v125c
                                                          1.512000  
U2260                     STQ_EO3_0P5     um28nchllogl35hsl140f_ssgwc0p9v125c
                                                          1.512000  
U2261                     STQ_EO3_0P5     um28nchllogl35hsl140f_ssgwc0p9v125c
                                                          1.512000  
U2262                     STQ_EO3_0P5     um28nchllogl35hsl140f_ssgwc0p9v125c
                                                          1.512000  
U2263                     STQ_EO3_0P5     um28nchllogl35hsl140f_ssgwc0p9v125c
                                                          1.512000  
U2264                     STQ_EO3_0P5     um28nchllogl35hsl140f_ssgwc0p9v125c
                                                          1.512000  
U2265                     STQ_EO3_0P5     um28nchllogl35hsl140f_ssgwc0p9v125c
                                                          1.512000  
U2266                     STQ_EO2_S_0P5   um28nchllogl35hsl140f_ssgwc0p9v125c
                                                          1.512000  
U2267                     STQ_EO3_0P5     um28nchllogl35hsl140f_ssgwc0p9v125c
                                                          1.512000  
U2268                     STQ_EO3_0P5     um28nchllogl35hsl140f_ssgwc0p9v125c
                                                          1.512000  
U2269                     STQ_EO2_S_0P5   um28nchllogl35hsl140f_ssgwc0p9v125c
                                                          1.512000  
U2270                     STQ_EO3_0P5     um28nchllogl35hsl140f_ssgwc0p9v125c
                                                          1.512000  
U2271                     STQ_EO3_0P5     um28nchllogl35hsl140f_ssgwc0p9v125c
                                                          1.512000  
U2272                     STQ_EO2_S_2     um28nchllogl35hsl140f_ssgwc0p9v125c
                                                          1.512000  
U2273                     STQ_EO3_0P5     um28nchllogl35hsl140f_ssgwc0p9v125c
                                                          1.512000  
U2274                     STQ_EO3_0P5     um28nchllogl35hsl140f_ssgwc0p9v125c
                                                          1.512000  
U2275                     STQ_EO3_0P5     um28nchllogl35hsl140f_ssgwc0p9v125c
                                                          1.512000  
U2276                     STQ_EO3_0P5     um28nchllogl35hsl140f_ssgwc0p9v125c
                                                          1.512000  
U2277                     STQ_EO2_S_0P5   um28nchllogl35hsl140f_ssgwc0p9v125c
                                                          1.512000  
U2278                     STQ_EO3_0P5     um28nchllogl35hsl140f_ssgwc0p9v125c
                                                          1.512000  
U2279                     STQ_EO3_0P5     um28nchllogl35hsl140f_ssgwc0p9v125c
                                                          1.512000  
U2280                     STQ_EO2_S_0P5   um28nchllogl35hsl140f_ssgwc0p9v125c
                                                          1.512000  
U2281                     STQ_EO3_0P5     um28nchllogl35hsl140f_ssgwc0p9v125c
                                                          1.512000  
U2282                     STQ_EO2_S_0P5   um28nchllogl35hsl140f_ssgwc0p9v125c
                                                          1.512000  
U2283                     STQ_EO3_0P5     um28nchllogl35hsl140f_ssgwc0p9v125c
                                                          1.512000  
U2284                     STQ_EO3_0P5     um28nchllogl35hsl140f_ssgwc0p9v125c
                                                          1.512000  
U2285                     STQ_EO3_0P5     um28nchllogl35hsl140f_ssgwc0p9v125c
                                                          1.512000  
U2286                     STQ_EO3_0P5     um28nchllogl35hsl140f_ssgwc0p9v125c
                                                          1.512000  
U2287                     STQ_EO3_0P5     um28nchllogl35hsl140f_ssgwc0p9v125c
                                                          1.512000  
U2288                     STQ_EO2_S_2     um28nchllogl35hsl140f_ssgwc0p9v125c
                                                          1.512000  
U2289                     STQ_EO3_0P5     um28nchllogl35hsl140f_ssgwc0p9v125c
                                                          1.512000  
U2290                     STQ_EO3_0P5     um28nchllogl35hsl140f_ssgwc0p9v125c
                                                          1.512000  
U2291                     STQ_EO3_0P5     um28nchllogl35hsl140f_ssgwc0p9v125c
                                                          1.512000  
U2292                     STQ_EO3_0P5     um28nchllogl35hsl140f_ssgwc0p9v125c
                                                          1.512000  
U2293                     STQ_EO3_0P5     um28nchllogl35hsl140f_ssgwc0p9v125c
                                                          1.512000  
U2294                     STQ_EO3_0P5     um28nchllogl35hsl140f_ssgwc0p9v125c
                                                          1.512000  
U2295                     STQ_EO2_S_0P5   um28nchllogl35hsl140f_ssgwc0p9v125c
                                                          1.512000  
U2296                     STQ_EO3_0P5     um28nchllogl35hsl140f_ssgwc0p9v125c
                                                          1.512000  
U2297                     STQ_EO3_0P5     um28nchllogl35hsl140f_ssgwc0p9v125c
                                                          1.512000  
U2298                     STQ_EO2_S_0P5   um28nchllogl35hsl140f_ssgwc0p9v125c
                                                          1.512000  
U2299                     STQ_EO3_0P5     um28nchllogl35hsl140f_ssgwc0p9v125c
                                                          1.512000  
U2300                     STQ_EO3_0P5     um28nchllogl35hsl140f_ssgwc0p9v125c
                                                          1.512000  
U2301                     STQ_EO3_0P5     um28nchllogl35hsl140f_ssgwc0p9v125c
                                                          1.512000  
U2302                     STQ_EO3_0P5     um28nchllogl35hsl140f_ssgwc0p9v125c
                                                          1.512000  
U2303                     STQ_EO3_0P5     um28nchllogl35hsl140f_ssgwc0p9v125c
                                                          1.512000  
U2304                     STQ_EO3_0P5     um28nchllogl35hsl140f_ssgwc0p9v125c
                                                          1.512000  
U2305                     STQ_EO2_1       um28nchllogl35hsl140f_ssgwc0p9v125c
                                                          1.512000  
U2306                     STQ_EO3_0P5     um28nchllogl35hsl140f_ssgwc0p9v125c
                                                          1.512000  
U2307                     STQ_EO3_0P5     um28nchllogl35hsl140f_ssgwc0p9v125c
                                                          1.512000  
U2308                     STQ_EO3_0P5     um28nchllogl35hsl140f_ssgwc0p9v125c
                                                          1.512000  
U2309                     STQ_EO3_0P5     um28nchllogl35hsl140f_ssgwc0p9v125c
                                                          1.512000  
U2310                     STQ_EO3_0P5     um28nchllogl35hsl140f_ssgwc0p9v125c
                                                          1.512000  
U2311                     STQ_EO3_0P5     um28nchllogl35hsl140f_ssgwc0p9v125c
                                                          1.512000  
U2312                     STQ_EO3_0P5     um28nchllogl35hsl140f_ssgwc0p9v125c
                                                          1.512000  
U2313                     STQ_EO3_0P5     um28nchllogl35hsl140f_ssgwc0p9v125c
                                                          1.512000  
U2314                     STQ_EO3_0P5     um28nchllogl35hsl140f_ssgwc0p9v125c
                                                          1.512000  
U2315                     STQ_EO2_S_0P5   um28nchllogl35hsl140f_ssgwc0p9v125c
                                                          1.512000  
U2316                     STQ_EO3_0P5     um28nchllogl35hsl140f_ssgwc0p9v125c
                                                          1.512000  
U2317                     STQ_EO3_0P5     um28nchllogl35hsl140f_ssgwc0p9v125c
                                                          1.512000  
U2318                     STQ_EO3_0P5     um28nchllogl35hsl140f_ssgwc0p9v125c
                                                          1.512000  
U2319                     STQ_EO3_0P5     um28nchllogl35hsl140f_ssgwc0p9v125c
                                                          1.512000  
U2320                     STQ_EO3_0P5     um28nchllogl35hsl140f_ssgwc0p9v125c
                                                          1.512000  
U2321                     STQ_EO2_S_0P5   um28nchllogl35hsl140f_ssgwc0p9v125c
                                                          1.512000  
U2322                     STQ_EO3_0P5     um28nchllogl35hsl140f_ssgwc0p9v125c
                                                          1.512000  
U2323                     STQ_EO3_0P5     um28nchllogl35hsl140f_ssgwc0p9v125c
                                                          1.512000  
U2324                     STQ_EO2_S_0P5   um28nchllogl35hsl140f_ssgwc0p9v125c
                                                          1.512000  
U2325                     STQ_EO3_0P5     um28nchllogl35hsl140f_ssgwc0p9v125c
                                                          1.512000  
U2326                     STQ_EO3_0P5     um28nchllogl35hsl140f_ssgwc0p9v125c
                                                          1.512000  
U2327                     STQ_EO3_0P5     um28nchllogl35hsl140f_ssgwc0p9v125c
                                                          1.512000  
U2328                     STQ_EO3_0P5     um28nchllogl35hsl140f_ssgwc0p9v125c
                                                          1.512000  
U2329                     STQ_EO3_0P5     um28nchllogl35hsl140f_ssgwc0p9v125c
                                                          1.512000  
U2330                     STQ_EO2_S_2     um28nchllogl35hsl140f_ssgwc0p9v125c
                                                          1.512000  
U2331                     STQ_EO2_S_2     um28nchllogl35hsl140f_ssgwc0p9v125c
                                                          1.512000  
U2332                     STQ_EO2_S_2     um28nchllogl35hsl140f_ssgwc0p9v125c
                                                          1.512000  
U2333                     STQ_EO3_0P5     um28nchllogl35hsl140f_ssgwc0p9v125c
                                                          1.512000  
U2334                     STQ_EO3_0P5     um28nchllogl35hsl140f_ssgwc0p9v125c
                                                          1.512000  
U2335                     STQ_EO2_S_2     um28nchllogl35hsl140f_ssgwc0p9v125c
                                                          1.512000  
U2336                     STQ_EO2_S_0P5   um28nchllogl35hsl140f_ssgwc0p9v125c
                                                          1.512000  
U2337                     STQ_EO3_0P5     um28nchllogl35hsl140f_ssgwc0p9v125c
                                                          1.512000  
U2338                     STQ_EO3_0P5     um28nchllogl35hsl140f_ssgwc0p9v125c
                                                          1.512000  
U2339                     STQ_EO3_0P5     um28nchllogl35hsl140f_ssgwc0p9v125c
                                                          1.512000  
U2340                     STQ_EO3_0P5     um28nchllogl35hsl140f_ssgwc0p9v125c
                                                          1.512000  
U2341                     STQ_EO3_0P5     um28nchllogl35hsl140f_ssgwc0p9v125c
                                                          1.512000  
U2342                     STQ_EO2_S_2     um28nchllogl35hsl140f_ssgwc0p9v125c
                                                          1.512000  
U2343                     STQ_EO3_0P5     um28nchllogl35hsl140f_ssgwc0p9v125c
                                                          1.512000  
U2344                     STQ_EO3_0P5     um28nchllogl35hsl140f_ssgwc0p9v125c
                                                          1.512000  
U2345                     STQ_EO3_0P5     um28nchllogl35hsl140f_ssgwc0p9v125c
                                                          1.512000  
U2346                     STQ_EO3_0P5     um28nchllogl35hsl140f_ssgwc0p9v125c
                                                          1.512000  
U2347                     STQ_EO3_0P5     um28nchllogl35hsl140f_ssgwc0p9v125c
                                                          1.512000  
U2348                     STQ_EO2_S_2     um28nchllogl35hsl140f_ssgwc0p9v125c
                                                          1.512000  
U2349                     STQ_EO3_0P5     um28nchllogl35hsl140f_ssgwc0p9v125c
                                                          1.512000  
U2350                     STQ_EO3_0P5     um28nchllogl35hsl140f_ssgwc0p9v125c
                                                          1.512000  
U2351                     STQ_EO3_0P5     um28nchllogl35hsl140f_ssgwc0p9v125c
                                                          1.512000  
U2352                     STQ_EO3_0P5     um28nchllogl35hsl140f_ssgwc0p9v125c
                                                          1.512000  
U2353                     STQ_EO2_S_0P5   um28nchllogl35hsl140f_ssgwc0p9v125c
                                                          1.512000  
U2354                     STQ_EO3_0P5     um28nchllogl35hsl140f_ssgwc0p9v125c
                                                          1.512000  
U2355                     STQ_EO3_0P5     um28nchllogl35hsl140f_ssgwc0p9v125c
                                                          1.512000  
U2356                     STQ_EO3_0P5     um28nchllogl35hsl140f_ssgwc0p9v125c
                                                          1.512000  
U2357                     STQ_EO3_0P5     um28nchllogl35hsl140f_ssgwc0p9v125c
                                                          1.512000  
U2358                     STQ_EO3_0P5     um28nchllogl35hsl140f_ssgwc0p9v125c
                                                          1.512000  
U2359                     STQ_EO3_0P5     um28nchllogl35hsl140f_ssgwc0p9v125c
                                                          1.512000  
U2360                     STQ_EO2_S_0P5   um28nchllogl35hsl140f_ssgwc0p9v125c
                                                          1.512000  
U2361                     STQ_EO3_0P5     um28nchllogl35hsl140f_ssgwc0p9v125c
                                                          1.512000  
U2362                     STQ_EO2_S_2     um28nchllogl35hsl140f_ssgwc0p9v125c
                                                          1.512000  
U2363                     STQ_EO3_0P5     um28nchllogl35hsl140f_ssgwc0p9v125c
                                                          1.512000  
U2364                     STQ_EO3_0P5     um28nchllogl35hsl140f_ssgwc0p9v125c
                                                          1.512000  
U2365                     STQ_EO3_0P5     um28nchllogl35hsl140f_ssgwc0p9v125c
                                                          1.512000  
U2366                     STQ_EO2_S_2     um28nchllogl35hsl140f_ssgwc0p9v125c
                                                          1.512000  
U2367                     STQ_EO3_0P5     um28nchllogl35hsl140f_ssgwc0p9v125c
                                                          1.512000  
U2368                     STQ_EO3_0P5     um28nchllogl35hsl140f_ssgwc0p9v125c
                                                          1.512000  
U2369                     STQ_EO3_0P5     um28nchllogl35hsl140f_ssgwc0p9v125c
                                                          1.512000  
U2370                     STQ_EO3_0P5     um28nchllogl35hsl140f_ssgwc0p9v125c
                                                          1.512000  
U2371                     STQ_EO3_0P5     um28nchllogl35hsl140f_ssgwc0p9v125c
                                                          1.512000  
U2372                     STQ_EO2_S_0P5   um28nchllogl35hsl140f_ssgwc0p9v125c
                                                          1.512000  
U2373                     STQ_EO3_0P5     um28nchllogl35hsl140f_ssgwc0p9v125c
                                                          1.512000  
U2374                     STQ_EO3_0P5     um28nchllogl35hsl140f_ssgwc0p9v125c
                                                          1.512000  
U2375                     STQ_EO3_0P5     um28nchllogl35hsl140f_ssgwc0p9v125c
                                                          1.512000  
U2376                     STQ_EO3_0P5     um28nchllogl35hsl140f_ssgwc0p9v125c
                                                          1.512000  
U2377                     STQ_EO3_0P5     um28nchllogl35hsl140f_ssgwc0p9v125c
                                                          1.512000  
U2378                     STQ_EO3_0P5     um28nchllogl35hsl140f_ssgwc0p9v125c
                                                          1.512000  
U2379                     STQ_EO3_0P5     um28nchllogl35hsl140f_ssgwc0p9v125c
                                                          1.512000  
U2380                     STQ_EO3_0P5     um28nchllogl35hsl140f_ssgwc0p9v125c
                                                          1.512000  
U2381                     STQ_EO3_0P5     um28nchllogl35hsl140f_ssgwc0p9v125c
                                                          1.512000  
U2382                     STQ_EO3_0P5     um28nchllogl35hsl140f_ssgwc0p9v125c
                                                          1.512000  
U2383                     STQ_EO2_S_0P5   um28nchllogl35hsl140f_ssgwc0p9v125c
                                                          1.512000  
U2384                     STQ_EO3_0P5     um28nchllogl35hsl140f_ssgwc0p9v125c
                                                          1.512000  
U2385                     STQ_EO3_0P5     um28nchllogl35hsl140f_ssgwc0p9v125c
                                                          1.512000  
U2386                     STQ_EO3_0P5     um28nchllogl35hsl140f_ssgwc0p9v125c
                                                          1.512000  
U2387                     STQ_EO3_0P5     um28nchllogl35hsl140f_ssgwc0p9v125c
                                                          1.512000  
U2388                     STQ_EO3_0P5     um28nchllogl35hsl140f_ssgwc0p9v125c
                                                          1.512000  
U2389                     STQ_EO3_0P5     um28nchllogl35hsl140f_ssgwc0p9v125c
                                                          1.512000  
U2390                     STQ_EO3_0P5     um28nchllogl35hsl140f_ssgwc0p9v125c
                                                          1.512000  
U2391                     STQ_EO3_0P5     um28nchllogl35hsl140f_ssgwc0p9v125c
                                                          1.512000  
U2392                     STQ_EO3_0P5     um28nchllogl35hsl140f_ssgwc0p9v125c
                                                          1.512000  
U2393                     STQ_EO3_0P5     um28nchllogl35hsl140f_ssgwc0p9v125c
                                                          1.512000  
U2394                     STQ_EO3_0P5     um28nchllogl35hsl140f_ssgwc0p9v125c
                                                          1.512000  
U2395                     STQ_EO3_0P5     um28nchllogl35hsl140f_ssgwc0p9v125c
                                                          1.512000  
U2396                     STQ_EO3_0P5     um28nchllogl35hsl140f_ssgwc0p9v125c
                                                          1.512000  
U2397                     STQ_EO3_0P5     um28nchllogl35hsl140f_ssgwc0p9v125c
                                                          1.512000  
U2398                     STQ_EO2_S_2     um28nchllogl35hsl140f_ssgwc0p9v125c
                                                          1.512000  
U2399                     STQ_EO3_0P5     um28nchllogl35hsl140f_ssgwc0p9v125c
                                                          1.512000  
U2400                     STQ_EO2_S_2     um28nchllogl35hsl140f_ssgwc0p9v125c
                                                          1.512000  
U2401                     STQ_EO2_S_2     um28nchllogl35hsl140f_ssgwc0p9v125c
                                                          1.512000  
U2402                     STQ_EO3_0P5     um28nchllogl35hsl140f_ssgwc0p9v125c
                                                          1.512000  
U2403                     STQ_EO3_0P5     um28nchllogl35hsl140f_ssgwc0p9v125c
                                                          1.512000  
U2404                     STQ_EO3_0P5     um28nchllogl35hsl140f_ssgwc0p9v125c
                                                          1.512000  
U2405                     STQ_EO2_S_0P5   um28nchllogl35hsl140f_ssgwc0p9v125c
                                                          1.512000  
U2406                     STQ_EO3_0P5     um28nchllogl35hsl140f_ssgwc0p9v125c
                                                          1.512000  
U2407                     STQ_EO3_0P5     um28nchllogl35hsl140f_ssgwc0p9v125c
                                                          1.512000  
U2408                     STQ_EO3_0P5     um28nchllogl35hsl140f_ssgwc0p9v125c
                                                          1.512000  
U2409                     STQ_EO3_0P5     um28nchllogl35hsl140f_ssgwc0p9v125c
                                                          1.512000  
U2410                     STQ_EO3_0P5     um28nchllogl35hsl140f_ssgwc0p9v125c
                                                          1.512000  
U2411                     STQ_EO3_0P5     um28nchllogl35hsl140f_ssgwc0p9v125c
                                                          1.512000  
U2412                     STQ_EO3_0P5     um28nchllogl35hsl140f_ssgwc0p9v125c
                                                          1.512000  
U2413                     STQ_EO3_0P5     um28nchllogl35hsl140f_ssgwc0p9v125c
                                                          1.512000  
U2414                     STQ_EO2_S_0P5   um28nchllogl35hsl140f_ssgwc0p9v125c
                                                          1.512000  
U2415                     STQ_EO3_0P5     um28nchllogl35hsl140f_ssgwc0p9v125c
                                                          1.512000  
U2416                     STQ_EO2_S_2     um28nchllogl35hsl140f_ssgwc0p9v125c
                                                          1.512000  
U2417                     STQ_EO3_0P5     um28nchllogl35hsl140f_ssgwc0p9v125c
                                                          1.512000  
U2418                     STQ_EO2_S_0P5   um28nchllogl35hsl140f_ssgwc0p9v125c
                                                          1.512000  
U2419                     STQ_EO3_0P5     um28nchllogl35hsl140f_ssgwc0p9v125c
                                                          1.512000  
U2420                     STQ_EO3_0P5     um28nchllogl35hsl140f_ssgwc0p9v125c
                                                          1.512000  
U2421                     STQ_EO2_S_0P5   um28nchllogl35hsl140f_ssgwc0p9v125c
                                                          1.512000  
U2422                     STQ_EO2_S_2     um28nchllogl35hsl140f_ssgwc0p9v125c
                                                          1.512000  
U2423                     STQ_EO3_0P5     um28nchllogl35hsl140f_ssgwc0p9v125c
                                                          1.512000  
U2424                     STQ_EO3_0P5     um28nchllogl35hsl140f_ssgwc0p9v125c
                                                          1.512000  
U2425                     STQ_EO3_0P5     um28nchllogl35hsl140f_ssgwc0p9v125c
                                                          1.512000  
U2426                     STQ_EO3_0P5     um28nchllogl35hsl140f_ssgwc0p9v125c
                                                          1.512000  
U2427                     STQ_EO3_0P5     um28nchllogl35hsl140f_ssgwc0p9v125c
                                                          1.512000  
U2428                     STQ_EO3_0P5     um28nchllogl35hsl140f_ssgwc0p9v125c
                                                          1.512000  
U2429                     STQ_EO2_S_2     um28nchllogl35hsl140f_ssgwc0p9v125c
                                                          1.512000  
U2430                     STQ_EO3_0P5     um28nchllogl35hsl140f_ssgwc0p9v125c
                                                          1.512000  
U2431                     STQ_EO3_0P5     um28nchllogl35hsl140f_ssgwc0p9v125c
                                                          1.512000  
U2432                     STQ_EO3_0P5     um28nchllogl35hsl140f_ssgwc0p9v125c
                                                          1.512000  
U2433                     STQ_EO3_0P5     um28nchllogl35hsl140f_ssgwc0p9v125c
                                                          1.512000  
U2434                     STQ_EO3_0P5     um28nchllogl35hsl140f_ssgwc0p9v125c
                                                          1.512000  
U2435                     STQ_EO3_0P5     um28nchllogl35hsl140f_ssgwc0p9v125c
                                                          1.512000  
U2436                     STQ_EO3_0P5     um28nchllogl35hsl140f_ssgwc0p9v125c
                                                          1.512000  
U2437                     STQ_EO2_S_2     um28nchllogl35hsl140f_ssgwc0p9v125c
                                                          1.512000  
U2438                     STQ_EO3_0P5     um28nchllogl35hsl140f_ssgwc0p9v125c
                                                          1.512000  
U2439                     STQ_EO3_0P5     um28nchllogl35hsl140f_ssgwc0p9v125c
                                                          1.512000  
U2440                     STQ_EO3_0P5     um28nchllogl35hsl140f_ssgwc0p9v125c
                                                          1.512000  
U2441                     STQ_EO3_0P5     um28nchllogl35hsl140f_ssgwc0p9v125c
                                                          1.512000  
U2442                     STQ_EO3_0P5     um28nchllogl35hsl140f_ssgwc0p9v125c
                                                          1.512000  
U2443                     STQ_EO3_0P5     um28nchllogl35hsl140f_ssgwc0p9v125c
                                                          1.512000  
U2444                     STQ_EO3_0P5     um28nchllogl35hsl140f_ssgwc0p9v125c
                                                          1.512000  
U2445                     STQ_EO3_0P5     um28nchllogl35hsl140f_ssgwc0p9v125c
                                                          1.512000  
U2446                     STQ_EO2_S_0P5   um28nchllogl35hsl140f_ssgwc0p9v125c
                                                          1.512000  
U2447                     STQ_EO3_0P5     um28nchllogl35hsl140f_ssgwc0p9v125c
                                                          1.512000  
U2448                     STQ_EO2_S_0P5   um28nchllogl35hsl140f_ssgwc0p9v125c
                                                          1.512000  
U2449                     STQ_EO3_0P5     um28nchllogl35hsl140f_ssgwc0p9v125c
                                                          1.512000  
U2450                     STQ_EO3_0P5     um28nchllogl35hsl140f_ssgwc0p9v125c
                                                          1.512000  
U2451                     STQ_EO3_0P5     um28nchllogl35hsl140f_ssgwc0p9v125c
                                                          1.512000  
U2452                     STQ_EO3_0P5     um28nchllogl35hsl140f_ssgwc0p9v125c
                                                          1.512000  
U2453                     STQ_EO3_0P5     um28nchllogl35hsl140f_ssgwc0p9v125c
                                                          1.512000  
U2454                     STQ_EO3_0P5     um28nchllogl35hsl140f_ssgwc0p9v125c
                                                          1.512000  
U2455                     STQ_EO3_0P5     um28nchllogl35hsl140f_ssgwc0p9v125c
                                                          1.512000  
U2456                     STQ_EO2_S_2     um28nchllogl35hsl140f_ssgwc0p9v125c
                                                          1.512000  
U2457                     STQ_EO2_S_2     um28nchllogl35hsl140f_ssgwc0p9v125c
                                                          1.512000  
U2458                     STQ_EO3_0P5     um28nchllogl35hsl140f_ssgwc0p9v125c
                                                          1.512000  
U2459                     STQ_EO3_0P5     um28nchllogl35hsl140f_ssgwc0p9v125c
                                                          1.512000  
U2460                     STQ_EO3_0P5     um28nchllogl35hsl140f_ssgwc0p9v125c
                                                          1.512000  
U2461                     STQ_EO2_S_0P5   um28nchllogl35hsl140f_ssgwc0p9v125c
                                                          1.512000  
U2462                     STQ_EO3_0P5     um28nchllogl35hsl140f_ssgwc0p9v125c
                                                          1.512000  
U2463                     STQ_EO3_0P5     um28nchllogl35hsl140f_ssgwc0p9v125c
                                                          1.512000  
U2464                     STQ_EO3_0P5     um28nchllogl35hsl140f_ssgwc0p9v125c
                                                          1.512000  
U2465                     STQ_EO3_0P5     um28nchllogl35hsl140f_ssgwc0p9v125c
                                                          1.512000  
U2466                     STQ_EO3_0P5     um28nchllogl35hsl140f_ssgwc0p9v125c
                                                          1.512000  
U2467                     STQ_OA2BB2_1    um28nchllogl35hsl140f_ssgwc0p9v125c
                                                          1.008000  
U2468                     STQ_EO3_0P5     um28nchllogl35hsl140f_ssgwc0p9v125c
                                                          1.512000  
U2469                     STQ_EO3_0P5     um28nchllogl35hsl140f_ssgwc0p9v125c
                                                          1.512000  
U2470                     STQ_EO3_0P5     um28nchllogl35hsl140f_ssgwc0p9v125c
                                                          1.512000  
U2471                     STQ_EO2_S_2     um28nchllogl35hsl140f_ssgwc0p9v125c
                                                          1.512000  
U2472                     STQ_EO3_0P5     um28nchllogl35hsl140f_ssgwc0p9v125c
                                                          1.512000  
U2473                     STQ_EO3_0P5     um28nchllogl35hsl140f_ssgwc0p9v125c
                                                          1.512000  
U2474                     STQ_EO3_0P5     um28nchllogl35hsl140f_ssgwc0p9v125c
                                                          1.512000  
U2475                     STQ_EO3_0P5     um28nchllogl35hsl140f_ssgwc0p9v125c
                                                          1.512000  
U2476                     STQ_EO3_0P5     um28nchllogl35hsl140f_ssgwc0p9v125c
                                                          1.512000  
U2477                     STQ_EO3_0P5     um28nchllogl35hsl140f_ssgwc0p9v125c
                                                          1.512000  
U2478                     STQ_EO3_0P5     um28nchllogl35hsl140f_ssgwc0p9v125c
                                                          1.512000  
U2479                     STQ_EO3_0P5     um28nchllogl35hsl140f_ssgwc0p9v125c
                                                          1.512000  
U2480                     STQ_EO3_0P5     um28nchllogl35hsl140f_ssgwc0p9v125c
                                                          1.512000  
U2481                     STQ_EO2_S_0P5   um28nchllogl35hsl140f_ssgwc0p9v125c
                                                          1.512000  
U2482                     STQ_EO3_0P5     um28nchllogl35hsl140f_ssgwc0p9v125c
                                                          1.512000  
U2483                     STQ_EO3_0P5     um28nchllogl35hsl140f_ssgwc0p9v125c
                                                          1.512000  
U2484                     STQ_EO3_0P5     um28nchllogl35hsl140f_ssgwc0p9v125c
                                                          1.512000  
U2485                     STQ_EO3_0P5     um28nchllogl35hsl140f_ssgwc0p9v125c
                                                          1.512000  
U2486                     STQ_EO3_0P5     um28nchllogl35hsl140f_ssgwc0p9v125c
                                                          1.512000  
U2487                     STQ_EO3_0P5     um28nchllogl35hsl140f_ssgwc0p9v125c
                                                          1.512000  
U2488                     STQ_EO3_0P5     um28nchllogl35hsl140f_ssgwc0p9v125c
                                                          1.512000  
U2489                     STQ_EO3_0P5     um28nchllogl35hsl140f_ssgwc0p9v125c
                                                          1.512000  
U2490                     STQ_EO2_S_0P5   um28nchllogl35hsl140f_ssgwc0p9v125c
                                                          1.512000  
U2491                     STQ_EO3_0P5     um28nchllogl35hsl140f_ssgwc0p9v125c
                                                          1.512000  
U2492                     STQ_EO2_S_0P5   um28nchllogl35hsl140f_ssgwc0p9v125c
                                                          1.512000  
U2493                     STQ_EO3_0P5     um28nchllogl35hsl140f_ssgwc0p9v125c
                                                          1.512000  
U2494                     STQ_EO2_S_0P5   um28nchllogl35hsl140f_ssgwc0p9v125c
                                                          1.512000  
U2495                     STQ_EO3_0P5     um28nchllogl35hsl140f_ssgwc0p9v125c
                                                          1.512000  
U2496                     STQ_EO3_0P5     um28nchllogl35hsl140f_ssgwc0p9v125c
                                                          1.512000  
U2497                     STQ_EO2_S_0P5   um28nchllogl35hsl140f_ssgwc0p9v125c
                                                          1.512000  
U2498                     STQ_EO3_0P5     um28nchllogl35hsl140f_ssgwc0p9v125c
                                                          1.512000  
U2499                     STQ_EO3_0P5     um28nchllogl35hsl140f_ssgwc0p9v125c
                                                          1.512000  
U2500                     STQ_EO3_0P5     um28nchllogl35hsl140f_ssgwc0p9v125c
                                                          1.512000  
U2501                     STQ_EO3_0P5     um28nchllogl35hsl140f_ssgwc0p9v125c
                                                          1.512000  
U2502                     STQ_EO3_0P5     um28nchllogl35hsl140f_ssgwc0p9v125c
                                                          1.512000  
U2503                     STQ_EO3_0P5     um28nchllogl35hsl140f_ssgwc0p9v125c
                                                          1.512000  
U2504                     STQ_EO3_0P5     um28nchllogl35hsl140f_ssgwc0p9v125c
                                                          1.512000  
U2505                     STQ_EO3_0P5     um28nchllogl35hsl140f_ssgwc0p9v125c
                                                          1.512000  
U2506                     STQ_EO3_0P5     um28nchllogl35hsl140f_ssgwc0p9v125c
                                                          1.512000  
U2507                     STQ_EO3_0P5     um28nchllogl35hsl140f_ssgwc0p9v125c
                                                          1.512000  
U2508                     STQ_EO3_0P5     um28nchllogl35hsl140f_ssgwc0p9v125c
                                                          1.512000  
U2509                     STQ_EO3_0P5     um28nchllogl35hsl140f_ssgwc0p9v125c
                                                          1.512000  
U2510                     STQ_EO3_0P5     um28nchllogl35hsl140f_ssgwc0p9v125c
                                                          1.512000  
U2511                     STQ_EO3_0P5     um28nchllogl35hsl140f_ssgwc0p9v125c
                                                          1.512000  
U2512                     STQ_EO2_S_0P5   um28nchllogl35hsl140f_ssgwc0p9v125c
                                                          1.512000  
U2513                     STQ_EO3_0P5     um28nchllogl35hsl140f_ssgwc0p9v125c
                                                          1.512000  
U2514                     STQ_AO2BB2_0P5  um28nchllogl35hsl140f_ssgwc0p9v125c
                                                          1.008000  
U2515                     STQ_EO3_0P5     um28nchllogl35hsl140f_ssgwc0p9v125c
                                                          1.512000  
U2516                     STQ_EO3_2       um28nchllogl35hsl140f_ssgwc0p9v125c
                                                          2.688000  
U2517                     STQ_EO3_0P5     um28nchllogl35hsl140f_ssgwc0p9v125c
                                                          1.512000  
U2518                     STQ_EO3_0P5     um28nchllogl35hsl140f_ssgwc0p9v125c
                                                          1.512000  
U2519                     STQ_EO3_0P5     um28nchllogl35hsl140f_ssgwc0p9v125c
                                                          1.512000  
U2520                     STQ_EO3_3       um28nchllogl35hsl140f_ssgwc0p9v125c
                                                          4.200000  
U2521                     STQ_EO3_0P5     um28nchllogl35hsl140f_ssgwc0p9v125c
                                                          1.512000  
U2522                     STQ_EO2_S_0P5   um28nchllogl35hsl140f_ssgwc0p9v125c
                                                          1.512000  
U2523                     STQ_EO3_0P5     um28nchllogl35hsl140f_ssgwc0p9v125c
                                                          1.512000  
U2524                     STQ_EO3_1       um28nchllogl35hsl140f_ssgwc0p9v125c
                                                          2.184000  
U2525                     STQ_EO3_2       um28nchllogl35hsl140f_ssgwc0p9v125c
                                                          2.688000  
U2526                     STQ_EO2_S_2     um28nchllogl35hsl140f_ssgwc0p9v125c
                                                          1.512000  
U2527                     STQ_EO3_0P5     um28nchllogl35hsl140f_ssgwc0p9v125c
                                                          1.512000  
U2528                     STQ_EO3_0P5     um28nchllogl35hsl140f_ssgwc0p9v125c
                                                          1.512000  
U2529                     STQ_EO2_S_0P5   um28nchllogl35hsl140f_ssgwc0p9v125c
                                                          1.512000  
U2530                     STQ_EO3_0P5     um28nchllogl35hsl140f_ssgwc0p9v125c
                                                          1.512000  
U2531                     STQ_EO3_0P5     um28nchllogl35hsl140f_ssgwc0p9v125c
                                                          1.512000  
U2532                     STQ_EO3_0P5     um28nchllogl35hsl140f_ssgwc0p9v125c
                                                          1.512000  
U2533                     STQ_EO3_0P5     um28nchllogl35hsl140f_ssgwc0p9v125c
                                                          1.512000  
U2534                     STQ_EO3_0P5     um28nchllogl35hsl140f_ssgwc0p9v125c
                                                          1.512000  
--------------------------------------------------------------------------------
Total 1104 cells                                          1666.391962
1
