 
****************************************
Report : cell
Design : SEC_DED_DECODER
Version: Q-2019.12-SP5-5
Date   : Wed Apr  1 15:45:58 2026
****************************************

Attributes:
    b - black box (unknown)
    h - hierarchical
    n - noncombinational
    r - removable
    u - contains unmapped logic

Cell                      Reference       Library             Area  Attributes
--------------------------------------------------------------------------------
U2420                     STQ_AOAI211_0P75
                                          um28nchllogl35hsl140f_ssgwc0p9v125c
                                                          0.840000  
U2421                     STQ_OA21B_1     um28nchllogl35hsl140f_ssgwc0p9v125c
                                                          0.840000  
U2422                     STQ_AOAI211_0P75
                                          um28nchllogl35hsl140f_ssgwc0p9v125c
                                                          0.840000  
U2423                     STQ_ND2_G_1     um28nchllogl35hsl140f_ssgwc0p9v125c
                                                          0.504000  
U2424                     STQ_INV_S_0P65  um28nchllogl35hsl140f_ssgwc0p9v125c
                                                          0.336000  
U2425                     STQ_NR2_G_0P8   um28nchllogl35hsl140f_ssgwc0p9v125c
                                                          0.504000  
U2426                     STQ_NR2_G_0P8   um28nchllogl35hsl140f_ssgwc0p9v125c
                                                          0.504000  
U2427                     STQ_NR4BB_0P75  um28nchllogl35hsl140f_ssgwc0p9v125c
                                                          1.176000  
U2428                     STQ_INV_2       um28nchllogl35hsl140f_ssgwc0p9v125c
                                                          0.504000  
U2429                     STQ_NR2_G_0P8   um28nchllogl35hsl140f_ssgwc0p9v125c
                                                          0.504000  
U2430                     STQ_NR2_G_0P8   um28nchllogl35hsl140f_ssgwc0p9v125c
                                                          0.504000  
U2431                     STQ_NR2_G_0P8   um28nchllogl35hsl140f_ssgwc0p9v125c
                                                          0.504000  
U2432                     STQ_NR3_G_1     um28nchllogl35hsl140f_ssgwc0p9v125c
                                                          0.672000  
U2433                     STQ_NR2_1       um28nchllogl35hsl140f_ssgwc0p9v125c
                                                          0.504000  
U2434                     STQ_NR2B_1      um28nchllogl35hsl140f_ssgwc0p9v125c
                                                          0.672000  
U2435                     STQ_NR2_G_0P8   um28nchllogl35hsl140f_ssgwc0p9v125c
                                                          0.504000  
U2436                     STQ_NR2_G_0P8   um28nchllogl35hsl140f_ssgwc0p9v125c
                                                          0.504000  
U2437                     STQ_OR2_1       um28nchllogl35hsl140f_ssgwc0p9v125c
                                                          0.672000  
U2438                     STQ_NR3_G_1     um28nchllogl35hsl140f_ssgwc0p9v125c
                                                          0.672000  
U2439                     STQ_OR2_1       um28nchllogl35hsl140f_ssgwc0p9v125c
                                                          0.672000  
U2440                     STQ_NR3_G_1     um28nchllogl35hsl140f_ssgwc0p9v125c
                                                          0.672000  
U2441                     STQ_NR2_G_0P5   um28nchllogl35hsl140f_ssgwc0p9v125c
                                                          0.504000  
U2442                     STQ_ND2B_V1DG_1 um28nchllogl35hsl140f_ssgwc0p9v125c
                                                          0.672000  
U2443                     STQ_NR2B_1      um28nchllogl35hsl140f_ssgwc0p9v125c
                                                          0.672000  
U2444                     STQ_OR2_1       um28nchllogl35hsl140f_ssgwc0p9v125c
                                                          0.672000  
U2445                     STQ_OR2_1       um28nchllogl35hsl140f_ssgwc0p9v125c
                                                          0.672000  
U2446                     STQ_ND2_G_1     um28nchllogl35hsl140f_ssgwc0p9v125c
                                                          0.504000  
U2447                     STQ_OR2_1       um28nchllogl35hsl140f_ssgwc0p9v125c
                                                          0.672000  
U2448                     STQ_NR2_1       um28nchllogl35hsl140f_ssgwc0p9v125c
                                                          0.504000  
U2449                     STQ_NR2_1       um28nchllogl35hsl140f_ssgwc0p9v125c
                                                          0.504000  
U2450                     STQ_NR2_1       um28nchllogl35hsl140f_ssgwc0p9v125c
                                                          0.504000  
U2451                     STQ_NR2_1       um28nchllogl35hsl140f_ssgwc0p9v125c
                                                          0.504000  
U2452                     STQ_OR2_1       um28nchllogl35hsl140f_ssgwc0p9v125c
                                                          0.672000  
U2453                     STQ_OR2_1       um28nchllogl35hsl140f_ssgwc0p9v125c
                                                          0.672000  
U2454                     STQ_OR2_1       um28nchllogl35hsl140f_ssgwc0p9v125c
                                                          0.672000  
U2455                     STQ_OR2_1       um28nchllogl35hsl140f_ssgwc0p9v125c
                                                          0.672000  
U2456                     STQ_OR2_1       um28nchllogl35hsl140f_ssgwc0p9v125c
                                                          0.672000  
U2457                     STQ_NR2_1       um28nchllogl35hsl140f_ssgwc0p9v125c
                                                          0.504000  
U2458                     STQ_OR2_1       um28nchllogl35hsl140f_ssgwc0p9v125c
                                                          0.672000  
U2459                     STQ_NR3_G_0P8   um28nchllogl35hsl140f_ssgwc0p9v125c
                                                          0.672000  
U2460                     STQ_OR2_1       um28nchllogl35hsl140f_ssgwc0p9v125c
                                                          0.672000  
U2461                     STQ_NR2_G_0P8   um28nchllogl35hsl140f_ssgwc0p9v125c
                                                          0.504000  
U2462                     STQ_OR2_1       um28nchllogl35hsl140f_ssgwc0p9v125c
                                                          0.672000  
U2463                     STQ_OR2_1       um28nchllogl35hsl140f_ssgwc0p9v125c
                                                          0.672000  
U2464                     STQ_OR2_1       um28nchllogl35hsl140f_ssgwc0p9v125c
                                                          0.672000  
U2465                     STQ_OR2_1       um28nchllogl35hsl140f_ssgwc0p9v125c
                                                          0.672000  
U2466                     STQ_OR2_1       um28nchllogl35hsl140f_ssgwc0p9v125c
                                                          0.672000  
U2467                     STQ_NR3_G_1     um28nchllogl35hsl140f_ssgwc0p9v125c
                                                          0.672000  
U2468                     STQ_NR2_G_0P8   um28nchllogl35hsl140f_ssgwc0p9v125c
                                                          0.504000  
U2469                     STQ_ND2B_V1DG_1 um28nchllogl35hsl140f_ssgwc0p9v125c
                                                          0.672000  
U2470                     STQ_NR2_G_0P5   um28nchllogl35hsl140f_ssgwc0p9v125c
                                                          0.504000  
U2471                     STQ_NR2_G_0P5   um28nchllogl35hsl140f_ssgwc0p9v125c
                                                          0.504000  
U2472                     STQ_NR2_G_0P5   um28nchllogl35hsl140f_ssgwc0p9v125c
                                                          0.504000  
U2473                     STQ_NR3_G_1     um28nchllogl35hsl140f_ssgwc0p9v125c
                                                          0.672000  
U2474                     STQ_OR2_1       um28nchllogl35hsl140f_ssgwc0p9v125c
                                                          0.672000  
U2475                     STQ_OR2_1       um28nchllogl35hsl140f_ssgwc0p9v125c
                                                          0.672000  
U2476                     STQ_OR2_1       um28nchllogl35hsl140f_ssgwc0p9v125c
                                                          0.672000  
U2477                     STQ_NR3_G_0P65  um28nchllogl35hsl140f_ssgwc0p9v125c
                                                          0.672000  
U2478                     STQ_OR2_1       um28nchllogl35hsl140f_ssgwc0p9v125c
                                                          0.672000  
U2479                     STQ_ND2B_V1DG_1 um28nchllogl35hsl140f_ssgwc0p9v125c
                                                          0.672000  
U2480                     STQ_ND2B_V1DG_1 um28nchllogl35hsl140f_ssgwc0p9v125c
                                                          0.672000  
U2481                     STQ_AN4B_2      um28nchllogl35hsl140f_ssgwc0p9v125c
                                                          1.344000  
U2482                     STQ_ND2B_V1DG_1 um28nchllogl35hsl140f_ssgwc0p9v125c
                                                          0.672000  
U2483                     STQ_ND2B_V1DG_1 um28nchllogl35hsl140f_ssgwc0p9v125c
                                                          0.672000  
U2484                     STQ_ND2B_V1DG_1 um28nchllogl35hsl140f_ssgwc0p9v125c
                                                          0.672000  
U2485                     STQ_ND2B_V1DG_1 um28nchllogl35hsl140f_ssgwc0p9v125c
                                                          0.672000  
U2486                     STQ_NR2_G_0P5   um28nchllogl35hsl140f_ssgwc0p9v125c
                                                          0.504000  
U2487                     STQ_ND2B_MM_1   um28nchllogl35hsl140f_ssgwc0p9v125c
                                                          0.672000  
U2488                     STQ_OR2_1       um28nchllogl35hsl140f_ssgwc0p9v125c
                                                          0.672000  
U2489                     STQ_ND2B_V1DG_1 um28nchllogl35hsl140f_ssgwc0p9v125c
                                                          0.672000  
U2490                     STQ_ND2B_V1DG_1 um28nchllogl35hsl140f_ssgwc0p9v125c
                                                          0.672000  
U2491                     STQ_ND2B_V1DG_1 um28nchllogl35hsl140f_ssgwc0p9v125c
                                                          0.672000  
U2492                     STQ_ND2_S_0P8   um28nchllogl35hsl140f_ssgwc0p9v125c
                                                          0.504000  
U2493                     STQ_ND2B_V1DG_1 um28nchllogl35hsl140f_ssgwc0p9v125c
                                                          0.672000  
U2494                     STQ_NR2_G_0P5   um28nchllogl35hsl140f_ssgwc0p9v125c
                                                          0.504000  
U2495                     STQ_ND2B_MM_1   um28nchllogl35hsl140f_ssgwc0p9v125c
                                                          0.672000  
U2496                     STQ_OAI21_1     um28nchllogl35hsl140f_ssgwc0p9v125c
                                                          0.672000  
U2497                     STQ_ND2B_V1DG_1 um28nchllogl35hsl140f_ssgwc0p9v125c
                                                          0.672000  
U2498                     STQ_ND2_S_0P8   um28nchllogl35hsl140f_ssgwc0p9v125c
                                                          0.504000  
U2499                     STQ_ND2B_V1DG_1 um28nchllogl35hsl140f_ssgwc0p9v125c
                                                          0.672000  
U2500                     STQ_ND2B_V1DG_1 um28nchllogl35hsl140f_ssgwc0p9v125c
                                                          0.672000  
U2501                     STQ_ND2B_V1DG_1 um28nchllogl35hsl140f_ssgwc0p9v125c
                                                          0.672000  
U2502                     STQ_OR2_1       um28nchllogl35hsl140f_ssgwc0p9v125c
                                                          0.672000  
U2503                     STQ_ND2_S_0P8   um28nchllogl35hsl140f_ssgwc0p9v125c
                                                          0.504000  
U2504                     STQ_ND2B_V1DG_1 um28nchllogl35hsl140f_ssgwc0p9v125c
                                                          0.672000  
U2505                     STQ_OAOI211_1   um28nchllogl35hsl140f_ssgwc0p9v125c
                                                          0.840000  
U2506                     STQ_NR2_G_0P5   um28nchllogl35hsl140f_ssgwc0p9v125c
                                                          0.504000  
U2507                     STQ_AN4B_2      um28nchllogl35hsl140f_ssgwc0p9v125c
                                                          1.344000  
U2508                     STQ_ND2B_MM_1   um28nchllogl35hsl140f_ssgwc0p9v125c
                                                          0.672000  
U2509                     STQ_NR2_1       um28nchllogl35hsl140f_ssgwc0p9v125c
                                                          0.504000  
U2510                     STQ_NR2_1       um28nchllogl35hsl140f_ssgwc0p9v125c
                                                          0.504000  
U2511                     STQ_NR2_1       um28nchllogl35hsl140f_ssgwc0p9v125c
                                                          0.504000  
U2512                     STQ_OR2_1       um28nchllogl35hsl140f_ssgwc0p9v125c
                                                          0.672000  
U2513                     STQ_INV_S_1     um28nchllogl35hsl140f_ssgwc0p9v125c
                                                          0.336000  
U2514                     STQ_ND2B_MM_1   um28nchllogl35hsl140f_ssgwc0p9v125c
                                                          0.672000  
U2515                     STQ_INV_S_0P65  um28nchllogl35hsl140f_ssgwc0p9v125c
                                                          0.336000  
U2516                     STQ_INV_S_0P65  um28nchllogl35hsl140f_ssgwc0p9v125c
                                                          0.336000  
U2517                     STQ_ND2B_V1DG_1 um28nchllogl35hsl140f_ssgwc0p9v125c
                                                          0.672000  
U2518                     STQ_OAI21_1P5   um28nchllogl35hsl140f_ssgwc0p9v125c
                                                          1.176000  
U2519                     STQ_ND2B_V1DG_1 um28nchllogl35hsl140f_ssgwc0p9v125c
                                                          0.672000  
U2520                     STQ_ND2B_V1DG_1 um28nchllogl35hsl140f_ssgwc0p9v125c
                                                          0.672000  
U2521                     STQ_NR2_G_0P5   um28nchllogl35hsl140f_ssgwc0p9v125c
                                                          0.504000  
U2522                     STQ_INV_S_5     um28nchllogl35hsl140f_ssgwc0p9v125c
                                                          1.008000  
U2523                     STQ_INV_6       um28nchllogl35hsl140f_ssgwc0p9v125c
                                                          1.176000  
U2524                     STQ_OR2_1       um28nchllogl35hsl140f_ssgwc0p9v125c
                                                          0.672000  
U2525                     STQ_OR3_L_1P5   um28nchllogl35hsl140f_ssgwc0p9v125c
                                                          1.008000  
U2526                     STQ_ND2B_2      um28nchllogl35hsl140f_ssgwc0p9v125c
                                                          1.008000  
U2527                     STQ_ND2_7       um28nchllogl35hsl140f_ssgwc0p9v125c
                                                          2.520000  
U2528                     STQ_ND2_G_2     um28nchllogl35hsl140f_ssgwc0p9v125c
                                                          0.840000  
U2529                     STQ_ND2_S_3     um28nchllogl35hsl140f_ssgwc0p9v125c
                                                          1.176000  
U2530                     STQ_INV_S_0P65  um28nchllogl35hsl140f_ssgwc0p9v125c
                                                          0.336000  
U2531                     STQ_OR2_6       um28nchllogl35hsl140f_ssgwc0p9v125c
                                                          2.184000  
U2532                     STQ_INV_S_0P65  um28nchllogl35hsl140f_ssgwc0p9v125c
                                                          0.336000  
U2533                     STQ_INV_S_1     um28nchllogl35hsl140f_ssgwc0p9v125c
                                                          0.336000  
U2534                     STQ_INV_S_0P65  um28nchllogl35hsl140f_ssgwc0p9v125c
                                                          0.336000  
U2535                     STQ_OR2_1       um28nchllogl35hsl140f_ssgwc0p9v125c
                                                          0.672000  
U2536                     STQ_ND2B_MM_1   um28nchllogl35hsl140f_ssgwc0p9v125c
                                                          0.672000  
U2537                     STQ_INV_S_0P65  um28nchllogl35hsl140f_ssgwc0p9v125c
                                                          0.336000  
U2538                     STQ_ND2_7       um28nchllogl35hsl140f_ssgwc0p9v125c
                                                          2.520000  
U2539                     STQ_BUF_2       um28nchllogl35hsl140f_ssgwc0p9v125c
                                                          0.672000  
U2540                     STQ_INV_S_0P65  um28nchllogl35hsl140f_ssgwc0p9v125c
                                                          0.336000  
U2541                     STQ_ND2_G_2     um28nchllogl35hsl140f_ssgwc0p9v125c
                                                          0.840000  
U2542                     STQ_OR2_1       um28nchllogl35hsl140f_ssgwc0p9v125c
                                                          0.672000  
U2543                     STQ_ND2_G_1     um28nchllogl35hsl140f_ssgwc0p9v125c
                                                          0.504000  
U2544                     STQ_ND2_6       um28nchllogl35hsl140f_ssgwc0p9v125c
                                                          2.184000  
U2545                     STQ_OR2_1       um28nchllogl35hsl140f_ssgwc0p9v125c
                                                          0.672000  
U2546                     STQ_ND2B_2      um28nchllogl35hsl140f_ssgwc0p9v125c
                                                          1.008000  
U2547                     STQ_OR2_1       um28nchllogl35hsl140f_ssgwc0p9v125c
                                                          0.672000  
U2548                     STQ_OR2_1       um28nchllogl35hsl140f_ssgwc0p9v125c
                                                          0.672000  
U2549                     STQ_ND2B_2      um28nchllogl35hsl140f_ssgwc0p9v125c
                                                          1.008000  
U2550                     STQ_NR2_3       um28nchllogl35hsl140f_ssgwc0p9v125c
                                                          1.176000  
U2551                     STQ_INV_S_0P65  um28nchllogl35hsl140f_ssgwc0p9v125c
                                                          0.336000  
U2552                     STQ_OR3B_1      um28nchllogl35hsl140f_ssgwc0p9v125c
                                                          0.840000  
U2553                     STQ_INV_2       um28nchllogl35hsl140f_ssgwc0p9v125c
                                                          0.504000  
U2554                     STQ_OR2_1       um28nchllogl35hsl140f_ssgwc0p9v125c
                                                          0.672000  
U2555                     STQ_INV_S_0P65  um28nchllogl35hsl140f_ssgwc0p9v125c
                                                          0.336000  
U2556                     STQ_OR2_1       um28nchllogl35hsl140f_ssgwc0p9v125c
                                                          0.672000  
U2557                     STQ_OR3_L_1P5   um28nchllogl35hsl140f_ssgwc0p9v125c
                                                          1.008000  
U2558                     STQ_OR2_1       um28nchllogl35hsl140f_ssgwc0p9v125c
                                                          0.672000  
U2559                     STQ_INV_S_0P65  um28nchllogl35hsl140f_ssgwc0p9v125c
                                                          0.336000  
U2560                     STQ_OR2_1       um28nchllogl35hsl140f_ssgwc0p9v125c
                                                          0.672000  
U2561                     STQ_OR2_1       um28nchllogl35hsl140f_ssgwc0p9v125c
                                                          0.672000  
U2562                     STQ_OR2_1       um28nchllogl35hsl140f_ssgwc0p9v125c
                                                          0.672000  
U2563                     STQ_ND3_1       um28nchllogl35hsl140f_ssgwc0p9v125c
                                                          0.672000  
U2564                     STQ_OR2_1       um28nchllogl35hsl140f_ssgwc0p9v125c
                                                          0.672000  
U2565                     STQ_OR2_1       um28nchllogl35hsl140f_ssgwc0p9v125c
                                                          0.672000  
U2566                     STQ_ND2_S_1     um28nchllogl35hsl140f_ssgwc0p9v125c
                                                          0.504000  
U2567                     STQ_OR2_1       um28nchllogl35hsl140f_ssgwc0p9v125c
                                                          0.672000  
U2568                     STQ_OR2_1       um28nchllogl35hsl140f_ssgwc0p9v125c
                                                          0.672000  
U2569                     STQ_OR2_1       um28nchllogl35hsl140f_ssgwc0p9v125c
                                                          0.672000  
U2570                     STQ_OR2_2       um28nchllogl35hsl140f_ssgwc0p9v125c
                                                          0.840000  
U2571                     STQ_ND2_S_1     um28nchllogl35hsl140f_ssgwc0p9v125c
                                                          0.504000  
U2572                     STQ_OR2_1       um28nchllogl35hsl140f_ssgwc0p9v125c
                                                          0.672000  
U2573                     STQ_OR2_1       um28nchllogl35hsl140f_ssgwc0p9v125c
                                                          0.672000  
U2574                     STQ_OR2_1       um28nchllogl35hsl140f_ssgwc0p9v125c
                                                          0.672000  
U2575                     STQ_OR2_2       um28nchllogl35hsl140f_ssgwc0p9v125c
                                                          0.840000  
U2576                     STQ_OR2_1       um28nchllogl35hsl140f_ssgwc0p9v125c
                                                          0.672000  
U2577                     STQ_OR2_2       um28nchllogl35hsl140f_ssgwc0p9v125c
                                                          0.840000  
U2578                     STQ_OR2_1       um28nchllogl35hsl140f_ssgwc0p9v125c
                                                          0.672000  
U2579                     STQ_ND2_S_0P8   um28nchllogl35hsl140f_ssgwc0p9v125c
                                                          0.504000  
U2580                     STQ_ND2_S_0P8   um28nchllogl35hsl140f_ssgwc0p9v125c
                                                          0.504000  
U2581                     STQ_ND2_S_1     um28nchllogl35hsl140f_ssgwc0p9v125c
                                                          0.504000  
U2582                     STQ_ND2_S_1     um28nchllogl35hsl140f_ssgwc0p9v125c
                                                          0.504000  
U2583                     STQ_INV_S_0P65  um28nchllogl35hsl140f_ssgwc0p9v125c
                                                          0.336000  
U2584                     STQ_ND2_S_0P8   um28nchllogl35hsl140f_ssgwc0p9v125c
                                                          0.504000  
U2585                     STQ_ND2_S_1     um28nchllogl35hsl140f_ssgwc0p9v125c
                                                          0.504000  
U2586                     STQ_ND2_S_1     um28nchllogl35hsl140f_ssgwc0p9v125c
                                                          0.504000  
U2587                     STQ_ND2_S_1     um28nchllogl35hsl140f_ssgwc0p9v125c
                                                          0.504000  
U2588                     STQ_INV_S_1     um28nchllogl35hsl140f_ssgwc0p9v125c
                                                          0.336000  
U2589                     STQ_NR2_G_0P8   um28nchllogl35hsl140f_ssgwc0p9v125c
                                                          0.504000  
U2590                     STQ_INV_6       um28nchllogl35hsl140f_ssgwc0p9v125c
                                                          1.176000  
U2591                     STQ_ND2B_V1DG_1 um28nchllogl35hsl140f_ssgwc0p9v125c
                                                          0.672000  
U2592                     STQ_INV_S_0P65  um28nchllogl35hsl140f_ssgwc0p9v125c
                                                          0.336000  
U2593                     STQ_INV_S_0P65  um28nchllogl35hsl140f_ssgwc0p9v125c
                                                          0.336000  
U2594                     STQ_ND2_G_3     um28nchllogl35hsl140f_ssgwc0p9v125c
                                                          1.176000  
U2595                     STQ_NR2_G_0P8   um28nchllogl35hsl140f_ssgwc0p9v125c
                                                          0.504000  
U2596                     STQ_OR2_1       um28nchllogl35hsl140f_ssgwc0p9v125c
                                                          0.672000  
U2597                     STQ_NR3_G_1     um28nchllogl35hsl140f_ssgwc0p9v125c
                                                          0.672000  
U2598                     STQ_NR2_3       um28nchllogl35hsl140f_ssgwc0p9v125c
                                                          1.176000  
U2599                     STQ_ND2B_MM_1   um28nchllogl35hsl140f_ssgwc0p9v125c
                                                          0.672000  
U2600                     STQ_ND3_2       um28nchllogl35hsl140f_ssgwc0p9v125c
                                                          1.176000  
U2601                     STQ_INV_S_1     um28nchllogl35hsl140f_ssgwc0p9v125c
                                                          0.336000  
U2602                     STQ_INV_S_0P65  um28nchllogl35hsl140f_ssgwc0p9v125c
                                                          0.336000  
U2603                     STQ_AN3B_2      um28nchllogl35hsl140f_ssgwc0p9v125c
                                                          1.176000  
U2604                     STQ_NR2_2       um28nchllogl35hsl140f_ssgwc0p9v125c
                                                          0.840000  
U2605                     STQ_NR2_1       um28nchllogl35hsl140f_ssgwc0p9v125c
                                                          0.504000  
U2606                     STQ_ND2_G_1     um28nchllogl35hsl140f_ssgwc0p9v125c
                                                          0.504000  
U2607                     STQ_ND2_S_2     um28nchllogl35hsl140f_ssgwc0p9v125c
                                                          0.840000  
U2608                     STQ_AN4B_2      um28nchllogl35hsl140f_ssgwc0p9v125c
                                                          1.344000  
U2609                     STQ_NR2_G_0P8   um28nchllogl35hsl140f_ssgwc0p9v125c
                                                          0.504000  
U2610                     STQ_INV_S_1     um28nchllogl35hsl140f_ssgwc0p9v125c
                                                          0.336000  
U2611                     STQ_ND2_S_0P8   um28nchllogl35hsl140f_ssgwc0p9v125c
                                                          0.504000  
U2612                     STQ_ND2_G_2     um28nchllogl35hsl140f_ssgwc0p9v125c
                                                          0.840000  
U2613                     STQ_BUF_3       um28nchllogl35hsl140f_ssgwc0p9v125c
                                                          1.008000  
U2614                     STQ_INV_S_1     um28nchllogl35hsl140f_ssgwc0p9v125c
                                                          0.336000  
U2615                     STQ_OR2_6       um28nchllogl35hsl140f_ssgwc0p9v125c
                                                          2.184000  
U2616                     STQ_ND4_MM_1    um28nchllogl35hsl140f_ssgwc0p9v125c
                                                          0.840000  
U2617                     STQ_INV_S_0P65  um28nchllogl35hsl140f_ssgwc0p9v125c
                                                          0.336000  
U2618                     STQ_ND2_S_2     um28nchllogl35hsl140f_ssgwc0p9v125c
                                                          0.840000  
U2619                     STQ_OR2_1       um28nchllogl35hsl140f_ssgwc0p9v125c
                                                          0.672000  
U2620                     STQ_ND2_S_5     um28nchllogl35hsl140f_ssgwc0p9v125c
                                                          1.512000  
U2621                     STQ_NR2_1       um28nchllogl35hsl140f_ssgwc0p9v125c
                                                          0.504000  
U2622                     STQ_NR2_G_0P5   um28nchllogl35hsl140f_ssgwc0p9v125c
                                                          0.504000  
U2623                     STQ_OR2_1       um28nchllogl35hsl140f_ssgwc0p9v125c
                                                          0.672000  
U2624                     STQ_OR2_1       um28nchllogl35hsl140f_ssgwc0p9v125c
                                                          0.672000  
U2625                     STQ_INV_S_0P65  um28nchllogl35hsl140f_ssgwc0p9v125c
                                                          0.336000  
U2626                     STQ_BUF_1       um28nchllogl35hsl140f_ssgwc0p9v125c
                                                          0.504000  
U2627                     STQ_ND4_1       um28nchllogl35hsl140f_ssgwc0p9v125c
                                                          0.840000  
U2628                     STQ_ND2_G_3     um28nchllogl35hsl140f_ssgwc0p9v125c
                                                          1.176000  
U2629                     STQ_NR2_3       um28nchllogl35hsl140f_ssgwc0p9v125c
                                                          1.176000  
U2630                     STQ_INV_S_1     um28nchllogl35hsl140f_ssgwc0p9v125c
                                                          0.336000  
U2631                     STQ_INV_2       um28nchllogl35hsl140f_ssgwc0p9v125c
                                                          0.504000  
U2632                     STQ_ND4_MM_4    um28nchllogl35hsl140f_ssgwc0p9v125c
                                                          2.520000  
U2633                     STQ_BUF_D_2     um28nchllogl35hsl140f_ssgwc0p9v125c
                                                          0.672000  
U2634                     STQ_INV_2P5     um28nchllogl35hsl140f_ssgwc0p9v125c
                                                          0.672000  
U2635                     STQ_OR2_2       um28nchllogl35hsl140f_ssgwc0p9v125c
                                                          0.840000  
U2636                     STQ_BUF_1P5     um28nchllogl35hsl140f_ssgwc0p9v125c
                                                          0.672000  
U2637                     STQ_INV_S_1     um28nchllogl35hsl140f_ssgwc0p9v125c
                                                          0.336000  
U2638                     STQ_INV_S_1     um28nchllogl35hsl140f_ssgwc0p9v125c
                                                          0.336000  
U2639                     STQ_NR2_3       um28nchllogl35hsl140f_ssgwc0p9v125c
                                                          1.176000  
U2640                     STQ_NR2_G_0P5   um28nchllogl35hsl140f_ssgwc0p9v125c
                                                          0.504000  
U2641                     STQ_BUF_3       um28nchllogl35hsl140f_ssgwc0p9v125c
                                                          1.008000  
U2642                     STQ_NR3_G_1     um28nchllogl35hsl140f_ssgwc0p9v125c
                                                          0.672000  
U2643                     STQ_NR2_1       um28nchllogl35hsl140f_ssgwc0p9v125c
                                                          0.504000  
U2644                     STQ_BUF_2       um28nchllogl35hsl140f_ssgwc0p9v125c
                                                          0.672000  
U2645                     STQ_ND2_S_2     um28nchllogl35hsl140f_ssgwc0p9v125c
                                                          0.840000  
U2646                     STQ_INV_2       um28nchllogl35hsl140f_ssgwc0p9v125c
                                                          0.504000  
U2647                     STQ_AN3_0P5     um28nchllogl35hsl140f_ssgwc0p9v125c
                                                          0.840000  
U2648                     STQ_OR2_5       um28nchllogl35hsl140f_ssgwc0p9v125c
                                                          2.016000  
U2649                     STQ_NR2_S_1P5   um28nchllogl35hsl140f_ssgwc0p9v125c
                                                          0.840000  
U2650                     STQ_INV_S_1     um28nchllogl35hsl140f_ssgwc0p9v125c
                                                          0.336000  
U2651                     STQ_INV_2P5     um28nchllogl35hsl140f_ssgwc0p9v125c
                                                          0.672000  
U2652                     STQ_INV_S_1     um28nchllogl35hsl140f_ssgwc0p9v125c
                                                          0.336000  
U2653                     STQ_OR2_6       um28nchllogl35hsl140f_ssgwc0p9v125c
                                                          2.184000  
U2654                     STQ_BUF_1P5     um28nchllogl35hsl140f_ssgwc0p9v125c
                                                          0.672000  
U2655                     STQ_INV_2P5     um28nchllogl35hsl140f_ssgwc0p9v125c
                                                          0.672000  
U2656                     STQ_ND2_S_5     um28nchllogl35hsl140f_ssgwc0p9v125c
                                                          1.512000  
U2657                     STQ_BUF_1       um28nchllogl35hsl140f_ssgwc0p9v125c
                                                          0.504000  
U2658                     STQ_BUF_1       um28nchllogl35hsl140f_ssgwc0p9v125c
                                                          0.504000  
U2659                     STQ_INV_S_0P65  um28nchllogl35hsl140f_ssgwc0p9v125c
                                                          0.336000  
U2660                     STQ_BUF_3       um28nchllogl35hsl140f_ssgwc0p9v125c
                                                          1.008000  
U2661                     STQ_ND2B_V1DG_1 um28nchllogl35hsl140f_ssgwc0p9v125c
                                                          0.672000  
U2662                     STQ_AN3B_2      um28nchllogl35hsl140f_ssgwc0p9v125c
                                                          1.176000  
U2663                     STQ_ND2_G_2     um28nchllogl35hsl140f_ssgwc0p9v125c
                                                          0.840000  
U2664                     STQ_OR2_1       um28nchllogl35hsl140f_ssgwc0p9v125c
                                                          0.672000  
U2665                     STQ_ND3_5       um28nchllogl35hsl140f_ssgwc0p9v125c
                                                          2.688000  
U2666                     STQ_ND2B_8      um28nchllogl35hsl140f_ssgwc0p9v125c
                                                          3.528000  
U2667                     STQ_ND2_S_6     um28nchllogl35hsl140f_ssgwc0p9v125c
                                                          1.848000  
U2668                     STQ_ND2_S_3     um28nchllogl35hsl140f_ssgwc0p9v125c
                                                          1.176000  
U2669                     STQ_BUF_1       um28nchllogl35hsl140f_ssgwc0p9v125c
                                                          0.504000  
U2670                     STQ_INV_S_1     um28nchllogl35hsl140f_ssgwc0p9v125c
                                                          0.336000  
U2671                     STQ_NR3_G_2     um28nchllogl35hsl140f_ssgwc0p9v125c
                                                          1.176000  
U2672                     STQ_BUF_1       um28nchllogl35hsl140f_ssgwc0p9v125c
                                                          0.504000  
U2673                     STQ_OR2_2       um28nchllogl35hsl140f_ssgwc0p9v125c
                                                          0.840000  
U2674                     STQ_BUF_1P5     um28nchllogl35hsl140f_ssgwc0p9v125c
                                                          0.672000  
U2675                     STQ_BUF_1       um28nchllogl35hsl140f_ssgwc0p9v125c
                                                          0.504000  
U2676                     STQ_ND2_G_2     um28nchllogl35hsl140f_ssgwc0p9v125c
                                                          0.840000  
U2677                     STQ_BUF_3       um28nchllogl35hsl140f_ssgwc0p9v125c
                                                          1.008000  
U2678                     STQ_NR2_8       um28nchllogl35hsl140f_ssgwc0p9v125c
                                                          2.856000  
U2679                     STQ_ND2_G_1     um28nchllogl35hsl140f_ssgwc0p9v125c
                                                          0.504000  
U2680                     STQ_INV_S_1     um28nchllogl35hsl140f_ssgwc0p9v125c
                                                          0.336000  
U2681                     STQ_NR2_2       um28nchllogl35hsl140f_ssgwc0p9v125c
                                                          0.840000  
U2682                     STQ_NR2_S_1P5   um28nchllogl35hsl140f_ssgwc0p9v125c
                                                          0.840000  
U2683                     STQ_NR2_1P5     um28nchllogl35hsl140f_ssgwc0p9v125c
                                                          0.840000  
U2684                     STQ_INV_S_1     um28nchllogl35hsl140f_ssgwc0p9v125c
                                                          0.336000  
U2685                     STQ_ND2B_3      um28nchllogl35hsl140f_ssgwc0p9v125c
                                                          1.512000  
U2686                     STQ_BUF_1       um28nchllogl35hsl140f_ssgwc0p9v125c
                                                          0.504000  
U2687                     STQ_BUF_U_1     um28nchllogl35hsl140f_ssgwc0p9v125c
                                                          0.504000  
U2688                     STQ_INV_2P5     um28nchllogl35hsl140f_ssgwc0p9v125c
                                                          0.672000  
U2689                     STQ_OR3_3       um28nchllogl35hsl140f_ssgwc0p9v125c
                                                          1.680000  
U2690                     STQ_BUF_U_1     um28nchllogl35hsl140f_ssgwc0p9v125c
                                                          0.504000  
U2691                     STQ_INV_S_0P65  um28nchllogl35hsl140f_ssgwc0p9v125c
                                                          0.336000  
U2692                     STQ_BUF_U_1     um28nchllogl35hsl140f_ssgwc0p9v125c
                                                          0.504000  
U2693                     STQ_NR2_G_3P5   um28nchllogl35hsl140f_ssgwc0p9v125c
                                                          1.512000  
U2694                     STQ_BUF_1       um28nchllogl35hsl140f_ssgwc0p9v125c
                                                          0.504000  
U2695                     STQ_NR3_G_1     um28nchllogl35hsl140f_ssgwc0p9v125c
                                                          0.672000  
U2696                     STQ_INV_S_1     um28nchllogl35hsl140f_ssgwc0p9v125c
                                                          0.336000  
U2697                     STQ_INV_S_5     um28nchllogl35hsl140f_ssgwc0p9v125c
                                                          1.008000  
U2698                     STQ_ND2B_V1DG_1 um28nchllogl35hsl140f_ssgwc0p9v125c
                                                          0.672000  
U2699                     STQ_BUF_1       um28nchllogl35hsl140f_ssgwc0p9v125c
                                                          0.504000  
U2700                     STQ_ND3_2       um28nchllogl35hsl140f_ssgwc0p9v125c
                                                          1.176000  
U2701                     STQ_INV_S_1     um28nchllogl35hsl140f_ssgwc0p9v125c
                                                          0.336000  
U2702                     STQ_ND2B_2      um28nchllogl35hsl140f_ssgwc0p9v125c
                                                          1.008000  
U2703                     STQ_NR2_3       um28nchllogl35hsl140f_ssgwc0p9v125c
                                                          1.176000  
U2704                     STQ_INV_S_1     um28nchllogl35hsl140f_ssgwc0p9v125c
                                                          0.336000  
U2705                     STQ_NR2_1       um28nchllogl35hsl140f_ssgwc0p9v125c
                                                          0.504000  
U2706                     STQ_INV_S_0P65  um28nchllogl35hsl140f_ssgwc0p9v125c
                                                          0.336000  
U2707                     STQ_NR2_1       um28nchllogl35hsl140f_ssgwc0p9v125c
                                                          0.504000  
U2708                     STQ_ND2_S_1     um28nchllogl35hsl140f_ssgwc0p9v125c
                                                          0.504000  
U2709                     STQ_ND2B_V1DG_2 um28nchllogl35hsl140f_ssgwc0p9v125c
                                                          1.008000  
U2710                     STQ_NR2_1       um28nchllogl35hsl140f_ssgwc0p9v125c
                                                          0.504000  
U2711                     STQ_ND3_1       um28nchllogl35hsl140f_ssgwc0p9v125c
                                                          0.672000  
U2712                     STQ_NR2_2       um28nchllogl35hsl140f_ssgwc0p9v125c
                                                          0.840000  
U2713                     STQ_ND2_G_4     um28nchllogl35hsl140f_ssgwc0p9v125c
                                                          1.512000  
U2714                     STQ_INV_2       um28nchllogl35hsl140f_ssgwc0p9v125c
                                                          0.504000  
U2715                     STQ_ND3_5       um28nchllogl35hsl140f_ssgwc0p9v125c
                                                          2.688000  
U2716                     STQ_NR2_2       um28nchllogl35hsl140f_ssgwc0p9v125c
                                                          0.840000  
U2717                     STQ_ND2_G_4     um28nchllogl35hsl140f_ssgwc0p9v125c
                                                          1.512000  
U2718                     STQ_ND2_G_2     um28nchllogl35hsl140f_ssgwc0p9v125c
                                                          0.840000  
U2719                     STQ_ND2_G_1     um28nchllogl35hsl140f_ssgwc0p9v125c
                                                          0.504000  
U2720                     STQ_INV_S_1     um28nchllogl35hsl140f_ssgwc0p9v125c
                                                          0.336000  
U2721                     STQ_OR2_2       um28nchllogl35hsl140f_ssgwc0p9v125c
                                                          0.840000  
U2722                     STQ_NR2_1       um28nchllogl35hsl140f_ssgwc0p9v125c
                                                          0.504000  
U2723                     STQ_INV_3       um28nchllogl35hsl140f_ssgwc0p9v125c
                                                          0.672000  
U2724                     STQ_INV_S_1     um28nchllogl35hsl140f_ssgwc0p9v125c
                                                          0.336000  
U2725                     STQ_INV_S_1     um28nchllogl35hsl140f_ssgwc0p9v125c
                                                          0.336000  
U2726                     STQ_INV_S_0P65  um28nchllogl35hsl140f_ssgwc0p9v125c
                                                          0.336000  
U2727                     STQ_INV_3P5     um28nchllogl35hsl140f_ssgwc0p9v125c
                                                          0.840000  
U2728                     STQ_NR2_3       um28nchllogl35hsl140f_ssgwc0p9v125c
                                                          1.176000  
U2729                     STQ_ND3_2       um28nchllogl35hsl140f_ssgwc0p9v125c
                                                          1.176000  
U2730                     STQ_ND2_S_6     um28nchllogl35hsl140f_ssgwc0p9v125c
                                                          1.848000  
U2731                     STQ_NR2_2       um28nchllogl35hsl140f_ssgwc0p9v125c
                                                          0.840000  
U2732                     STQ_INV_4       um28nchllogl35hsl140f_ssgwc0p9v125c
                                                          0.840000  
U2733                     STQ_ND2_G_1     um28nchllogl35hsl140f_ssgwc0p9v125c
                                                          0.504000  
U2734                     STQ_ND2_S_2     um28nchllogl35hsl140f_ssgwc0p9v125c
                                                          0.840000  
U2735                     STQ_AOI211_3    um28nchllogl35hsl140f_ssgwc0p9v125c
                                                          2.184000  
U2736                     STQ_ND2_G_2     um28nchllogl35hsl140f_ssgwc0p9v125c
                                                          0.840000  
U2737                     STQ_NR2_3       um28nchllogl35hsl140f_ssgwc0p9v125c
                                                          1.176000  
U2738                     STQ_ND2_S_2     um28nchllogl35hsl140f_ssgwc0p9v125c
                                                          0.840000  
U2739                     STQ_INV_1P5     um28nchllogl35hsl140f_ssgwc0p9v125c
                                                          0.504000  
U2740                     STQ_ND2_S_5     um28nchllogl35hsl140f_ssgwc0p9v125c
                                                          1.512000  
U2741                     STQ_NR2_G_3P5   um28nchllogl35hsl140f_ssgwc0p9v125c
                                                          1.512000  
U2742                     STQ_INV_S_1P25  um28nchllogl35hsl140f_ssgwc0p9v125c
                                                          0.504000  
U2743                     STQ_NR3_G_2     um28nchllogl35hsl140f_ssgwc0p9v125c
                                                          1.176000  
U2744                     STQ_INV_2       um28nchllogl35hsl140f_ssgwc0p9v125c
                                                          0.504000  
U2745                     STQ_ND2_G_2     um28nchllogl35hsl140f_ssgwc0p9v125c
                                                          0.840000  
U2746                     STQ_NR2_G_2P5   um28nchllogl35hsl140f_ssgwc0p9v125c
                                                          1.176000  
U2747                     STQ_INV_S_1     um28nchllogl35hsl140f_ssgwc0p9v125c
                                                          0.336000  
U2748                     STQ_ND2B_V1DG_1 um28nchllogl35hsl140f_ssgwc0p9v125c
                                                          0.672000  
U2749                     STQ_INV_2       um28nchllogl35hsl140f_ssgwc0p9v125c
                                                          0.504000  
U2750                     STQ_ND2_G_1     um28nchllogl35hsl140f_ssgwc0p9v125c
                                                          0.504000  
U2751                     STQ_OR3_3       um28nchllogl35hsl140f_ssgwc0p9v125c
                                                          1.680000  
U2752                     STQ_OR2_3       um28nchllogl35hsl140f_ssgwc0p9v125c
                                                          1.344000  
U2753                     STQ_INV_3       um28nchllogl35hsl140f_ssgwc0p9v125c
                                                          0.672000  
U2754                     STQ_ND3_2       um28nchllogl35hsl140f_ssgwc0p9v125c
                                                          1.176000  
U2755                     STQ_ND3_2       um28nchllogl35hsl140f_ssgwc0p9v125c
                                                          1.176000  
U2756                     STQ_ND3_2       um28nchllogl35hsl140f_ssgwc0p9v125c
                                                          1.176000  
U2757                     STQ_ND3_2       um28nchllogl35hsl140f_ssgwc0p9v125c
                                                          1.176000  
U2758                     STQ_INV_2P5     um28nchllogl35hsl140f_ssgwc0p9v125c
                                                          0.672000  
U2759                     STQ_ND2_S_6     um28nchllogl35hsl140f_ssgwc0p9v125c
                                                          1.848000  
U2760                     STQ_ND3_3       um28nchllogl35hsl140f_ssgwc0p9v125c
                                                          1.680000  
U2761                     STQ_NR3_G_4     um28nchllogl35hsl140f_ssgwc0p9v125c
                                                          2.184000  
U2762                     STQ_ND3_4       um28nchllogl35hsl140f_ssgwc0p9v125c
                                                          2.184000  
U2763                     STQ_INV_2P5     um28nchllogl35hsl140f_ssgwc0p9v125c
                                                          0.672000  
U2764                     STQ_ND3B_1      um28nchllogl35hsl140f_ssgwc0p9v125c
                                                          0.840000  
U2765                     STQ_INV_3       um28nchllogl35hsl140f_ssgwc0p9v125c
                                                          0.672000  
U2766                     STQ_NR2_G_3P5   um28nchllogl35hsl140f_ssgwc0p9v125c
                                                          1.512000  
U2767                     STQ_ND2_G_3     um28nchllogl35hsl140f_ssgwc0p9v125c
                                                          1.176000  
U2768                     STQ_ND2_S_5     um28nchllogl35hsl140f_ssgwc0p9v125c
                                                          1.512000  
U2769                     STQ_NR2_3       um28nchllogl35hsl140f_ssgwc0p9v125c
                                                          1.176000  
U2770                     STQ_INV_2P5     um28nchllogl35hsl140f_ssgwc0p9v125c
                                                          0.672000  
U2771                     STQ_ND2_G_3     um28nchllogl35hsl140f_ssgwc0p9v125c
                                                          1.176000  
U2772                     STQ_NR2_3       um28nchllogl35hsl140f_ssgwc0p9v125c
                                                          1.176000  
U2773                     STQ_NR3_G_2     um28nchllogl35hsl140f_ssgwc0p9v125c
                                                          1.176000  
U2774                     STQ_NR2_G_2P5   um28nchllogl35hsl140f_ssgwc0p9v125c
                                                          1.176000  
U2775                     STQ_ND2_G_3     um28nchllogl35hsl140f_ssgwc0p9v125c
                                                          1.176000  
U2776                     STQ_INV_S_0P65  um28nchllogl35hsl140f_ssgwc0p9v125c
                                                          0.336000  
U2777                     STQ_ND3_2       um28nchllogl35hsl140f_ssgwc0p9v125c
                                                          1.176000  
U2778                     STQ_ND3_3       um28nchllogl35hsl140f_ssgwc0p9v125c
                                                          1.680000  
U2779                     STQ_ND3_2       um28nchllogl35hsl140f_ssgwc0p9v125c
                                                          1.176000  
U2780                     STQ_ND3_2       um28nchllogl35hsl140f_ssgwc0p9v125c
                                                          1.176000  
U2781                     STQ_NR2_G_2P5   um28nchllogl35hsl140f_ssgwc0p9v125c
                                                          1.176000  
U2782                     STQ_ND2_G_4     um28nchllogl35hsl140f_ssgwc0p9v125c
                                                          1.512000  
U2783                     STQ_NR2_G_2P5   um28nchllogl35hsl140f_ssgwc0p9v125c
                                                          1.176000  
U2784                     STQ_NR2_3       um28nchllogl35hsl140f_ssgwc0p9v125c
                                                          1.176000  
U2785                     STQ_ND2_G_2     um28nchllogl35hsl140f_ssgwc0p9v125c
                                                          0.840000  
U2786                     STQ_NR2_3       um28nchllogl35hsl140f_ssgwc0p9v125c
                                                          1.176000  
U2787                     STQ_INV_1P5     um28nchllogl35hsl140f_ssgwc0p9v125c
                                                          0.504000  
U2788                     STQ_OA21B_2     um28nchllogl35hsl140f_ssgwc0p9v125c
                                                          1.176000  
U2789                     STQ_INV_4       um28nchllogl35hsl140f_ssgwc0p9v125c
                                                          0.840000  
U2790                     STQ_ND3_4       um28nchllogl35hsl140f_ssgwc0p9v125c
                                                          2.184000  
U2791                     STQ_ND3_3       um28nchllogl35hsl140f_ssgwc0p9v125c
                                                          1.680000  
U2792                     STQ_ND2_G_3     um28nchllogl35hsl140f_ssgwc0p9v125c
                                                          1.176000  
U2793                     STQ_NR2_G_3P5   um28nchllogl35hsl140f_ssgwc0p9v125c
                                                          1.512000  
U2794                     STQ_NR2_2       um28nchllogl35hsl140f_ssgwc0p9v125c
                                                          0.840000  
U2795                     STQ_NR3_G_3     um28nchllogl35hsl140f_ssgwc0p9v125c
                                                          1.680000  
U2796                     STQ_ND3_2       um28nchllogl35hsl140f_ssgwc0p9v125c
                                                          1.176000  
U2797                     STQ_ND4_MM_4    um28nchllogl35hsl140f_ssgwc0p9v125c
                                                          2.520000  
U2798                     STQ_NR2_2       um28nchllogl35hsl140f_ssgwc0p9v125c
                                                          0.840000  
U2799                     STQ_ND2_G_2     um28nchllogl35hsl140f_ssgwc0p9v125c
                                                          0.840000  
U2800                     STQ_OR3_4       um28nchllogl35hsl140f_ssgwc0p9v125c
                                                          1.848000  
U2801                     STQ_ND3_2       um28nchllogl35hsl140f_ssgwc0p9v125c
                                                          1.176000  
U2802                     STQ_ND3_1       um28nchllogl35hsl140f_ssgwc0p9v125c
                                                          0.672000  
U2803                     STQ_OR2_4       um28nchllogl35hsl140f_ssgwc0p9v125c
                                                          1.512000  
U2804                     STQ_NR3_G_2     um28nchllogl35hsl140f_ssgwc0p9v125c
                                                          1.176000  
U2805                     STQ_BUF_1       um28nchllogl35hsl140f_ssgwc0p9v125c
                                                          0.504000  
U2806                     STQ_AN2_2       um28nchllogl35hsl140f_ssgwc0p9v125c
                                                          0.840000  
U2807                     STQ_INV_2       um28nchllogl35hsl140f_ssgwc0p9v125c
                                                          0.504000  
U2808                     STQ_ND3_4       um28nchllogl35hsl140f_ssgwc0p9v125c
                                                          2.184000  
U2809                     STQ_NR2_G_3P5   um28nchllogl35hsl140f_ssgwc0p9v125c
                                                          1.512000  
U2810                     STQ_ND3_4       um28nchllogl35hsl140f_ssgwc0p9v125c
                                                          2.184000  
U2811                     STQ_NR3_G_3     um28nchllogl35hsl140f_ssgwc0p9v125c
                                                          1.680000  
U2812                     STQ_ND2B_3      um28nchllogl35hsl140f_ssgwc0p9v125c
                                                          1.512000  
U2813                     STQ_NR2B_3      um28nchllogl35hsl140f_ssgwc0p9v125c
                                                          1.512000  
U2814                     STQ_NR2B_3      um28nchllogl35hsl140f_ssgwc0p9v125c
                                                          1.512000  
U2815                     STQ_INV_11      um28nchllogl35hsl140f_ssgwc0p9v125c
                                                          2.016000  
U2816                     STQ_ND2_G_3     um28nchllogl35hsl140f_ssgwc0p9v125c
                                                          1.176000  
U2817                     STQ_ND2_6       um28nchllogl35hsl140f_ssgwc0p9v125c
                                                          2.184000  
U2818                     STQ_NR2_3       um28nchllogl35hsl140f_ssgwc0p9v125c
                                                          1.176000  
U2819                     STQ_INV_3       um28nchllogl35hsl140f_ssgwc0p9v125c
                                                          0.672000  
U2820                     STQ_OR2_1       um28nchllogl35hsl140f_ssgwc0p9v125c
                                                          0.672000  
U2821                     STQ_ND2_S_2     um28nchllogl35hsl140f_ssgwc0p9v125c
                                                          0.840000  
U2822                     STQ_ND3_4       um28nchllogl35hsl140f_ssgwc0p9v125c
                                                          2.184000  
U2823                     STQ_INV_S_1P25  um28nchllogl35hsl140f_ssgwc0p9v125c
                                                          0.504000  
U2824                     STQ_INV_2P5     um28nchllogl35hsl140f_ssgwc0p9v125c
                                                          0.672000  
U2825                     STQ_ND3_4       um28nchllogl35hsl140f_ssgwc0p9v125c
                                                          2.184000  
U2826                     STQ_NR2_G_4     um28nchllogl35hsl140f_ssgwc0p9v125c
                                                          1.512000  
U2827                     STQ_ND2_G_4     um28nchllogl35hsl140f_ssgwc0p9v125c
                                                          1.512000  
U2828                     STQ_ND2_G_4     um28nchllogl35hsl140f_ssgwc0p9v125c
                                                          1.512000  
U2829                     STQ_NR2_G_4     um28nchllogl35hsl140f_ssgwc0p9v125c
                                                          1.512000  
U2830                     STQ_ND3_4       um28nchllogl35hsl140f_ssgwc0p9v125c
                                                          2.184000  
U2831                     STQ_ND2B_6      um28nchllogl35hsl140f_ssgwc0p9v125c
                                                          2.688000  
U2832                     STQ_INV_3P5     um28nchllogl35hsl140f_ssgwc0p9v125c
                                                          0.840000  
U2833                     STQ_ND3_3       um28nchllogl35hsl140f_ssgwc0p9v125c
                                                          1.680000  
U2834                     STQ_ND2_G_3     um28nchllogl35hsl140f_ssgwc0p9v125c
                                                          1.176000  
U2835                     STQ_INV_S_1P25  um28nchllogl35hsl140f_ssgwc0p9v125c
                                                          0.504000  
U2836                     STQ_INV_3       um28nchllogl35hsl140f_ssgwc0p9v125c
                                                          0.672000  
U2837                     STQ_ND3_4       um28nchllogl35hsl140f_ssgwc0p9v125c
                                                          2.184000  
U2838                     STQ_NR3_G_2     um28nchllogl35hsl140f_ssgwc0p9v125c
                                                          1.176000  
U2839                     STQ_NR2_2       um28nchllogl35hsl140f_ssgwc0p9v125c
                                                          0.840000  
U2840                     STQ_NR2_G_3P5   um28nchllogl35hsl140f_ssgwc0p9v125c
                                                          1.512000  
U2841                     STQ_ND3_2       um28nchllogl35hsl140f_ssgwc0p9v125c
                                                          1.176000  
U2842                     STQ_BUF_1       um28nchllogl35hsl140f_ssgwc0p9v125c
                                                          0.504000  
U2843                     STQ_NR3_G_3     um28nchllogl35hsl140f_ssgwc0p9v125c
                                                          1.680000  
U2844                     STQ_ND3_4       um28nchllogl35hsl140f_ssgwc0p9v125c
                                                          2.184000  
U2845                     STQ_NR3_G_4     um28nchllogl35hsl140f_ssgwc0p9v125c
                                                          2.184000  
U2846                     STQ_INV_6       um28nchllogl35hsl140f_ssgwc0p9v125c
                                                          1.176000  
U2847                     STQ_OR2_6       um28nchllogl35hsl140f_ssgwc0p9v125c
                                                          2.184000  
U2848                     STQ_ND2_G_4     um28nchllogl35hsl140f_ssgwc0p9v125c
                                                          1.512000  
U2849                     STQ_NR3_G_4     um28nchllogl35hsl140f_ssgwc0p9v125c
                                                          2.184000  
U2850                     STQ_AN2_2       um28nchllogl35hsl140f_ssgwc0p9v125c
                                                          0.840000  
U2851                     STQ_ND2_G_4     um28nchllogl35hsl140f_ssgwc0p9v125c
                                                          1.512000  
U2852                     STQ_ND2_G_3     um28nchllogl35hsl140f_ssgwc0p9v125c
                                                          1.176000  
U2853                     STQ_ND2_G_3     um28nchllogl35hsl140f_ssgwc0p9v125c
                                                          1.176000  
U2854                     STQ_INV_S_1     um28nchllogl35hsl140f_ssgwc0p9v125c
                                                          0.336000  
U2855                     STQ_NR2_1P5     um28nchllogl35hsl140f_ssgwc0p9v125c
                                                          0.840000  
U2856                     STQ_NR2_3       um28nchllogl35hsl140f_ssgwc0p9v125c
                                                          1.176000  
U2857                     STQ_NR2_G_2P5   um28nchllogl35hsl140f_ssgwc0p9v125c
                                                          1.176000  
U2858                     STQ_INV_1P5     um28nchllogl35hsl140f_ssgwc0p9v125c
                                                          0.504000  
U2859                     STQ_ND2_S_3     um28nchllogl35hsl140f_ssgwc0p9v125c
                                                          1.176000  
U2860                     STQ_ND3_4       um28nchllogl35hsl140f_ssgwc0p9v125c
                                                          2.184000  
U2861                     STQ_INV_S_1     um28nchllogl35hsl140f_ssgwc0p9v125c
                                                          0.336000  
U2862                     STQ_ND2_S_5     um28nchllogl35hsl140f_ssgwc0p9v125c
                                                          1.512000  
U2863                     STQ_ND2_S_5     um28nchllogl35hsl140f_ssgwc0p9v125c
                                                          1.512000  
U2864                     STQ_INV_S_5     um28nchllogl35hsl140f_ssgwc0p9v125c
                                                          1.008000  
U2865                     STQ_NR2_G_3P5   um28nchllogl35hsl140f_ssgwc0p9v125c
                                                          1.512000  
U2866                     STQ_ND3_4       um28nchllogl35hsl140f_ssgwc0p9v125c
                                                          2.184000  
U2867                     STQ_INV_S_1P25  um28nchllogl35hsl140f_ssgwc0p9v125c
                                                          0.504000  
U2868                     STQ_ND3_3       um28nchllogl35hsl140f_ssgwc0p9v125c
                                                          1.680000  
U2869                     STQ_NR3_G_2     um28nchllogl35hsl140f_ssgwc0p9v125c
                                                          1.176000  
U2870                     STQ_ND2_G_1     um28nchllogl35hsl140f_ssgwc0p9v125c
                                                          0.504000  
U2871                     STQ_ND2B_4      um28nchllogl35hsl140f_ssgwc0p9v125c
                                                          1.848000  
U2872                     STQ_ND3_2       um28nchllogl35hsl140f_ssgwc0p9v125c
                                                          1.176000  
U2873                     STQ_ND3_3       um28nchllogl35hsl140f_ssgwc0p9v125c
                                                          1.680000  
U2874                     STQ_ND2_S_5     um28nchllogl35hsl140f_ssgwc0p9v125c
                                                          1.512000  
U2875                     STQ_ND2_S_6     um28nchllogl35hsl140f_ssgwc0p9v125c
                                                          1.848000  
U2876                     STQ_ND4_8       um28nchllogl35hsl140f_ssgwc0p9v125c
                                                          5.208000  
U2877                     STQ_BUF_S_3     um28nchllogl35hsl140f_ssgwc0p9v125c
                                                          1.008000  
U2878                     STQ_NR2_G_5     um28nchllogl35hsl140f_ssgwc0p9v125c
                                                          1.848000  
U2879                     STQ_NR3_G_4     um28nchllogl35hsl140f_ssgwc0p9v125c
                                                          2.184000  
U2880                     STQ_ND3_4       um28nchllogl35hsl140f_ssgwc0p9v125c
                                                          2.184000  
U2881                     STQ_NR2_3       um28nchllogl35hsl140f_ssgwc0p9v125c
                                                          1.176000  
U2882                     STQ_ND3_5       um28nchllogl35hsl140f_ssgwc0p9v125c
                                                          2.688000  
U2883                     STQ_NR2_2       um28nchllogl35hsl140f_ssgwc0p9v125c
                                                          0.840000  
U2884                     STQ_ND3_5       um28nchllogl35hsl140f_ssgwc0p9v125c
                                                          2.688000  
U2885                     STQ_INV_11      um28nchllogl35hsl140f_ssgwc0p9v125c
                                                          2.016000  
U2886                     STQ_ND2_5       um28nchllogl35hsl140f_ssgwc0p9v125c
                                                          1.848000  
U2887                     STQ_INV_6       um28nchllogl35hsl140f_ssgwc0p9v125c
                                                          1.176000  
U2888                     STQ_INV_6       um28nchllogl35hsl140f_ssgwc0p9v125c
                                                          1.176000  
U2889                     STQ_BUF_3       um28nchllogl35hsl140f_ssgwc0p9v125c
                                                          1.008000  
U2890                     STQ_INV_S_1     um28nchllogl35hsl140f_ssgwc0p9v125c
                                                          0.336000  
U2891                     STQ_INV_2P5     um28nchllogl35hsl140f_ssgwc0p9v125c
                                                          0.672000  
U2892                     STQ_ND3_4       um28nchllogl35hsl140f_ssgwc0p9v125c
                                                          2.184000  
U2893                     STQ_INV_2       um28nchllogl35hsl140f_ssgwc0p9v125c
                                                          0.504000  
U2894                     STQ_NR2_G_2P5   um28nchllogl35hsl140f_ssgwc0p9v125c
                                                          1.176000  
U2895                     STQ_ND3_4       um28nchllogl35hsl140f_ssgwc0p9v125c
                                                          2.184000  
U2896                     STQ_ND2B_3      um28nchllogl35hsl140f_ssgwc0p9v125c
                                                          1.512000  
U2897                     STQ_NR2_3       um28nchllogl35hsl140f_ssgwc0p9v125c
                                                          1.176000  
U2898                     STQ_BUF_S_10    um28nchllogl35hsl140f_ssgwc0p9v125c
                                                          2.688000  
U2899                     STQ_BUF_5       um28nchllogl35hsl140f_ssgwc0p9v125c
                                                          1.512000  
U2900                     STQ_BUF_S_10    um28nchllogl35hsl140f_ssgwc0p9v125c
                                                          2.688000  
U2901                     STQ_ND3_4       um28nchllogl35hsl140f_ssgwc0p9v125c
                                                          2.184000  
U2902                     STQ_BUF_5       um28nchllogl35hsl140f_ssgwc0p9v125c
                                                          1.512000  
U2903                     STQ_NR2B_3      um28nchllogl35hsl140f_ssgwc0p9v125c
                                                          1.512000  
U2904                     STQ_INV_4       um28nchllogl35hsl140f_ssgwc0p9v125c
                                                          0.840000  
U2905                     STQ_ND3_2       um28nchllogl35hsl140f_ssgwc0p9v125c
                                                          1.176000  
U2906                     STQ_INV_3       um28nchllogl35hsl140f_ssgwc0p9v125c
                                                          0.672000  
U2907                     STQ_INV_3       um28nchllogl35hsl140f_ssgwc0p9v125c
                                                          0.672000  
U2908                     STQ_INV_S_5     um28nchllogl35hsl140f_ssgwc0p9v125c
                                                          1.008000  
U2909                     STQ_INV_6P5     um28nchllogl35hsl140f_ssgwc0p9v125c
                                                          1.344000  
U2910                     STQ_ND2_G_2     um28nchllogl35hsl140f_ssgwc0p9v125c
                                                          0.840000  
U2911                     STQ_ND3_4       um28nchllogl35hsl140f_ssgwc0p9v125c
                                                          2.184000  
U2912                     STQ_ND2_6       um28nchllogl35hsl140f_ssgwc0p9v125c
                                                          2.184000  
U2913                     STQ_INV_4       um28nchllogl35hsl140f_ssgwc0p9v125c
                                                          0.840000  
U2914                     STQ_INV_3       um28nchllogl35hsl140f_ssgwc0p9v125c
                                                          0.672000  
U2915                     STQ_NR2_3       um28nchllogl35hsl140f_ssgwc0p9v125c
                                                          1.176000  
U2916                     STQ_INV_3       um28nchllogl35hsl140f_ssgwc0p9v125c
                                                          0.672000  
U2917                     STQ_ND2B_3      um28nchllogl35hsl140f_ssgwc0p9v125c
                                                          1.512000  
U2918                     STQ_NR2_3       um28nchllogl35hsl140f_ssgwc0p9v125c
                                                          1.176000  
U2919                     STQ_BUF_S_8     um28nchllogl35hsl140f_ssgwc0p9v125c
                                                          2.184000  
U2920                     STQ_ND3_3       um28nchllogl35hsl140f_ssgwc0p9v125c
                                                          1.680000  
U2921                     STQ_NR2_3       um28nchllogl35hsl140f_ssgwc0p9v125c
                                                          1.176000  
U2922                     STQ_ND3_4       um28nchllogl35hsl140f_ssgwc0p9v125c
                                                          2.184000  
U2923                     STQ_ND3_4       um28nchllogl35hsl140f_ssgwc0p9v125c
                                                          2.184000  
U2924                     STQ_INV_2       um28nchllogl35hsl140f_ssgwc0p9v125c
                                                          0.504000  
U2925                     STQ_NR2_G_5     um28nchllogl35hsl140f_ssgwc0p9v125c
                                                          1.848000  
U2926                     STQ_OR3_6       um28nchllogl35hsl140f_ssgwc0p9v125c
                                                          2.688000  
U2927                     STQ_ND2_5       um28nchllogl35hsl140f_ssgwc0p9v125c
                                                          1.848000  
U2928                     STQ_ND2_G_3     um28nchllogl35hsl140f_ssgwc0p9v125c
                                                          1.176000  
U2929                     STQ_NR3_G_2     um28nchllogl35hsl140f_ssgwc0p9v125c
                                                          1.176000  
U2930                     STQ_ND3_2       um28nchllogl35hsl140f_ssgwc0p9v125c
                                                          1.176000  
U2931                     STQ_ND2_G_2     um28nchllogl35hsl140f_ssgwc0p9v125c
                                                          0.840000  
U2932                     STQ_INV_2       um28nchllogl35hsl140f_ssgwc0p9v125c
                                                          0.504000  
U2933                     STQ_INV_S_1P25  um28nchllogl35hsl140f_ssgwc0p9v125c
                                                          0.504000  
U2934                     STQ_NR2_G_5     um28nchllogl35hsl140f_ssgwc0p9v125c
                                                          1.848000  
U2935                     STQ_ND2_G_3     um28nchllogl35hsl140f_ssgwc0p9v125c
                                                          1.176000  
U2936                     STQ_INV_2       um28nchllogl35hsl140f_ssgwc0p9v125c
                                                          0.504000  
U2937                     STQ_NR3_G_3     um28nchllogl35hsl140f_ssgwc0p9v125c
                                                          1.680000  
U2938                     STQ_BUF_3       um28nchllogl35hsl140f_ssgwc0p9v125c
                                                          1.008000  
U2939                     STQ_OR3B_2      um28nchllogl35hsl140f_ssgwc0p9v125c
                                                          1.176000  
U2940                     STQ_INV_S_1P25  um28nchllogl35hsl140f_ssgwc0p9v125c
                                                          0.504000  
U2941                     STQ_ND2_S_5     um28nchllogl35hsl140f_ssgwc0p9v125c
                                                          1.512000  
U2942                     STQ_INV_3P5     um28nchllogl35hsl140f_ssgwc0p9v125c
                                                          0.840000  
U2943                     STQ_AN2_4       um28nchllogl35hsl140f_ssgwc0p9v125c
                                                          1.512000  
U2944                     STQ_NR2_G_4     um28nchllogl35hsl140f_ssgwc0p9v125c
                                                          1.512000  
U2945                     STQ_INV_2       um28nchllogl35hsl140f_ssgwc0p9v125c
                                                          0.504000  
U2946                     STQ_ND3_4       um28nchllogl35hsl140f_ssgwc0p9v125c
                                                          2.184000  
U2947                     STQ_ND2_5       um28nchllogl35hsl140f_ssgwc0p9v125c
                                                          1.848000  
U2948                     STQ_ND2_8       um28nchllogl35hsl140f_ssgwc0p9v125c
                                                          2.856000  
U2949                     STQ_ND2_S_5     um28nchllogl35hsl140f_ssgwc0p9v125c
                                                          1.512000  
U2950                     STQ_INV_6       um28nchllogl35hsl140f_ssgwc0p9v125c
                                                          1.176000  
U2951                     STQ_NR2_G_2P5   um28nchllogl35hsl140f_ssgwc0p9v125c
                                                          1.176000  
U2952                     STQ_INV_S_0P65  um28nchllogl35hsl140f_ssgwc0p9v125c
                                                          0.336000  
U2953                     STQ_ND3_2       um28nchllogl35hsl140f_ssgwc0p9v125c
                                                          1.176000  
U2954                     STQ_ND3_4       um28nchllogl35hsl140f_ssgwc0p9v125c
                                                          2.184000  
U2955                     STQ_ND2_G_3     um28nchllogl35hsl140f_ssgwc0p9v125c
                                                          1.176000  
U2956                     STQ_BUF_S_6     um28nchllogl35hsl140f_ssgwc0p9v125c
                                                          1.680000  
U2957                     STQ_ND2_1P5     um28nchllogl35hsl140f_ssgwc0p9v125c
                                                          0.840000  
U2958                     STQ_INV_4       um28nchllogl35hsl140f_ssgwc0p9v125c
                                                          0.840000  
U2959                     STQ_ND3_2       um28nchllogl35hsl140f_ssgwc0p9v125c
                                                          1.176000  
U2960                     STQ_BUF_5       um28nchllogl35hsl140f_ssgwc0p9v125c
                                                          1.512000  
U2961                     STQ_INV_2       um28nchllogl35hsl140f_ssgwc0p9v125c
                                                          0.504000  
U2962                     STQ_ND3_4       um28nchllogl35hsl140f_ssgwc0p9v125c
                                                          2.184000  
U2963                     STQ_ND2_G_3     um28nchllogl35hsl140f_ssgwc0p9v125c
                                                          1.176000  
U2964                     STQ_INV_S_5     um28nchllogl35hsl140f_ssgwc0p9v125c
                                                          1.008000  
U2965                     STQ_INV_2P5     um28nchllogl35hsl140f_ssgwc0p9v125c
                                                          0.672000  
U2966                     STQ_INV_S_10    um28nchllogl35hsl140f_ssgwc0p9v125c
                                                          1.848000  
U2967                     STQ_NR2_G_5     um28nchllogl35hsl140f_ssgwc0p9v125c
                                                          1.848000  
U2968                     STQ_INV_6       um28nchllogl35hsl140f_ssgwc0p9v125c
                                                          1.176000  
U2969                     STQ_INV_4       um28nchllogl35hsl140f_ssgwc0p9v125c
                                                          0.840000  
U2970                     STQ_OR2_2P5     um28nchllogl35hsl140f_ssgwc0p9v125c
                                                          1.344000  
U2971                     STQ_ND3_4       um28nchllogl35hsl140f_ssgwc0p9v125c
                                                          2.184000  
U2972                     STQ_ND2_8       um28nchllogl35hsl140f_ssgwc0p9v125c
                                                          2.856000  
U2973                     STQ_NR2_G_5     um28nchllogl35hsl140f_ssgwc0p9v125c
                                                          1.848000  
U2974                     STQ_INV_2       um28nchllogl35hsl140f_ssgwc0p9v125c
                                                          0.504000  
U2975                     STQ_INV_6P5     um28nchllogl35hsl140f_ssgwc0p9v125c
                                                          1.344000  
U2976                     STQ_BUF_5       um28nchllogl35hsl140f_ssgwc0p9v125c
                                                          1.512000  
U2977                     STQ_INV_12      um28nchllogl35hsl140f_ssgwc0p9v125c
                                                          2.184000  
U2978                     STQ_NR2_G_5     um28nchllogl35hsl140f_ssgwc0p9v125c
                                                          1.848000  
U2979                     STQ_NR2_G_2P5   um28nchllogl35hsl140f_ssgwc0p9v125c
                                                          1.176000  
U2980                     STQ_NR2_G_5     um28nchllogl35hsl140f_ssgwc0p9v125c
                                                          1.848000  
U2981                     STQ_OR2_3       um28nchllogl35hsl140f_ssgwc0p9v125c
                                                          1.344000  
U2982                     STQ_INV_4       um28nchllogl35hsl140f_ssgwc0p9v125c
                                                          0.840000  
U2983                     STQ_INV_S_5     um28nchllogl35hsl140f_ssgwc0p9v125c
                                                          1.008000  
U2984                     STQ_INV_2       um28nchllogl35hsl140f_ssgwc0p9v125c
                                                          0.504000  
U2985                     STQ_ND3_4       um28nchllogl35hsl140f_ssgwc0p9v125c
                                                          2.184000  
U2986                     STQ_NR2_2       um28nchllogl35hsl140f_ssgwc0p9v125c
                                                          0.840000  
U2987                     STQ_INV_2P5     um28nchllogl35hsl140f_ssgwc0p9v125c
                                                          0.672000  
U2988                     STQ_ND3_6       um28nchllogl35hsl140f_ssgwc0p9v125c
                                                          3.192000  
U2989                     STQ_ND2_S_5     um28nchllogl35hsl140f_ssgwc0p9v125c
                                                          1.512000  
U2990                     STQ_ND2_G_4     um28nchllogl35hsl140f_ssgwc0p9v125c
                                                          1.512000  
U2991                     STQ_INV_4       um28nchllogl35hsl140f_ssgwc0p9v125c
                                                          0.840000  
U2992                     STQ_INV_2       um28nchllogl35hsl140f_ssgwc0p9v125c
                                                          0.504000  
U2993                     STQ_ND2_5       um28nchllogl35hsl140f_ssgwc0p9v125c
                                                          1.848000  
U2994                     STQ_INV_S_1P25  um28nchllogl35hsl140f_ssgwc0p9v125c
                                                          0.504000  
U2995                     STQ_ND3_5       um28nchllogl35hsl140f_ssgwc0p9v125c
                                                          2.688000  
U2996                     STQ_ND3_6       um28nchllogl35hsl140f_ssgwc0p9v125c
                                                          3.192000  
U2997                     STQ_NR2_3       um28nchllogl35hsl140f_ssgwc0p9v125c
                                                          1.176000  
U2998                     STQ_INV_6       um28nchllogl35hsl140f_ssgwc0p9v125c
                                                          1.176000  
U2999                     STQ_BUF_3       um28nchllogl35hsl140f_ssgwc0p9v125c
                                                          1.008000  
U3000                     STQ_INV_7P5     um28nchllogl35hsl140f_ssgwc0p9v125c
                                                          1.512000  
U3001                     STQ_INV_2       um28nchllogl35hsl140f_ssgwc0p9v125c
                                                          0.504000  
U3002                     STQ_INV_6       um28nchllogl35hsl140f_ssgwc0p9v125c
                                                          1.176000  
U3003                     STQ_ND2_G_3     um28nchllogl35hsl140f_ssgwc0p9v125c
                                                          1.176000  
U3004                     STQ_INV_3       um28nchllogl35hsl140f_ssgwc0p9v125c
                                                          0.672000  
U3005                     STQ_ND2B_3      um28nchllogl35hsl140f_ssgwc0p9v125c
                                                          1.512000  
U3006                     STQ_INV_1P5     um28nchllogl35hsl140f_ssgwc0p9v125c
                                                          0.504000  
U3007                     STQ_ND2_S_6     um28nchllogl35hsl140f_ssgwc0p9v125c
                                                          1.848000  
U3008                     STQ_NR2_2       um28nchllogl35hsl140f_ssgwc0p9v125c
                                                          0.840000  
U3009                     STQ_NR2_3       um28nchllogl35hsl140f_ssgwc0p9v125c
                                                          1.176000  
U3010                     STQ_NR4_2       um28nchllogl35hsl140f_ssgwc0p9v125c
                                                          1.512000  
U3011                     STQ_INV_7P5     um28nchllogl35hsl140f_ssgwc0p9v125c
                                                          1.512000  
U3012                     STQ_ND3_5       um28nchllogl35hsl140f_ssgwc0p9v125c
                                                          2.688000  
U3013                     STQ_ND2_6       um28nchllogl35hsl140f_ssgwc0p9v125c
                                                          2.184000  
U3014                     STQ_NR3_G_4     um28nchllogl35hsl140f_ssgwc0p9v125c
                                                          2.184000  
U3015                     STQ_INV_6       um28nchllogl35hsl140f_ssgwc0p9v125c
                                                          1.176000  
U3016                     STQ_NR2_2       um28nchllogl35hsl140f_ssgwc0p9v125c
                                                          0.840000  
U3017                     STQ_INV_3P5     um28nchllogl35hsl140f_ssgwc0p9v125c
                                                          0.840000  
U3018                     STQ_INV_3       um28nchllogl35hsl140f_ssgwc0p9v125c
                                                          0.672000  
U3019                     STQ_NR2_2       um28nchllogl35hsl140f_ssgwc0p9v125c
                                                          0.840000  
U3020                     STQ_NR3_G_3     um28nchllogl35hsl140f_ssgwc0p9v125c
                                                          1.680000  
U3021                     STQ_ND2_G_3     um28nchllogl35hsl140f_ssgwc0p9v125c
                                                          1.176000  
U3022                     STQ_ND2B_3      um28nchllogl35hsl140f_ssgwc0p9v125c
                                                          1.512000  
U3023                     STQ_NR3_G_4     um28nchllogl35hsl140f_ssgwc0p9v125c
                                                          2.184000  
U3024                     STQ_ND2_G_2     um28nchllogl35hsl140f_ssgwc0p9v125c
                                                          0.840000  
U3025                     STQ_NR2_G_4     um28nchllogl35hsl140f_ssgwc0p9v125c
                                                          1.512000  
U3026                     STQ_INV_4       um28nchllogl35hsl140f_ssgwc0p9v125c
                                                          0.840000  
U3027                     STQ_INV_1P5     um28nchllogl35hsl140f_ssgwc0p9v125c
                                                          0.504000  
U3028                     STQ_INV_S_10    um28nchllogl35hsl140f_ssgwc0p9v125c
                                                          1.848000  
U3029                     STQ_INV_4       um28nchllogl35hsl140f_ssgwc0p9v125c
                                                          0.840000  
U3030                     STQ_INV_11      um28nchllogl35hsl140f_ssgwc0p9v125c
                                                          2.016000  
U3031                     STQ_INV_S_1     um28nchllogl35hsl140f_ssgwc0p9v125c
                                                          0.336000  
U3032                     STQ_INV_2P5     um28nchllogl35hsl140f_ssgwc0p9v125c
                                                          0.672000  
U3033                     STQ_INV_3P5     um28nchllogl35hsl140f_ssgwc0p9v125c
                                                          0.840000  
U3034                     STQ_INV_S_5     um28nchllogl35hsl140f_ssgwc0p9v125c
                                                          1.008000  
U3035                     STQ_ND2_9       um28nchllogl35hsl140f_ssgwc0p9v125c
                                                          3.192000  
U3036                     STQ_INV_4       um28nchllogl35hsl140f_ssgwc0p9v125c
                                                          0.840000  
U3037                     STQ_INV_3       um28nchllogl35hsl140f_ssgwc0p9v125c
                                                          0.672000  
U3038                     STQ_INV_S_10    um28nchllogl35hsl140f_ssgwc0p9v125c
                                                          1.848000  
U3039                     STQ_INV_S_5     um28nchllogl35hsl140f_ssgwc0p9v125c
                                                          1.008000  
U3040                     STQ_NR2_G_5     um28nchllogl35hsl140f_ssgwc0p9v125c
                                                          1.848000  
U3041                     STQ_ND2_G_4     um28nchllogl35hsl140f_ssgwc0p9v125c
                                                          1.512000  
U3042                     STQ_INV_S_5     um28nchllogl35hsl140f_ssgwc0p9v125c
                                                          1.008000  
U3043                     STQ_BUF_5       um28nchllogl35hsl140f_ssgwc0p9v125c
                                                          1.512000  
U3044                     STQ_NR2_3       um28nchllogl35hsl140f_ssgwc0p9v125c
                                                          1.176000  
U3045                     STQ_ND2_6       um28nchllogl35hsl140f_ssgwc0p9v125c
                                                          2.184000  
U3046                     STQ_NR2_3       um28nchllogl35hsl140f_ssgwc0p9v125c
                                                          1.176000  
U3047                     STQ_INV_6P5     um28nchllogl35hsl140f_ssgwc0p9v125c
                                                          1.344000  
U3048                     STQ_NR2_6       um28nchllogl35hsl140f_ssgwc0p9v125c
                                                          2.184000  
U3049                     STQ_INV_6       um28nchllogl35hsl140f_ssgwc0p9v125c
                                                          1.176000  
U3050                     STQ_ND2_G_4     um28nchllogl35hsl140f_ssgwc0p9v125c
                                                          1.512000  
U3051                     STQ_ND2_10      um28nchllogl35hsl140f_ssgwc0p9v125c
                                                          3.528000  
U3052                     STQ_INV_3       um28nchllogl35hsl140f_ssgwc0p9v125c
                                                          0.672000  
U3053                     STQ_NR2_G_4     um28nchllogl35hsl140f_ssgwc0p9v125c
                                                          1.512000  
U3054                     STQ_INV_6       um28nchllogl35hsl140f_ssgwc0p9v125c
                                                          1.176000  
U3055                     STQ_INV_2       um28nchllogl35hsl140f_ssgwc0p9v125c
                                                          0.504000  
U3056                     STQ_INV_18      um28nchllogl35hsl140f_ssgwc0p9v125c
                                                          3.192000  
U3057                     STQ_INV_S_5     um28nchllogl35hsl140f_ssgwc0p9v125c
                                                          1.008000  
U3058                     STQ_INV_1P5     um28nchllogl35hsl140f_ssgwc0p9v125c
                                                          0.504000  
U3059                     STQ_INV_18      um28nchllogl35hsl140f_ssgwc0p9v125c
                                                          3.192000  
U3060                     STQ_ND2_5       um28nchllogl35hsl140f_ssgwc0p9v125c
                                                          1.848000  
U3061                     STQ_INV_S_5     um28nchllogl35hsl140f_ssgwc0p9v125c
                                                          1.008000  
U3062                     STQ_BUF_3       um28nchllogl35hsl140f_ssgwc0p9v125c
                                                          1.008000  
U3063                     STQ_ND2_1P5     um28nchllogl35hsl140f_ssgwc0p9v125c
                                                          0.840000  
U3064                     STQ_ND2_S_16    um28nchllogl35hsl140f_ssgwc0p9v125c
                                                          4.200000  
U3065                     STQ_ND2_G_3     um28nchllogl35hsl140f_ssgwc0p9v125c
                                                          1.176000  
U3066                     STQ_INV_2       um28nchllogl35hsl140f_ssgwc0p9v125c
                                                          0.504000  
U3067                     STQ_INV_6       um28nchllogl35hsl140f_ssgwc0p9v125c
                                                          1.176000  
U3068                     STQ_INV_3       um28nchllogl35hsl140f_ssgwc0p9v125c
                                                          0.672000  
U3069                     STQ_ND2_12      um28nchllogl35hsl140f_ssgwc0p9v125c
                                                          4.200000  
U3070                     STQ_INV_3       um28nchllogl35hsl140f_ssgwc0p9v125c
                                                          0.672000  
U3071                     STQ_INV_S_10    um28nchllogl35hsl140f_ssgwc0p9v125c
                                                          1.848000  
U3072                     STQ_INV_S_5     um28nchllogl35hsl140f_ssgwc0p9v125c
                                                          1.008000  
U3073                     STQ_ND2_5       um28nchllogl35hsl140f_ssgwc0p9v125c
                                                          1.848000  
U3074                     STQ_INV_11      um28nchllogl35hsl140f_ssgwc0p9v125c
                                                          2.016000  
U3075                     STQ_INV_S_5     um28nchllogl35hsl140f_ssgwc0p9v125c
                                                          1.008000  
U3076                     STQ_INV_12      um28nchllogl35hsl140f_ssgwc0p9v125c
                                                          2.184000  
U3077                     STQ_NR2_3       um28nchllogl35hsl140f_ssgwc0p9v125c
                                                          1.176000  
U3078                     STQ_INV_3P5     um28nchllogl35hsl140f_ssgwc0p9v125c
                                                          0.840000  
U3079                     STQ_INV_2       um28nchllogl35hsl140f_ssgwc0p9v125c
                                                          0.504000  
U3080                     STQ_INV_2       um28nchllogl35hsl140f_ssgwc0p9v125c
                                                          0.504000  
U3081                     STQ_INV_6P5     um28nchllogl35hsl140f_ssgwc0p9v125c
                                                          1.344000  
U3082                     STQ_INV_S_5     um28nchllogl35hsl140f_ssgwc0p9v125c
                                                          1.008000  
U3083                     STQ_INV_6       um28nchllogl35hsl140f_ssgwc0p9v125c
                                                          1.176000  
U3084                     STQ_INV_2P5     um28nchllogl35hsl140f_ssgwc0p9v125c
                                                          0.672000  
U3085                     STQ_INV_2       um28nchllogl35hsl140f_ssgwc0p9v125c
                                                          0.504000  
U3086                     STQ_OR2_10      um28nchllogl35hsl140f_ssgwc0p9v125c
                                                          3.528000  
U3087                     STQ_INV_4       um28nchllogl35hsl140f_ssgwc0p9v125c
                                                          0.840000  
U3088                     STQ_OR2_16      um28nchllogl35hsl140f_ssgwc0p9v125c
                                                          5.544000  
U3089                     STQ_NR2_3       um28nchllogl35hsl140f_ssgwc0p9v125c
                                                          1.176000  
U3090                     STQ_INV_3P5     um28nchllogl35hsl140f_ssgwc0p9v125c
                                                          0.840000  
U3091                     STQ_ND2_G_3     um28nchllogl35hsl140f_ssgwc0p9v125c
                                                          1.176000  
U3092                     STQ_INV_S_5     um28nchllogl35hsl140f_ssgwc0p9v125c
                                                          1.008000  
U3093                     STQ_BUF_5       um28nchllogl35hsl140f_ssgwc0p9v125c
                                                          1.512000  
U3094                     STQ_ND2_10      um28nchllogl35hsl140f_ssgwc0p9v125c
                                                          3.528000  
U3095                     STQ_BUF_S_18    um28nchllogl35hsl140f_ssgwc0p9v125c
                                                          4.536000  
U3096                     STQ_NR2_2       um28nchllogl35hsl140f_ssgwc0p9v125c
                                                          0.840000  
U3097                     STQ_INV_4       um28nchllogl35hsl140f_ssgwc0p9v125c
                                                          0.840000  
U3098                     STQ_INV_2P5     um28nchllogl35hsl140f_ssgwc0p9v125c
                                                          0.672000  
U3099                     STQ_INV_6       um28nchllogl35hsl140f_ssgwc0p9v125c
                                                          1.176000  
U3100                     STQ_BUF_S_3     um28nchllogl35hsl140f_ssgwc0p9v125c
                                                          1.008000  
U3101                     STQ_INV_11      um28nchllogl35hsl140f_ssgwc0p9v125c
                                                          2.016000  
U3102                     STQ_INV_S_10    um28nchllogl35hsl140f_ssgwc0p9v125c
                                                          1.848000  
U3103                     STQ_INV_3P5     um28nchllogl35hsl140f_ssgwc0p9v125c
                                                          0.840000  
U3104                     STQ_ND2_G_3     um28nchllogl35hsl140f_ssgwc0p9v125c
                                                          1.176000  
U3105                     STQ_ND2_5       um28nchllogl35hsl140f_ssgwc0p9v125c
                                                          1.848000  
U3106                     STQ_NR2_6       um28nchllogl35hsl140f_ssgwc0p9v125c
                                                          2.184000  
U3107                     STQ_ND2B_10     um28nchllogl35hsl140f_ssgwc0p9v125c
                                                          4.368000  
U3108                     STQ_INV_S_10    um28nchllogl35hsl140f_ssgwc0p9v125c
                                                          1.848000  
U3109                     STQ_INV_S_5     um28nchllogl35hsl140f_ssgwc0p9v125c
                                                          1.008000  
U3110                     STQ_ND2_10      um28nchllogl35hsl140f_ssgwc0p9v125c
                                                          3.528000  
U3111                     STQ_INV_S_5     um28nchllogl35hsl140f_ssgwc0p9v125c
                                                          1.008000  
U3112                     STQ_INV_6       um28nchllogl35hsl140f_ssgwc0p9v125c
                                                          1.176000  
U3113                     STQ_INV_18      um28nchllogl35hsl140f_ssgwc0p9v125c
                                                          3.192000  
U3114                     STQ_INV_4       um28nchllogl35hsl140f_ssgwc0p9v125c
                                                          0.840000  
U3115                     STQ_ND2_9       um28nchllogl35hsl140f_ssgwc0p9v125c
                                                          3.192000  
U3116                     STQ_INV_S_10    um28nchllogl35hsl140f_ssgwc0p9v125c
                                                          1.848000  
U3117                     STQ_BUF_S_5     um28nchllogl35hsl140f_ssgwc0p9v125c
                                                          1.344000  
U3118                     STQ_INV_11      um28nchllogl35hsl140f_ssgwc0p9v125c
                                                          2.016000  
U3119                     STQ_INV_S_5     um28nchllogl35hsl140f_ssgwc0p9v125c
                                                          1.008000  
U3120                     STQ_ND2_8       um28nchllogl35hsl140f_ssgwc0p9v125c
                                                          2.856000  
U3121                     STQ_INV_3P5     um28nchllogl35hsl140f_ssgwc0p9v125c
                                                          0.840000  
U3122                     STQ_BUF_3       um28nchllogl35hsl140f_ssgwc0p9v125c
                                                          1.008000  
U3123                     STQ_INV_7P5     um28nchllogl35hsl140f_ssgwc0p9v125c
                                                          1.512000  
U3124                     STQ_INV_7P5     um28nchllogl35hsl140f_ssgwc0p9v125c
                                                          1.512000  
U3125                     STQ_INV_15      um28nchllogl35hsl140f_ssgwc0p9v125c
                                                          2.688000  
U3126                     STQ_INV_6       um28nchllogl35hsl140f_ssgwc0p9v125c
                                                          1.176000  
U3127                     STQ_INV_6P5     um28nchllogl35hsl140f_ssgwc0p9v125c
                                                          1.344000  
U3128                     STQ_INV_6       um28nchllogl35hsl140f_ssgwc0p9v125c
                                                          1.176000  
U3129                     STQ_INV_7P5     um28nchllogl35hsl140f_ssgwc0p9v125c
                                                          1.512000  
U3130                     STQ_EO3_3       um28nchllogl35hsl140f_ssgwc0p9v125c
                                                          4.200000  
U3131                     STQ_INV_1P5     um28nchllogl35hsl140f_ssgwc0p9v125c
                                                          0.504000  
U3132                     STQ_INV_S_1     um28nchllogl35hsl140f_ssgwc0p9v125c
                                                          0.336000  
U3133                     STQ_INV_S_0P65  um28nchllogl35hsl140f_ssgwc0p9v125c
                                                          0.336000  
U3134                     STQ_EO3_2       um28nchllogl35hsl140f_ssgwc0p9v125c
                                                          2.688000  
U3135                     STQ_EO3_2       um28nchllogl35hsl140f_ssgwc0p9v125c
                                                          2.688000  
U3136                     STQ_EO3_2       um28nchllogl35hsl140f_ssgwc0p9v125c
                                                          2.688000  
U3137                     STQ_EO3_2       um28nchllogl35hsl140f_ssgwc0p9v125c
                                                          2.688000  
U3138                     STQ_EO2_S_4     um28nchllogl35hsl140f_ssgwc0p9v125c
                                                          2.688000  
U3139                     STQ_INV_S_0P65  um28nchllogl35hsl140f_ssgwc0p9v125c
                                                          0.336000  
U3140                     STQ_INV_2       um28nchllogl35hsl140f_ssgwc0p9v125c
                                                          0.504000  
U3141                     STQ_INV_S_1P25  um28nchllogl35hsl140f_ssgwc0p9v125c
                                                          0.504000  
U3142                     STQ_EO2_S_4     um28nchllogl35hsl140f_ssgwc0p9v125c
                                                          2.688000  
U3143                     STQ_INV_1P5     um28nchllogl35hsl140f_ssgwc0p9v125c
                                                          0.504000  
U3144                     STQ_INV_S_1     um28nchllogl35hsl140f_ssgwc0p9v125c
                                                          0.336000  
U3145                     STQ_EN2_S_1     um28nchllogl35hsl140f_ssgwc0p9v125c
                                                          1.512000  
U3146                     STQ_INV_S_0P65  um28nchllogl35hsl140f_ssgwc0p9v125c
                                                          0.336000  
U3147                     STQ_EN2_S_1     um28nchllogl35hsl140f_ssgwc0p9v125c
                                                          1.512000  
U3148                     STQ_EN3_1       um28nchllogl35hsl140f_ssgwc0p9v125c
                                                          2.184000  
U3149                     STQ_EO3_2       um28nchllogl35hsl140f_ssgwc0p9v125c
                                                          2.688000  
U3150                     STQ_EN3_2       um28nchllogl35hsl140f_ssgwc0p9v125c
                                                          2.688000  
U3151                     STQ_EO3_2       um28nchllogl35hsl140f_ssgwc0p9v125c
                                                          2.688000  
U3152                     STQ_EO3_2       um28nchllogl35hsl140f_ssgwc0p9v125c
                                                          2.688000  
U3153                     STQ_EN3_3       um28nchllogl35hsl140f_ssgwc0p9v125c
                                                          4.032000  
U3154                     STQ_EO2_2       um28nchllogl35hsl140f_ssgwc0p9v125c
                                                          1.680000  
U3155                     STQ_EO3_2       um28nchllogl35hsl140f_ssgwc0p9v125c
                                                          2.688000  
U3156                     STQ_EO2_4       um28nchllogl35hsl140f_ssgwc0p9v125c
                                                          3.024000  
U3157                     STQ_EN2_S_2     um28nchllogl35hsl140f_ssgwc0p9v125c
                                                          1.680000  
U3158                     STQ_EN2_S_2     um28nchllogl35hsl140f_ssgwc0p9v125c
                                                          1.680000  
U3159                     STQ_EN3_3       um28nchllogl35hsl140f_ssgwc0p9v125c
                                                          4.032000  
U3160                     STQ_EO2_S_2     um28nchllogl35hsl140f_ssgwc0p9v125c
                                                          1.512000  
U3161                     STQ_INV_S_1     um28nchllogl35hsl140f_ssgwc0p9v125c
                                                          0.336000  
U3162                     STQ_BUF_1P5     um28nchllogl35hsl140f_ssgwc0p9v125c
                                                          0.672000  
U3163                     STQ_EO2_S_4     um28nchllogl35hsl140f_ssgwc0p9v125c
                                                          2.688000  
U3164                     STQ_INV_S_1P25  um28nchllogl35hsl140f_ssgwc0p9v125c
                                                          0.504000  
U3165                     STQ_INV_S_0P65  um28nchllogl35hsl140f_ssgwc0p9v125c
                                                          0.336000  
U3166                     STQ_INV_2P5     um28nchllogl35hsl140f_ssgwc0p9v125c
                                                          0.672000  
U3167                     STQ_EO2_1       um28nchllogl35hsl140f_ssgwc0p9v125c
                                                          1.512000  
U3168                     STQ_EN2_S_1     um28nchllogl35hsl140f_ssgwc0p9v125c
                                                          1.512000  
U3169                     STQ_BUF_1P5     um28nchllogl35hsl140f_ssgwc0p9v125c
                                                          0.672000  
U3170                     STQ_INV_S_1P25  um28nchllogl35hsl140f_ssgwc0p9v125c
                                                          0.504000  
U3171                     STQ_EO2_S_4     um28nchllogl35hsl140f_ssgwc0p9v125c
                                                          2.688000  
U3172                     STQ_INV_S_0P65  um28nchllogl35hsl140f_ssgwc0p9v125c
                                                          0.336000  
U3173                     STQ_INV_S_0P65  um28nchllogl35hsl140f_ssgwc0p9v125c
                                                          0.336000  
U3174                     STQ_INV_2       um28nchllogl35hsl140f_ssgwc0p9v125c
                                                          0.504000  
U3175                     STQ_INV_S_0P65  um28nchllogl35hsl140f_ssgwc0p9v125c
                                                          0.336000  
U3176                     STQ_EO2_1       um28nchllogl35hsl140f_ssgwc0p9v125c
                                                          1.512000  
U3177                     STQ_INV_S_0P65  um28nchllogl35hsl140f_ssgwc0p9v125c
                                                          0.336000  
U3178                     STQ_INV_S_0P65  um28nchllogl35hsl140f_ssgwc0p9v125c
                                                          0.336000  
U3179                     STQ_INV_S_1     um28nchllogl35hsl140f_ssgwc0p9v125c
                                                          0.336000  
U3180                     STQ_INV_3       um28nchllogl35hsl140f_ssgwc0p9v125c
                                                          0.672000  
U3181                     STQ_INV_S_1     um28nchllogl35hsl140f_ssgwc0p9v125c
                                                          0.336000  
U3182                     STQ_EO3_1       um28nchllogl35hsl140f_ssgwc0p9v125c
                                                          2.184000  
U3183                     STQ_BUF_S_3     um28nchllogl35hsl140f_ssgwc0p9v125c
                                                          1.008000  
U3184                     STQ_BUF_S_3     um28nchllogl35hsl140f_ssgwc0p9v125c
                                                          1.008000  
U3185                     STQ_INV_S_1     um28nchllogl35hsl140f_ssgwc0p9v125c
                                                          0.336000  
U3186                     STQ_EN3_2       um28nchllogl35hsl140f_ssgwc0p9v125c
                                                          2.688000  
U3187                     STQ_EN2_4       um28nchllogl35hsl140f_ssgwc0p9v125c
                                                          3.024000  
U3188                     STQ_INV_S_1     um28nchllogl35hsl140f_ssgwc0p9v125c
                                                          0.336000  
U3189                     STQ_EN3_1       um28nchllogl35hsl140f_ssgwc0p9v125c
                                                          2.184000  
U3190                     STQ_INV_S_1     um28nchllogl35hsl140f_ssgwc0p9v125c
                                                          0.336000  
U3191                     STQ_EN2_4       um28nchllogl35hsl140f_ssgwc0p9v125c
                                                          3.024000  
U3192                     STQ_EO3_2       um28nchllogl35hsl140f_ssgwc0p9v125c
                                                          2.688000  
U3193                     STQ_INV_S_1     um28nchllogl35hsl140f_ssgwc0p9v125c
                                                          0.336000  
U3194                     STQ_EN2_4       um28nchllogl35hsl140f_ssgwc0p9v125c
                                                          3.024000  
U3195                     STQ_EO2_3       um28nchllogl35hsl140f_ssgwc0p9v125c
                                                          2.856000  
U3196                     STQ_EO3_2       um28nchllogl35hsl140f_ssgwc0p9v125c
                                                          2.688000  
U3197                     STQ_EO3_3       um28nchllogl35hsl140f_ssgwc0p9v125c
                                                          4.200000  
U3198                     STQ_EN2_4       um28nchllogl35hsl140f_ssgwc0p9v125c
                                                          3.024000  
U3199                     STQ_EO3_2       um28nchllogl35hsl140f_ssgwc0p9v125c
                                                          2.688000  
U3200                     STQ_EO3_2       um28nchllogl35hsl140f_ssgwc0p9v125c
                                                          2.688000  
U3201                     STQ_EN2_6       um28nchllogl35hsl140f_ssgwc0p9v125c
                                                          4.536000  
U3202                     STQ_EO3_2       um28nchllogl35hsl140f_ssgwc0p9v125c
                                                          2.688000  
U3203                     STQ_EO2_S_2     um28nchllogl35hsl140f_ssgwc0p9v125c
                                                          1.512000  
U3204                     STQ_EO3_2       um28nchllogl35hsl140f_ssgwc0p9v125c
                                                          2.688000  
U3205                     STQ_EN2_S_2     um28nchllogl35hsl140f_ssgwc0p9v125c
                                                          1.680000  
U3206                     STQ_EN2_4       um28nchllogl35hsl140f_ssgwc0p9v125c
                                                          3.024000  
U3207                     STQ_EN2_S_2     um28nchllogl35hsl140f_ssgwc0p9v125c
                                                          1.680000  
U3208                     STQ_EN2_S_2     um28nchllogl35hsl140f_ssgwc0p9v125c
                                                          1.680000  
U3209                     STQ_EO2_S_2     um28nchllogl35hsl140f_ssgwc0p9v125c
                                                          1.512000  
U3210                     STQ_EO2_S_2     um28nchllogl35hsl140f_ssgwc0p9v125c
                                                          1.512000  
U3211                     STQ_EO2_S_2     um28nchllogl35hsl140f_ssgwc0p9v125c
                                                          1.512000  
U3212                     STQ_EO2_S_2     um28nchllogl35hsl140f_ssgwc0p9v125c
                                                          1.512000  
U3213                     STQ_EO2_S_2     um28nchllogl35hsl140f_ssgwc0p9v125c
                                                          1.512000  
U3214                     STQ_EN2_4       um28nchllogl35hsl140f_ssgwc0p9v125c
                                                          3.024000  
U3215                     STQ_EO2_S_2     um28nchllogl35hsl140f_ssgwc0p9v125c
                                                          1.512000  
U3216                     STQ_INV_6       um28nchllogl35hsl140f_ssgwc0p9v125c
                                                          1.176000  
U3217                     STQ_BUF_3       um28nchllogl35hsl140f_ssgwc0p9v125c
                                                          1.008000  
U3218                     STQ_INV_1P5     um28nchllogl35hsl140f_ssgwc0p9v125c
                                                          0.504000  
U3219                     STQ_INV_1P5     um28nchllogl35hsl140f_ssgwc0p9v125c
                                                          0.504000  
U3220                     STQ_EO2_S_2     um28nchllogl35hsl140f_ssgwc0p9v125c
                                                          1.512000  
U3221                     STQ_BUF_5       um28nchllogl35hsl140f_ssgwc0p9v125c
                                                          1.512000  
U3222                     STQ_INV_S_1P25  um28nchllogl35hsl140f_ssgwc0p9v125c
                                                          0.504000  
U3223                     STQ_INV_S_1P25  um28nchllogl35hsl140f_ssgwc0p9v125c
                                                          0.504000  
U3224                     STQ_INV_S_1     um28nchllogl35hsl140f_ssgwc0p9v125c
                                                          0.336000  
U3225                     STQ_INV_2       um28nchllogl35hsl140f_ssgwc0p9v125c
                                                          0.504000  
U3226                     STQ_INV_S_0P65  um28nchllogl35hsl140f_ssgwc0p9v125c
                                                          0.336000  
U3227                     STQ_EO2_3       um28nchllogl35hsl140f_ssgwc0p9v125c
                                                          2.856000  
U3228                     STQ_INV_S_0P65  um28nchllogl35hsl140f_ssgwc0p9v125c
                                                          0.336000  
U3229                     STQ_EO2_1       um28nchllogl35hsl140f_ssgwc0p9v125c
                                                          1.512000  
U3230                     STQ_EO3_1       um28nchllogl35hsl140f_ssgwc0p9v125c
                                                          2.184000  
U3231                     STQ_EO2_S_6     um28nchllogl35hsl140f_ssgwc0p9v125c
                                                          4.032000  
U3232                     STQ_EO2_1       um28nchllogl35hsl140f_ssgwc0p9v125c
                                                          1.512000  
U3233                     STQ_INV_1P5     um28nchllogl35hsl140f_ssgwc0p9v125c
                                                          0.504000  
U3234                     STQ_BUF_2       um28nchllogl35hsl140f_ssgwc0p9v125c
                                                          0.672000  
U3235                     STQ_EO3_1       um28nchllogl35hsl140f_ssgwc0p9v125c
                                                          2.184000  
U3236                     STQ_INV_S_0P65  um28nchllogl35hsl140f_ssgwc0p9v125c
                                                          0.336000  
U3237                     STQ_INV_2       um28nchllogl35hsl140f_ssgwc0p9v125c
                                                          0.504000  
U3238                     STQ_INV_2       um28nchllogl35hsl140f_ssgwc0p9v125c
                                                          0.504000  
U3239                     STQ_BUF_3       um28nchllogl35hsl140f_ssgwc0p9v125c
                                                          1.008000  
U3240                     STQ_INV_1P5     um28nchllogl35hsl140f_ssgwc0p9v125c
                                                          0.504000  
U3241                     STQ_EN2_4       um28nchllogl35hsl140f_ssgwc0p9v125c
                                                          3.024000  
U3242                     STQ_EN2_S_2     um28nchllogl35hsl140f_ssgwc0p9v125c
                                                          1.680000  
U3243                     STQ_INV_S_1     um28nchllogl35hsl140f_ssgwc0p9v125c
                                                          0.336000  
U3244                     STQ_INV_S_1     um28nchllogl35hsl140f_ssgwc0p9v125c
                                                          0.336000  
U3245                     STQ_EO3_2       um28nchllogl35hsl140f_ssgwc0p9v125c
                                                          2.688000  
U3246                     STQ_EO3_2       um28nchllogl35hsl140f_ssgwc0p9v125c
                                                          2.688000  
U3247                     STQ_EN2_S_2     um28nchllogl35hsl140f_ssgwc0p9v125c
                                                          1.680000  
U3248                     STQ_EO3_2       um28nchllogl35hsl140f_ssgwc0p9v125c
                                                          2.688000  
U3249                     STQ_EO2_1       um28nchllogl35hsl140f_ssgwc0p9v125c
                                                          1.512000  
U3250                     STQ_EO2_1       um28nchllogl35hsl140f_ssgwc0p9v125c
                                                          1.512000  
U3251                     STQ_EO2_S_2     um28nchllogl35hsl140f_ssgwc0p9v125c
                                                          1.512000  
U3252                     STQ_EO2_S_2     um28nchllogl35hsl140f_ssgwc0p9v125c
                                                          1.512000  
U3253                     STQ_EO2_S_2     um28nchllogl35hsl140f_ssgwc0p9v125c
                                                          1.512000  
U3254                     STQ_EO3_2       um28nchllogl35hsl140f_ssgwc0p9v125c
                                                          2.688000  
U3255                     STQ_EN2_3       um28nchllogl35hsl140f_ssgwc0p9v125c
                                                          3.024000  
U3256                     STQ_EN2_4       um28nchllogl35hsl140f_ssgwc0p9v125c
                                                          3.024000  
U3257                     STQ_EN2_4       um28nchllogl35hsl140f_ssgwc0p9v125c
                                                          3.024000  
U3258                     STQ_EN2_S_2     um28nchllogl35hsl140f_ssgwc0p9v125c
                                                          1.680000  
U3259                     STQ_EO2_1       um28nchllogl35hsl140f_ssgwc0p9v125c
                                                          1.512000  
U3260                     STQ_EO2_S_2     um28nchllogl35hsl140f_ssgwc0p9v125c
                                                          1.512000  
U3261                     STQ_EO2_1       um28nchllogl35hsl140f_ssgwc0p9v125c
                                                          1.512000  
U3262                     STQ_EN2_S_2     um28nchllogl35hsl140f_ssgwc0p9v125c
                                                          1.680000  
U3263                     STQ_EN2_4       um28nchllogl35hsl140f_ssgwc0p9v125c
                                                          3.024000  
U3264                     STQ_INV_2       um28nchllogl35hsl140f_ssgwc0p9v125c
                                                          0.504000  
U3265                     STQ_EN2_S_1     um28nchllogl35hsl140f_ssgwc0p9v125c
                                                          1.512000  
U3266                     STQ_BUF_2       um28nchllogl35hsl140f_ssgwc0p9v125c
                                                          0.672000  
U3267                     STQ_INV_S_0P65  um28nchllogl35hsl140f_ssgwc0p9v125c
                                                          0.336000  
U3268                     STQ_INV_6       um28nchllogl35hsl140f_ssgwc0p9v125c
                                                          1.176000  
U3269                     STQ_INV_S_1     um28nchllogl35hsl140f_ssgwc0p9v125c
                                                          0.336000  
U3270                     STQ_INV_2       um28nchllogl35hsl140f_ssgwc0p9v125c
                                                          0.504000  
U3271                     STQ_INV_S_1     um28nchllogl35hsl140f_ssgwc0p9v125c
                                                          0.336000  
U3272                     STQ_EN2_S_6     um28nchllogl35hsl140f_ssgwc0p9v125c
                                                          4.200000  
U3273                     STQ_INV_3P5     um28nchllogl35hsl140f_ssgwc0p9v125c
                                                          0.840000  
U3274                     STQ_EN2_S_6     um28nchllogl35hsl140f_ssgwc0p9v125c
                                                          4.200000  
U3275                     STQ_INV_18      um28nchllogl35hsl140f_ssgwc0p9v125c
                                                          3.192000  
U3276                     STQ_EN2_4       um28nchllogl35hsl140f_ssgwc0p9v125c
                                                          3.024000  
U3277                     STQ_EN2_4       um28nchllogl35hsl140f_ssgwc0p9v125c
                                                          3.024000  
U3278                     STQ_EN2_4       um28nchllogl35hsl140f_ssgwc0p9v125c
                                                          3.024000  
U3279                     STQ_EN2_S_2     um28nchllogl35hsl140f_ssgwc0p9v125c
                                                          1.680000  
U3280                     STQ_EN2_4       um28nchllogl35hsl140f_ssgwc0p9v125c
                                                          3.024000  
U3281                     STQ_EN2_4       um28nchllogl35hsl140f_ssgwc0p9v125c
                                                          3.024000  
U3282                     STQ_BUF_1P5     um28nchllogl35hsl140f_ssgwc0p9v125c
                                                          0.672000  
U3283                     STQ_INV_2       um28nchllogl35hsl140f_ssgwc0p9v125c
                                                          0.504000  
U3284                     STQ_INV_18      um28nchllogl35hsl140f_ssgwc0p9v125c
                                                          3.192000  
U3285                     STQ_EN2_4       um28nchllogl35hsl140f_ssgwc0p9v125c
                                                          3.024000  
U3286                     STQ_EO2_4       um28nchllogl35hsl140f_ssgwc0p9v125c
                                                          3.024000  
U3287                     STQ_ND2_7       um28nchllogl35hsl140f_ssgwc0p9v125c
                                                          2.520000  
U3288                     STQ_ND2_5       um28nchllogl35hsl140f_ssgwc0p9v125c
                                                          1.848000  
U3289                     STQ_NR2_G_4     um28nchllogl35hsl140f_ssgwc0p9v125c
                                                          1.512000  
U3290                     STQ_EO2_3       um28nchllogl35hsl140f_ssgwc0p9v125c
                                                          2.856000  
U3291                     STQ_AN4B_2      um28nchllogl35hsl140f_ssgwc0p9v125c
                                                          1.344000  
U3292                     STQ_INV_4       um28nchllogl35hsl140f_ssgwc0p9v125c
                                                          0.840000  
U3293                     STQ_OAI21_1     um28nchllogl35hsl140f_ssgwc0p9v125c
                                                          0.672000  
U3294                     STQ_INV_4       um28nchllogl35hsl140f_ssgwc0p9v125c
                                                          0.840000  
U3295                     STQ_ND2_S_7     um28nchllogl35hsl140f_ssgwc0p9v125c
                                                          2.184000  
U3296                     STQ_NR3_G_8     um28nchllogl35hsl140f_ssgwc0p9v125c
                                                          4.200000  
U3297                     STQ_ND2_16      um28nchllogl35hsl140f_ssgwc0p9v125c
                                                          5.544000  
U3298                     STQ_ND3_8       um28nchllogl35hsl140f_ssgwc0p9v125c
                                                          4.200000  
U3299                     STQ_ND2_5       um28nchllogl35hsl140f_ssgwc0p9v125c
                                                          1.848000  
U3300                     STQ_ND2_S_24    um28nchllogl35hsl140f_ssgwc0p9v125c
                                                          6.048000  
U3301                     STQ_OR3_12      um28nchllogl35hsl140f_ssgwc0p9v125c
                                                          5.208000  
U3302                     STQ_NR2_G_5     um28nchllogl35hsl140f_ssgwc0p9v125c
                                                          1.848000  
U3303                     STQ_INV_S_5     um28nchllogl35hsl140f_ssgwc0p9v125c
                                                          1.008000  
U3304                     STQ_INV_4       um28nchllogl35hsl140f_ssgwc0p9v125c
                                                          0.840000  
U3305                     STQ_ND3_5       um28nchllogl35hsl140f_ssgwc0p9v125c
                                                          2.688000  
U3306                     STQ_ND3_5       um28nchllogl35hsl140f_ssgwc0p9v125c
                                                          2.688000  
U3307                     STQ_NR2_6       um28nchllogl35hsl140f_ssgwc0p9v125c
                                                          2.184000  
U3308                     STQ_INV_S_5     um28nchllogl35hsl140f_ssgwc0p9v125c
                                                          1.008000  
U3309                     STQ_INV_6       um28nchllogl35hsl140f_ssgwc0p9v125c
                                                          1.176000  
U3310                     STQ_ND2_G_1     um28nchllogl35hsl140f_ssgwc0p9v125c
                                                          0.504000  
U3311                     STQ_OAI21_0P5   um28nchllogl35hsl140f_ssgwc0p9v125c
                                                          0.672000  
U3312                     STQ_OAI21_0P5   um28nchllogl35hsl140f_ssgwc0p9v125c
                                                          0.672000  
U3313                     STQ_INV_2       um28nchllogl35hsl140f_ssgwc0p9v125c
                                                          0.504000  
U3314                     STQ_ND2_G_2     um28nchllogl35hsl140f_ssgwc0p9v125c
                                                          0.840000  
U3315                     STQ_ND3_2       um28nchllogl35hsl140f_ssgwc0p9v125c
                                                          1.176000  
U3316                     STQ_OAI21_0P5   um28nchllogl35hsl140f_ssgwc0p9v125c
                                                          0.672000  
U3317                     STQ_NR2_1       um28nchllogl35hsl140f_ssgwc0p9v125c
                                                          0.504000  
U3318                     STQ_NR3_G_2     um28nchllogl35hsl140f_ssgwc0p9v125c
                                                          1.176000  
U3319                     STQ_NR2_G_4     um28nchllogl35hsl140f_ssgwc0p9v125c
                                                          1.512000  
U3320                     STQ_NR2_1       um28nchllogl35hsl140f_ssgwc0p9v125c
                                                          0.504000  
U3321                     STQ_OR3_L_1     um28nchllogl35hsl140f_ssgwc0p9v125c
                                                          0.840000  
U3322                     STQ_OAI21_0P5   um28nchllogl35hsl140f_ssgwc0p9v125c
                                                          0.672000  
U3323                     STQ_AN4B_2      um28nchllogl35hsl140f_ssgwc0p9v125c
                                                          1.344000  
U3324                     STQ_OAI21_0P5   um28nchllogl35hsl140f_ssgwc0p9v125c
                                                          0.672000  
U3325                     STQ_OAI21_0P5   um28nchllogl35hsl140f_ssgwc0p9v125c
                                                          0.672000  
U3326                     STQ_OAI21_0P5   um28nchllogl35hsl140f_ssgwc0p9v125c
                                                          0.672000  
U3327                     STQ_NR2_1       um28nchllogl35hsl140f_ssgwc0p9v125c
                                                          0.504000  
U3328                     STQ_OR3_L_1     um28nchllogl35hsl140f_ssgwc0p9v125c
                                                          0.840000  
U3329                     STQ_OAI21_1     um28nchllogl35hsl140f_ssgwc0p9v125c
                                                          0.672000  
U3330                     STQ_AN4B_2      um28nchllogl35hsl140f_ssgwc0p9v125c
                                                          1.344000  
U3331                     STQ_OAI21_0P5   um28nchllogl35hsl140f_ssgwc0p9v125c
                                                          0.672000  
U3332                     STQ_NR3B_MG_1   um28nchllogl35hsl140f_ssgwc0p9v125c
                                                          0.840000  
U3333                     STQ_NR2_G_4     um28nchllogl35hsl140f_ssgwc0p9v125c
                                                          1.512000  
U3334                     STQ_ND2_G_3     um28nchllogl35hsl140f_ssgwc0p9v125c
                                                          1.176000  
U3335                     STQ_OAI21_0P5   um28nchllogl35hsl140f_ssgwc0p9v125c
                                                          0.672000  
U3336                     STQ_OAI21B_0P5  um28nchllogl35hsl140f_ssgwc0p9v125c
                                                          0.840000  
U3337                     STQ_NR2_1       um28nchllogl35hsl140f_ssgwc0p9v125c
                                                          0.504000  
U3338                     STQ_OAI21_1     um28nchllogl35hsl140f_ssgwc0p9v125c
                                                          0.672000  
U3339                     STQ_OAI21_1     um28nchllogl35hsl140f_ssgwc0p9v125c
                                                          0.672000  
U3340                     STQ_OAI21_1     um28nchllogl35hsl140f_ssgwc0p9v125c
                                                          0.672000  
U3341                     STQ_OAI21_1     um28nchllogl35hsl140f_ssgwc0p9v125c
                                                          0.672000  
U3342                     STQ_OR3B_1      um28nchllogl35hsl140f_ssgwc0p9v125c
                                                          0.840000  
U3343                     STQ_OR3B_2      um28nchllogl35hsl140f_ssgwc0p9v125c
                                                          1.176000  
U3344                     STQ_OAI21B_1    um28nchllogl35hsl140f_ssgwc0p9v125c
                                                          0.840000  
U3345                     STQ_OAI21_4     um28nchllogl35hsl140f_ssgwc0p9v125c
                                                          2.184000  
U3346                     STQ_NR2_2       um28nchllogl35hsl140f_ssgwc0p9v125c
                                                          0.840000  
U3347                     STQ_NR2_2       um28nchllogl35hsl140f_ssgwc0p9v125c
                                                          0.840000  
U3348                     STQ_NR2_2       um28nchllogl35hsl140f_ssgwc0p9v125c
                                                          0.840000  
U3349                     STQ_OR3_8       um28nchllogl35hsl140f_ssgwc0p9v125c
                                                          3.528000  
U3350                     STQ_ND2_G_2     um28nchllogl35hsl140f_ssgwc0p9v125c
                                                          0.840000  
U3351                     STQ_AN4B_1      um28nchllogl35hsl140f_ssgwc0p9v125c
                                                          1.008000  
U3352                     STQ_NR3_G_0P65  um28nchllogl35hsl140f_ssgwc0p9v125c
                                                          0.672000  
U3353                     STQ_NR3_G_0P65  um28nchllogl35hsl140f_ssgwc0p9v125c
                                                          0.672000  
U3354                     STQ_OR2_3       um28nchllogl35hsl140f_ssgwc0p9v125c
                                                          1.344000  
U3355                     STQ_OAI21_1     um28nchllogl35hsl140f_ssgwc0p9v125c
                                                          0.672000  
U3356                     STQ_NR2_S_1P5   um28nchllogl35hsl140f_ssgwc0p9v125c
                                                          0.840000  
U3357                     STQ_AN4B_1      um28nchllogl35hsl140f_ssgwc0p9v125c
                                                          1.008000  
U3358                     STQ_OAI21_1     um28nchllogl35hsl140f_ssgwc0p9v125c
                                                          0.672000  
U3359                     STQ_OAI21_1P5   um28nchllogl35hsl140f_ssgwc0p9v125c
                                                          1.176000  
U3360                     STQ_AN3B_0P5    um28nchllogl35hsl140f_ssgwc0p9v125c
                                                          0.840000  
U3361                     STQ_INV_6       um28nchllogl35hsl140f_ssgwc0p9v125c
                                                          1.176000  
U3362                     STQ_ND2_G_2     um28nchllogl35hsl140f_ssgwc0p9v125c
                                                          0.840000  
U3363                     STQ_NR3_G_4     um28nchllogl35hsl140f_ssgwc0p9v125c
                                                          2.184000  
U3364                     STQ_AOAI211_2   um28nchllogl35hsl140f_ssgwc0p9v125c
                                                          1.512000  
U3365                     STQ_INV_4       um28nchllogl35hsl140f_ssgwc0p9v125c
                                                          0.840000  
U3366                     STQ_EN2_6       um28nchllogl35hsl140f_ssgwc0p9v125c
                                                          4.536000  
U3367                     STQ_ND2_5       um28nchllogl35hsl140f_ssgwc0p9v125c
                                                          1.848000  
U3368                     STQ_INV_18      um28nchllogl35hsl140f_ssgwc0p9v125c
                                                          3.192000  
U3369                     STQ_NR2_2       um28nchllogl35hsl140f_ssgwc0p9v125c
                                                          0.840000  
U3370                     STQ_OAI21_1     um28nchllogl35hsl140f_ssgwc0p9v125c
                                                          0.672000  
U3371                     STQ_NR2_G_4     um28nchllogl35hsl140f_ssgwc0p9v125c
                                                          1.512000  
U3372                     STQ_OAI21_1     um28nchllogl35hsl140f_ssgwc0p9v125c
                                                          0.672000  
U3373                     STQ_OAI21_1     um28nchllogl35hsl140f_ssgwc0p9v125c
                                                          0.672000  
U3374                     STQ_OAI21_0P5   um28nchllogl35hsl140f_ssgwc0p9v125c
                                                          0.672000  
U3375                     STQ_NR3_G_1     um28nchllogl35hsl140f_ssgwc0p9v125c
                                                          0.672000  
U3376                     STQ_NR3_G_1     um28nchllogl35hsl140f_ssgwc0p9v125c
                                                          0.672000  
U3377                     STQ_OAI21_0P5   um28nchllogl35hsl140f_ssgwc0p9v125c
                                                          0.672000  
U3378                     STQ_NR2_1       um28nchllogl35hsl140f_ssgwc0p9v125c
                                                          0.504000  
U3379                     STQ_NR3_G_1     um28nchllogl35hsl140f_ssgwc0p9v125c
                                                          0.672000  
U3380                     STQ_AOAI211_0P75
                                          um28nchllogl35hsl140f_ssgwc0p9v125c
                                                          0.840000  
U3381                     STQ_AOAI211_0P75
                                          um28nchllogl35hsl140f_ssgwc0p9v125c
                                                          0.840000  
U3382                     STQ_AOAI211_0P75
                                          um28nchllogl35hsl140f_ssgwc0p9v125c
                                                          0.840000  
U3383                     STQ_AOAI211_0P75
                                          um28nchllogl35hsl140f_ssgwc0p9v125c
                                                          0.840000  
U3384                     STQ_AOAI211_0P75
                                          um28nchllogl35hsl140f_ssgwc0p9v125c
                                                          0.840000  
U3385                     STQ_AOAI211_0P75
                                          um28nchllogl35hsl140f_ssgwc0p9v125c
                                                          0.840000  
U3386                     STQ_AOAI211_0P75
                                          um28nchllogl35hsl140f_ssgwc0p9v125c
                                                          0.840000  
U3387                     STQ_AOAI211_0P75
                                          um28nchllogl35hsl140f_ssgwc0p9v125c
                                                          0.840000  
U3388                     STQ_NR2_8       um28nchllogl35hsl140f_ssgwc0p9v125c
                                                          2.856000  
U3389                     STQ_ND3_6       um28nchllogl35hsl140f_ssgwc0p9v125c
                                                          3.192000  
U3390                     STQ_NR2_2       um28nchllogl35hsl140f_ssgwc0p9v125c
                                                          0.840000  
U3391                     STQ_EO3_2       um28nchllogl35hsl140f_ssgwc0p9v125c
                                                          2.688000  
U3392                     STQ_ND2B_V1DG_8 um28nchllogl35hsl140f_ssgwc0p9v125c
                                                          3.192000  
U3393                     STQ_INV_6P5     um28nchllogl35hsl140f_ssgwc0p9v125c
                                                          1.344000  
U3394                     STQ_NR3_G_8     um28nchllogl35hsl140f_ssgwc0p9v125c
                                                          4.200000  
U3395                     STQ_ND2_12      um28nchllogl35hsl140f_ssgwc0p9v125c
                                                          4.200000  
U3396                     STQ_NR2_G_3P5   um28nchllogl35hsl140f_ssgwc0p9v125c
                                                          1.512000  
U3397                     STQ_INV_11      um28nchllogl35hsl140f_ssgwc0p9v125c
                                                          2.016000  
U3398                     STQ_ND2_5       um28nchllogl35hsl140f_ssgwc0p9v125c
                                                          1.848000  
U3399                     STQ_NR2_G_4     um28nchllogl35hsl140f_ssgwc0p9v125c
                                                          1.512000  
U3400                     STQ_INV_2       um28nchllogl35hsl140f_ssgwc0p9v125c
                                                          0.504000  
U3401                     STQ_INV_12      um28nchllogl35hsl140f_ssgwc0p9v125c
                                                          2.184000  
U3402                     STQ_ND3_4       um28nchllogl35hsl140f_ssgwc0p9v125c
                                                          2.184000  
U3403                     STQ_BUF_S_8     um28nchllogl35hsl140f_ssgwc0p9v125c
                                                          2.184000  
U3404                     STQ_OAI21_6     um28nchllogl35hsl140f_ssgwc0p9v125c
                                                          3.192000  
U3405                     STQ_ND3_5       um28nchllogl35hsl140f_ssgwc0p9v125c
                                                          2.688000  
U3406                     STQ_INV_12      um28nchllogl35hsl140f_ssgwc0p9v125c
                                                          2.184000  
U3407                     STQ_NR2_G_5     um28nchllogl35hsl140f_ssgwc0p9v125c
                                                          1.848000  
U3408                     STQ_ND2_G_1     um28nchllogl35hsl140f_ssgwc0p9v125c
                                                          0.504000  
U3409                     STQ_ND2B_V1DG_4 um28nchllogl35hsl140f_ssgwc0p9v125c
                                                          1.680000  
U3410                     STQ_INV_S_1     um28nchllogl35hsl140f_ssgwc0p9v125c
                                                          0.336000  
U3411                     STQ_NR2_G_5     um28nchllogl35hsl140f_ssgwc0p9v125c
                                                          1.848000  
U3412                     STQ_OR3B_8      um28nchllogl35hsl140f_ssgwc0p9v125c
                                                          4.200000  
U3413                     STQ_INV_S_5     um28nchllogl35hsl140f_ssgwc0p9v125c
                                                          1.008000  
U3414                     STQ_ND2_10      um28nchllogl35hsl140f_ssgwc0p9v125c
                                                          3.528000  
U3415                     STQ_ND2_16      um28nchllogl35hsl140f_ssgwc0p9v125c
                                                          5.544000  
U3416                     STQ_ND2_S_10    um28nchllogl35hsl140f_ssgwc0p9v125c
                                                          2.856000  
U3417                     STQ_NR2_6       um28nchllogl35hsl140f_ssgwc0p9v125c
                                                          2.184000  
U3418                     STQ_NR2_G_5     um28nchllogl35hsl140f_ssgwc0p9v125c
                                                          1.848000  
U3419                     STQ_ND3_5       um28nchllogl35hsl140f_ssgwc0p9v125c
                                                          2.688000  
U3420                     STQ_ND2_S_10    um28nchllogl35hsl140f_ssgwc0p9v125c
                                                          2.856000  
U3421                     STQ_AN3B_4      um28nchllogl35hsl140f_ssgwc0p9v125c
                                                          2.184000  
U3422                     STQ_INV_7P5     um28nchllogl35hsl140f_ssgwc0p9v125c
                                                          1.512000  
U3423                     STQ_INV_4       um28nchllogl35hsl140f_ssgwc0p9v125c
                                                          0.840000  
U3424                     STQ_ND2_5       um28nchllogl35hsl140f_ssgwc0p9v125c
                                                          1.848000  
U3425                     STQ_NR2_G_12    um28nchllogl35hsl140f_ssgwc0p9v125c
                                                          4.200000  
U3426                     STQ_ND2_6       um28nchllogl35hsl140f_ssgwc0p9v125c
                                                          2.184000  
U3427                     STQ_NR2_G_5     um28nchllogl35hsl140f_ssgwc0p9v125c
                                                          1.848000  
U3428                     STQ_ND2_S_6     um28nchllogl35hsl140f_ssgwc0p9v125c
                                                          1.848000  
U3429                     STQ_OR2_12      um28nchllogl35hsl140f_ssgwc0p9v125c
                                                          4.200000  
U3430                     STQ_INV_15      um28nchllogl35hsl140f_ssgwc0p9v125c
                                                          2.688000  
U3431                     STQ_INV_S_10    um28nchllogl35hsl140f_ssgwc0p9v125c
                                                          1.848000  
U3432                     STQ_NR2B_4      um28nchllogl35hsl140f_ssgwc0p9v125c
                                                          1.848000  
U3433                     STQ_OR3B_4      um28nchllogl35hsl140f_ssgwc0p9v125c
                                                          2.184000  
U3434                     STQ_INV_6P5     um28nchllogl35hsl140f_ssgwc0p9v125c
                                                          1.344000  
U3435                     STQ_NR2_G_4     um28nchllogl35hsl140f_ssgwc0p9v125c
                                                          1.512000  
U3436                     STQ_NR2_G_4     um28nchllogl35hsl140f_ssgwc0p9v125c
                                                          1.512000  
U3437                     STQ_NR2_G_0P5   um28nchllogl35hsl140f_ssgwc0p9v125c
                                                          0.504000  
U3438                     STQ_OR2_7       um28nchllogl35hsl140f_ssgwc0p9v125c
                                                          2.688000  
U3439                     STQ_NR3_G_2     um28nchllogl35hsl140f_ssgwc0p9v125c
                                                          1.176000  
U3440                     STQ_ND2_5       um28nchllogl35hsl140f_ssgwc0p9v125c
                                                          1.848000  
U3441                     STQ_ND2_5       um28nchllogl35hsl140f_ssgwc0p9v125c
                                                          1.848000  
U3442                     STQ_ND2_S_5     um28nchllogl35hsl140f_ssgwc0p9v125c
                                                          1.512000  
U3443                     STQ_ND2_10      um28nchllogl35hsl140f_ssgwc0p9v125c
                                                          3.528000  
U3444                     STQ_INV_S_24    um28nchllogl35hsl140f_ssgwc0p9v125c
                                                          4.368000  
U3445                     STQ_ND3_5       um28nchllogl35hsl140f_ssgwc0p9v125c
                                                          2.688000  
U3446                     STQ_NR3_G_4     um28nchllogl35hsl140f_ssgwc0p9v125c
                                                          2.184000  
U3447                     STQ_NR2_2       um28nchllogl35hsl140f_ssgwc0p9v125c
                                                          0.840000  
U3448                     STQ_NR2_G_6     um28nchllogl35hsl140f_ssgwc0p9v125c
                                                          2.184000  
U3449                     STQ_NR3_G_4     um28nchllogl35hsl140f_ssgwc0p9v125c
                                                          2.184000  
U3450                     STQ_ND2B_6      um28nchllogl35hsl140f_ssgwc0p9v125c
                                                          2.688000  
U3451                     STQ_INV_6       um28nchllogl35hsl140f_ssgwc0p9v125c
                                                          1.176000  
U3452                     STQ_ND3_8       um28nchllogl35hsl140f_ssgwc0p9v125c
                                                          4.200000  
U3453                     STQ_INV_15      um28nchllogl35hsl140f_ssgwc0p9v125c
                                                          2.688000  
U3454                     STQ_NR3_G_4     um28nchllogl35hsl140f_ssgwc0p9v125c
                                                          2.184000  
U3455                     STQ_NR2_G_6     um28nchllogl35hsl140f_ssgwc0p9v125c
                                                          2.184000  
U3456                     STQ_NR2_8       um28nchllogl35hsl140f_ssgwc0p9v125c
                                                          2.856000  
U3457                     STQ_OAI21B_0P5  um28nchllogl35hsl140f_ssgwc0p9v125c
                                                          0.840000  
U3458                     STQ_ND2B_4      um28nchllogl35hsl140f_ssgwc0p9v125c
                                                          1.848000  
U3459                     STQ_ND3_2       um28nchllogl35hsl140f_ssgwc0p9v125c
                                                          1.176000  
U3460                     STQ_NR2_G_6     um28nchllogl35hsl140f_ssgwc0p9v125c
                                                          2.184000  
U3461                     STQ_NR2_G_6     um28nchllogl35hsl140f_ssgwc0p9v125c
                                                          2.184000  
U3462                     STQ_OAI21_0P75  um28nchllogl35hsl140f_ssgwc0p9v125c
                                                          0.672000  
U3463                     STQ_NR2_1P5     um28nchllogl35hsl140f_ssgwc0p9v125c
                                                          0.840000  
U3464                     STQ_OAI21_0P75  um28nchllogl35hsl140f_ssgwc0p9v125c
                                                          0.672000  
U3465                     STQ_OAI21_0P75  um28nchllogl35hsl140f_ssgwc0p9v125c
                                                          0.672000  
U3466                     STQ_OAI21_0P75  um28nchllogl35hsl140f_ssgwc0p9v125c
                                                          0.672000  
U3467                     STQ_OAI21_0P75  um28nchllogl35hsl140f_ssgwc0p9v125c
                                                          0.672000  
U3468                     STQ_OAI21_0P75  um28nchllogl35hsl140f_ssgwc0p9v125c
                                                          0.672000  
U3469                     STQ_ND2_10      um28nchllogl35hsl140f_ssgwc0p9v125c
                                                          3.528000  
U3470                     STQ_OAI21_1     um28nchllogl35hsl140f_ssgwc0p9v125c
                                                          0.672000  
U3471                     STQ_EN3_3       um28nchllogl35hsl140f_ssgwc0p9v125c
                                                          4.032000  
U3472                     STQ_ND2_G_3     um28nchllogl35hsl140f_ssgwc0p9v125c
                                                          1.176000  
U3473                     STQ_NR2_G_4     um28nchllogl35hsl140f_ssgwc0p9v125c
                                                          1.512000  
U3474                     STQ_NR2_G_4     um28nchllogl35hsl140f_ssgwc0p9v125c
                                                          1.512000  
U3475                     STQ_EN3_3       um28nchllogl35hsl140f_ssgwc0p9v125c
                                                          4.032000  
U3476                     STQ_NR2_G_4     um28nchllogl35hsl140f_ssgwc0p9v125c
                                                          1.512000  
U3477                     STQ_NR3_G_8     um28nchllogl35hsl140f_ssgwc0p9v125c
                                                          4.200000  
U3478                     STQ_NR2_6       um28nchllogl35hsl140f_ssgwc0p9v125c
                                                          2.184000  
U3479                     STQ_ND2_9       um28nchllogl35hsl140f_ssgwc0p9v125c
                                                          3.192000  
U3480                     STQ_ND2_S_10    um28nchllogl35hsl140f_ssgwc0p9v125c
                                                          2.856000  
U3481                     STQ_NR4_8       um28nchllogl35hsl140f_ssgwc0p9v125c
                                                          5.208000  
U3482                     STQ_ND3_8       um28nchllogl35hsl140f_ssgwc0p9v125c
                                                          4.200000  
U3483                     STQ_ND2_S_24    um28nchllogl35hsl140f_ssgwc0p9v125c
                                                          6.048000  
U3484                     STQ_BUF_S_20    um28nchllogl35hsl140f_ssgwc0p9v125c
                                                          5.208000  
U3485                     STQ_ND2_7       um28nchllogl35hsl140f_ssgwc0p9v125c
                                                          2.520000  
U3486                     STQ_INV_15      um28nchllogl35hsl140f_ssgwc0p9v125c
                                                          2.688000  
U3487                     STQ_ND2_S_5     um28nchllogl35hsl140f_ssgwc0p9v125c
                                                          1.512000  
U3488                     STQ_NR2_G_16    um28nchllogl35hsl140f_ssgwc0p9v125c
                                                          5.544000  
U3489                     STQ_ND2_5       um28nchllogl35hsl140f_ssgwc0p9v125c
                                                          1.848000  
U3490                     STQ_ND2_S_7     um28nchllogl35hsl140f_ssgwc0p9v125c
                                                          2.184000  
U3491                     STQ_ND3_4       um28nchllogl35hsl140f_ssgwc0p9v125c
                                                          2.184000  
U3492                     STQ_INV_6P5     um28nchllogl35hsl140f_ssgwc0p9v125c
                                                          1.344000  
U3493                     STQ_ND2_5       um28nchllogl35hsl140f_ssgwc0p9v125c
                                                          1.848000  
U3494                     STQ_NR3_G_4     um28nchllogl35hsl140f_ssgwc0p9v125c
                                                          2.184000  
U3495                     STQ_OR2_4       um28nchllogl35hsl140f_ssgwc0p9v125c
                                                          1.512000  
U3496                     STQ_NR3_G_2     um28nchllogl35hsl140f_ssgwc0p9v125c
                                                          1.176000  
U3497                     STQ_AOI211_3    um28nchllogl35hsl140f_ssgwc0p9v125c
                                                          2.184000  
U3498                     STQ_INV_S_14    um28nchllogl35hsl140f_ssgwc0p9v125c
                                                          2.520000  
U3499                     STQ_INV_6       um28nchllogl35hsl140f_ssgwc0p9v125c
                                                          1.176000  
U3500                     STQ_NR2_3       um28nchllogl35hsl140f_ssgwc0p9v125c
                                                          1.176000  
U3501                     STQ_NR2_G_12    um28nchllogl35hsl140f_ssgwc0p9v125c
                                                          4.200000  
U3502                     STQ_NR2_8       um28nchllogl35hsl140f_ssgwc0p9v125c
                                                          2.856000  
U3503                     STQ_AN2_24      um28nchllogl35hsl140f_ssgwc0p9v125c
                                                          8.400000  
U3504                     STQ_NR2_3       um28nchllogl35hsl140f_ssgwc0p9v125c
                                                          1.176000  
U3505                     STQ_BUF_S_6     um28nchllogl35hsl140f_ssgwc0p9v125c
                                                          1.680000  
U3506                     STQ_EN3_3       um28nchllogl35hsl140f_ssgwc0p9v125c
                                                          4.032000  
U3507                     STQ_EO3_3       um28nchllogl35hsl140f_ssgwc0p9v125c
                                                          4.200000  
U3508                     STQ_NR3_G_8     um28nchllogl35hsl140f_ssgwc0p9v125c
                                                          4.200000  
U3509                     STQ_ND3_8       um28nchllogl35hsl140f_ssgwc0p9v125c
                                                          4.200000  
U3510                     STQ_NR2_2       um28nchllogl35hsl140f_ssgwc0p9v125c
                                                          0.840000  
U3511                     STQ_ND2_S_16    um28nchllogl35hsl140f_ssgwc0p9v125c
                                                          4.200000  
U3512                     STQ_INV_18      um28nchllogl35hsl140f_ssgwc0p9v125c
                                                          3.192000  
U3513                     STQ_ND2_S_6     um28nchllogl35hsl140f_ssgwc0p9v125c
                                                          1.848000  
U3514                     STQ_ND2_6       um28nchllogl35hsl140f_ssgwc0p9v125c
                                                          2.184000  
U3515                     STQ_ND3_8       um28nchllogl35hsl140f_ssgwc0p9v125c
                                                          4.200000  
U3516                     STQ_INV_S_1     um28nchllogl35hsl140f_ssgwc0p9v125c
                                                          0.336000  
U3517                     STQ_OR2_12      um28nchllogl35hsl140f_ssgwc0p9v125c
                                                          4.200000  
U3518                     STQ_NR2_G_12    um28nchllogl35hsl140f_ssgwc0p9v125c
                                                          4.200000  
U3519                     STQ_EN2_6       um28nchllogl35hsl140f_ssgwc0p9v125c
                                                          4.536000  
U3520                     STQ_EN2_S_6     um28nchllogl35hsl140f_ssgwc0p9v125c
                                                          4.200000  
U3521                     STQ_INV_7P5     um28nchllogl35hsl140f_ssgwc0p9v125c
                                                          1.512000  
U3522                     STQ_NR2_G_12    um28nchllogl35hsl140f_ssgwc0p9v125c
                                                          4.200000  
U3523                     STQ_OR2_7       um28nchllogl35hsl140f_ssgwc0p9v125c
                                                          2.688000  
U3524                     STQ_INV_12      um28nchllogl35hsl140f_ssgwc0p9v125c
                                                          2.184000  
U3525                     STQ_NR2_6       um28nchllogl35hsl140f_ssgwc0p9v125c
                                                          2.184000  
U3526                     STQ_INV_4       um28nchllogl35hsl140f_ssgwc0p9v125c
                                                          0.840000  
U3527                     STQ_AOI21B_4    um28nchllogl35hsl140f_ssgwc0p9v125c
                                                          2.520000  
U3528                     STQ_EO2_6       um28nchllogl35hsl140f_ssgwc0p9v125c
                                                          4.536000  
U3529                     STQ_INV_4       um28nchllogl35hsl140f_ssgwc0p9v125c
                                                          0.840000  
U3530                     STQ_OAI21_6     um28nchllogl35hsl140f_ssgwc0p9v125c
                                                          3.192000  
U3531                     STQ_ND3_8       um28nchllogl35hsl140f_ssgwc0p9v125c
                                                          4.200000  
U3532                     STQ_NR2_8       um28nchllogl35hsl140f_ssgwc0p9v125c
                                                          2.856000  
U3533                     STQ_INV_6       um28nchllogl35hsl140f_ssgwc0p9v125c
                                                          1.176000  
U3534                     STQ_NR2_G_5     um28nchllogl35hsl140f_ssgwc0p9v125c
                                                          1.848000  
U3535                     STQ_INV_18      um28nchllogl35hsl140f_ssgwc0p9v125c
                                                          3.192000  
U3536                     STQ_ND2_12      um28nchllogl35hsl140f_ssgwc0p9v125c
                                                          4.200000  
U3537                     STQ_BUF_S_6     um28nchllogl35hsl140f_ssgwc0p9v125c
                                                          1.680000  
U3538                     STQ_NR2B_3      um28nchllogl35hsl140f_ssgwc0p9v125c
                                                          1.512000  
U3539                     STQ_ND2_16      um28nchllogl35hsl140f_ssgwc0p9v125c
                                                          5.544000  
U3540                     STQ_ND3_5       um28nchllogl35hsl140f_ssgwc0p9v125c
                                                          2.688000  
U3541                     STQ_NR3_G_4     um28nchllogl35hsl140f_ssgwc0p9v125c
                                                          2.184000  
U3542                     STQ_NR4_4       um28nchllogl35hsl140f_ssgwc0p9v125c
                                                          2.856000  
U3543                     STQ_ND2_S_7     um28nchllogl35hsl140f_ssgwc0p9v125c
                                                          2.184000  
U3544                     STQ_INV_7P5     um28nchllogl35hsl140f_ssgwc0p9v125c
                                                          1.512000  
U3545                     STQ_ND2_S_5     um28nchllogl35hsl140f_ssgwc0p9v125c
                                                          1.512000  
U3546                     STQ_NR2_G_12    um28nchllogl35hsl140f_ssgwc0p9v125c
                                                          4.200000  
U3547                     STQ_ND2B_4      um28nchllogl35hsl140f_ssgwc0p9v125c
                                                          1.848000  
U3548                     STQ_NR2_G_6     um28nchllogl35hsl140f_ssgwc0p9v125c
                                                          2.184000  
U3549                     STQ_ND2_6       um28nchllogl35hsl140f_ssgwc0p9v125c
                                                          2.184000  
U3550                     STQ_INV_3P5     um28nchllogl35hsl140f_ssgwc0p9v125c
                                                          0.840000  
U3551                     STQ_ND2_G_3     um28nchllogl35hsl140f_ssgwc0p9v125c
                                                          1.176000  
U3552                     STQ_NR2_2       um28nchllogl35hsl140f_ssgwc0p9v125c
                                                          0.840000  
U3553                     STQ_ND2_5       um28nchllogl35hsl140f_ssgwc0p9v125c
                                                          1.848000  
U3554                     STQ_EO2_6       um28nchllogl35hsl140f_ssgwc0p9v125c
                                                          4.536000  
U3555                     STQ_EN2_8       um28nchllogl35hsl140f_ssgwc0p9v125c
                                                          5.880000  
U3556                     STQ_OR2_10      um28nchllogl35hsl140f_ssgwc0p9v125c
                                                          3.528000  
U3557                     STQ_INV_7P5     um28nchllogl35hsl140f_ssgwc0p9v125c
                                                          1.512000  
U3558                     STQ_INV_7P5     um28nchllogl35hsl140f_ssgwc0p9v125c
                                                          1.512000  
U3559                     STQ_ND2_16      um28nchllogl35hsl140f_ssgwc0p9v125c
                                                          5.544000  
U3560                     STQ_ND3_6       um28nchllogl35hsl140f_ssgwc0p9v125c
                                                          3.192000  
U3561                     STQ_ND2_S_10    um28nchllogl35hsl140f_ssgwc0p9v125c
                                                          2.856000  
U3562                     STQ_ND2_5       um28nchllogl35hsl140f_ssgwc0p9v125c
                                                          1.848000  
U3563                     STQ_ND3_8       um28nchllogl35hsl140f_ssgwc0p9v125c
                                                          4.200000  
U3564                     STQ_NR2_8       um28nchllogl35hsl140f_ssgwc0p9v125c
                                                          2.856000  
U3565                     STQ_NR2_6       um28nchllogl35hsl140f_ssgwc0p9v125c
                                                          2.184000  
U3566                     STQ_INV_18      um28nchllogl35hsl140f_ssgwc0p9v125c
                                                          3.192000  
U3567                     STQ_NR2B_8      um28nchllogl35hsl140f_ssgwc0p9v125c
                                                          3.528000  
U3568                     STQ_INV_3P5     um28nchllogl35hsl140f_ssgwc0p9v125c
                                                          0.840000  
U3569                     STQ_NR2_G_6     um28nchllogl35hsl140f_ssgwc0p9v125c
                                                          2.184000  
U3570                     STQ_NR4_4       um28nchllogl35hsl140f_ssgwc0p9v125c
                                                          2.856000  
U3571                     STQ_NR2_G_6     um28nchllogl35hsl140f_ssgwc0p9v125c
                                                          2.184000  
U3572                     STQ_INV_6       um28nchllogl35hsl140f_ssgwc0p9v125c
                                                          1.176000  
U3573                     STQ_AN2_12      um28nchllogl35hsl140f_ssgwc0p9v125c
                                                          4.200000  
U3574                     STQ_INV_S_5     um28nchllogl35hsl140f_ssgwc0p9v125c
                                                          1.008000  
U3575                     STQ_ND2_12      um28nchllogl35hsl140f_ssgwc0p9v125c
                                                          4.200000  
U3576                     STQ_INV_2       um28nchllogl35hsl140f_ssgwc0p9v125c
                                                          0.504000  
U3577                     STQ_BUF_S_2P5   um28nchllogl35hsl140f_ssgwc0p9v125c
                                                          0.840000  
U3578                     STQ_EN2_8       um28nchllogl35hsl140f_ssgwc0p9v125c
                                                          5.880000  
U3579                     STQ_ND2_12      um28nchllogl35hsl140f_ssgwc0p9v125c
                                                          4.200000  
U3580                     STQ_ND2B_6      um28nchllogl35hsl140f_ssgwc0p9v125c
                                                          2.688000  
U3581                     STQ_ND2_7       um28nchllogl35hsl140f_ssgwc0p9v125c
                                                          2.520000  
U3582                     STQ_OAI21B_0P5  um28nchllogl35hsl140f_ssgwc0p9v125c
                                                          0.840000  
U3583                     STQ_OAI21B_0P5  um28nchllogl35hsl140f_ssgwc0p9v125c
                                                          0.840000  
U3584                     STQ_OAI21B_0P5  um28nchllogl35hsl140f_ssgwc0p9v125c
                                                          0.840000  
U3585                     STQ_AOAI211_2   um28nchllogl35hsl140f_ssgwc0p9v125c
                                                          1.512000  
U3586                     STQ_EO3_3       um28nchllogl35hsl140f_ssgwc0p9v125c
                                                          4.200000  
U3587                     STQ_NR2_2       um28nchllogl35hsl140f_ssgwc0p9v125c
                                                          0.840000  
U3588                     STQ_NR2_6       um28nchllogl35hsl140f_ssgwc0p9v125c
                                                          2.184000  
U3589                     STQ_EN2_8       um28nchllogl35hsl140f_ssgwc0p9v125c
                                                          5.880000  
U3590                     STQ_NR2_6       um28nchllogl35hsl140f_ssgwc0p9v125c
                                                          2.184000  
U3591                     STQ_ND2_7       um28nchllogl35hsl140f_ssgwc0p9v125c
                                                          2.520000  
U3592                     STQ_ND2_S_10    um28nchllogl35hsl140f_ssgwc0p9v125c
                                                          2.856000  
U3593                     STQ_ND2_G_3     um28nchllogl35hsl140f_ssgwc0p9v125c
                                                          1.176000  
U3594                     STQ_ND2_G_2     um28nchllogl35hsl140f_ssgwc0p9v125c
                                                          0.840000  
U3595                     STQ_INV_3P5     um28nchllogl35hsl140f_ssgwc0p9v125c
                                                          0.840000  
U3596                     STQ_NR2_S_1P5   um28nchllogl35hsl140f_ssgwc0p9v125c
                                                          0.840000  
U3597                     STQ_OAI21_1     um28nchllogl35hsl140f_ssgwc0p9v125c
                                                          0.672000  
U3598                     STQ_ND2_6       um28nchllogl35hsl140f_ssgwc0p9v125c
                                                          2.184000  
U3599                     STQ_INV_3       um28nchllogl35hsl140f_ssgwc0p9v125c
                                                          0.672000  
U3600                     STQ_AOAI211_1   um28nchllogl35hsl140f_ssgwc0p9v125c
                                                          0.840000  
U3601                     STQ_NR3B_MG_1   um28nchllogl35hsl140f_ssgwc0p9v125c
                                                          0.840000  
U3602                     STQ_AOI21_0P75  um28nchllogl35hsl140f_ssgwc0p9v125c
                                                          0.672000  
U3603                     STQ_NR2_G_6     um28nchllogl35hsl140f_ssgwc0p9v125c
                                                          2.184000  
U3604                     STQ_ND2B_1      um28nchllogl35hsl140f_ssgwc0p9v125c
                                                          0.672000  
U3605                     STQ_OR3B_4      um28nchllogl35hsl140f_ssgwc0p9v125c
                                                          2.184000  
U3606                     STQ_ND3_8       um28nchllogl35hsl140f_ssgwc0p9v125c
                                                          4.200000  
U3607                     STQ_EN3_6       um28nchllogl35hsl140f_ssgwc0p9v125c
                                                          6.888000  
U3608                     STQ_AOI21_1     um28nchllogl35hsl140f_ssgwc0p9v125c
                                                          0.672000  
U3609                     STQ_ND2_5       um28nchllogl35hsl140f_ssgwc0p9v125c
                                                          1.848000  
U3610                     STQ_NR3_G_8     um28nchllogl35hsl140f_ssgwc0p9v125c
                                                          4.200000  
U3611                     STQ_INV_3P5     um28nchllogl35hsl140f_ssgwc0p9v125c
                                                          0.840000  
U3612                     STQ_NR2_G_12    um28nchllogl35hsl140f_ssgwc0p9v125c
                                                          4.200000  
U3613                     STQ_NR2_8       um28nchllogl35hsl140f_ssgwc0p9v125c
                                                          2.856000  
U3614                     STQ_INV_7P5     um28nchllogl35hsl140f_ssgwc0p9v125c
                                                          1.512000  
U3615                     STQ_EN2_6       um28nchllogl35hsl140f_ssgwc0p9v125c
                                                          4.536000  
U3616                     STQ_EN2_8       um28nchllogl35hsl140f_ssgwc0p9v125c
                                                          5.880000  
U3617                     STQ_EN2_S_6     um28nchllogl35hsl140f_ssgwc0p9v125c
                                                          4.200000  
U3618                     STQ_EO3_3       um28nchllogl35hsl140f_ssgwc0p9v125c
                                                          4.200000  
U3619                     STQ_NR2_G_4     um28nchllogl35hsl140f_ssgwc0p9v125c
                                                          1.512000  
U3620                     STQ_EN3_3       um28nchllogl35hsl140f_ssgwc0p9v125c
                                                          4.032000  
U3621                     STQ_EN2_6       um28nchllogl35hsl140f_ssgwc0p9v125c
                                                          4.536000  
U3622                     STQ_ND2_G_2     um28nchllogl35hsl140f_ssgwc0p9v125c
                                                          0.840000  
U3623                     STQ_ND2_S_10    um28nchllogl35hsl140f_ssgwc0p9v125c
                                                          2.856000  
U3624                     STQ_INV_6       um28nchllogl35hsl140f_ssgwc0p9v125c
                                                          1.176000  
U3625                     STQ_NR2_6       um28nchllogl35hsl140f_ssgwc0p9v125c
                                                          2.184000  
U3626                     STQ_INV_6       um28nchllogl35hsl140f_ssgwc0p9v125c
                                                          1.176000  
U3627                     STQ_ND2_G_3     um28nchllogl35hsl140f_ssgwc0p9v125c
                                                          1.176000  
U3628                     STQ_OAI21_1     um28nchllogl35hsl140f_ssgwc0p9v125c
                                                          0.672000  
U3629                     STQ_ND4_4       um28nchllogl35hsl140f_ssgwc0p9v125c
                                                          2.856000  
U3630                     STQ_INV_S_1     um28nchllogl35hsl140f_ssgwc0p9v125c
                                                          0.336000  
U3631                     STQ_EN2_S_2     um28nchllogl35hsl140f_ssgwc0p9v125c
                                                          1.680000  
U3632                     STQ_INV_S_1     um28nchllogl35hsl140f_ssgwc0p9v125c
                                                          0.336000  
U3633                     STQ_INV_S_1     um28nchllogl35hsl140f_ssgwc0p9v125c
                                                          0.336000  
U3634                     STQ_EO2_S_2     um28nchllogl35hsl140f_ssgwc0p9v125c
                                                          1.512000  
U3635                     STQ_EN3_1       um28nchllogl35hsl140f_ssgwc0p9v125c
                                                          2.184000  
U3636                     STQ_INV_S_1     um28nchllogl35hsl140f_ssgwc0p9v125c
                                                          0.336000  
U3637                     STQ_NR3B_MG_1   um28nchllogl35hsl140f_ssgwc0p9v125c
                                                          0.840000  
U3638                     STQ_ND2B_1      um28nchllogl35hsl140f_ssgwc0p9v125c
                                                          0.672000  
U3639                     STQ_ND3_0P5     um28nchllogl35hsl140f_ssgwc0p9v125c
                                                          0.672000  
U3640                     STQ_BUF_1       um28nchllogl35hsl140f_ssgwc0p9v125c
                                                          0.504000  
U3641                     STQ_OR2_1       um28nchllogl35hsl140f_ssgwc0p9v125c
                                                          0.672000  
U3642                     STQ_NR2_2       um28nchllogl35hsl140f_ssgwc0p9v125c
                                                          0.840000  
U3643                     STQ_NR2B_1      um28nchllogl35hsl140f_ssgwc0p9v125c
                                                          0.672000  
U3644                     STQ_NR2_2       um28nchllogl35hsl140f_ssgwc0p9v125c
                                                          0.840000  
U3645                     STQ_INV_S_1     um28nchllogl35hsl140f_ssgwc0p9v125c
                                                          0.336000  
U3646                     STQ_OR2_1       um28nchllogl35hsl140f_ssgwc0p9v125c
                                                          0.672000  
U3647                     STQ_ND3_4       um28nchllogl35hsl140f_ssgwc0p9v125c
                                                          2.184000  
U3648                     STQ_OR3_1       um28nchllogl35hsl140f_ssgwc0p9v125c
                                                          0.840000  
U3649                     STQ_INV_S_1     um28nchllogl35hsl140f_ssgwc0p9v125c
                                                          0.336000  
U3650                     STQ_ND2B_2      um28nchllogl35hsl140f_ssgwc0p9v125c
                                                          1.008000  
U3651                     STQ_ND2_G_1     um28nchllogl35hsl140f_ssgwc0p9v125c
                                                          0.504000  
U3652                     STQ_NR2_G_0P5   um28nchllogl35hsl140f_ssgwc0p9v125c
                                                          0.504000  
U3653                     STQ_NR3_G_2     um28nchllogl35hsl140f_ssgwc0p9v125c
                                                          1.176000  
U3654                     STQ_ND2B_1      um28nchllogl35hsl140f_ssgwc0p9v125c
                                                          0.672000  
U3655                     STQ_OR2_1       um28nchllogl35hsl140f_ssgwc0p9v125c
                                                          0.672000  
U3656                     STQ_OR2_1       um28nchllogl35hsl140f_ssgwc0p9v125c
                                                          0.672000  
U3657                     STQ_OR2_1       um28nchllogl35hsl140f_ssgwc0p9v125c
                                                          0.672000  
U3658                     STQ_NR2_G_0P5   um28nchllogl35hsl140f_ssgwc0p9v125c
                                                          0.504000  
U3659                     STQ_ND2B_1      um28nchllogl35hsl140f_ssgwc0p9v125c
                                                          0.672000  
U3660                     STQ_OR2_1       um28nchllogl35hsl140f_ssgwc0p9v125c
                                                          0.672000  
U3661                     STQ_ND2B_1      um28nchllogl35hsl140f_ssgwc0p9v125c
                                                          0.672000  
U3662                     STQ_NR2_G_0P5   um28nchllogl35hsl140f_ssgwc0p9v125c
                                                          0.504000  
U3663                     STQ_INV_2       um28nchllogl35hsl140f_ssgwc0p9v125c
                                                          0.504000  
U3664                     STQ_EN3_3       um28nchllogl35hsl140f_ssgwc0p9v125c
                                                          4.032000  
U3665                     STQ_OR3_1       um28nchllogl35hsl140f_ssgwc0p9v125c
                                                          0.840000  
U3666                     STQ_NR2_G_0P5   um28nchllogl35hsl140f_ssgwc0p9v125c
                                                          0.504000  
U3667                     STQ_NR2_G_0P5   um28nchllogl35hsl140f_ssgwc0p9v125c
                                                          0.504000  
U3668                     STQ_OR2_1       um28nchllogl35hsl140f_ssgwc0p9v125c
                                                          0.672000  
U3669                     STQ_EO2_3       um28nchllogl35hsl140f_ssgwc0p9v125c
                                                          2.856000  
U3670                     STQ_EO3_2       um28nchllogl35hsl140f_ssgwc0p9v125c
                                                          2.688000  
U3671                     STQ_INV_6P5     um28nchllogl35hsl140f_ssgwc0p9v125c
                                                          1.344000  
U3672                     STQ_ND3_4       um28nchllogl35hsl140f_ssgwc0p9v125c
                                                          2.184000  
U3673                     STQ_BUF_S_8     um28nchllogl35hsl140f_ssgwc0p9v125c
                                                          2.184000  
U3674                     STQ_INV_S_1     um28nchllogl35hsl140f_ssgwc0p9v125c
                                                          0.336000  
U3675                     STQ_OR2_1       um28nchllogl35hsl140f_ssgwc0p9v125c
                                                          0.672000  
U3676                     STQ_OR2_1       um28nchllogl35hsl140f_ssgwc0p9v125c
                                                          0.672000  
U3677                     STQ_ND3_2       um28nchllogl35hsl140f_ssgwc0p9v125c
                                                          1.176000  
U3678                     STQ_NR2_G_12    um28nchllogl35hsl140f_ssgwc0p9v125c
                                                          4.200000  
U3679                     STQ_AN2_3       um28nchllogl35hsl140f_ssgwc0p9v125c
                                                          1.344000  
U3680                     STQ_INV_3       um28nchllogl35hsl140f_ssgwc0p9v125c
                                                          0.672000  
U3681                     STQ_INV_3       um28nchllogl35hsl140f_ssgwc0p9v125c
                                                          0.672000  
U3682                     STQ_INV_11      um28nchllogl35hsl140f_ssgwc0p9v125c
                                                          2.016000  
U3683                     STQ_ND3_16      um28nchllogl35hsl140f_ssgwc0p9v125c
                                                          7.728000  
U3684                     STQ_NR3_G_1     um28nchllogl35hsl140f_ssgwc0p9v125c
                                                          0.672000  
U3685                     STQ_INV_12      um28nchllogl35hsl140f_ssgwc0p9v125c
                                                          2.184000  
U3686                     STQ_OAI21_0P75  um28nchllogl35hsl140f_ssgwc0p9v125c
                                                          0.672000  
U3687                     STQ_OAI21_0P75  um28nchllogl35hsl140f_ssgwc0p9v125c
                                                          0.672000  
U3688                     STQ_OAI21_0P75  um28nchllogl35hsl140f_ssgwc0p9v125c
                                                          0.672000  
U3689                     STQ_OAI21_0P75  um28nchllogl35hsl140f_ssgwc0p9v125c
                                                          0.672000  
U3690                     STQ_OAI21_0P5   um28nchllogl35hsl140f_ssgwc0p9v125c
                                                          0.672000  
U3691                     STQ_OAI21_0P5   um28nchllogl35hsl140f_ssgwc0p9v125c
                                                          0.672000  
U3692                     STQ_NR2_1P5     um28nchllogl35hsl140f_ssgwc0p9v125c
                                                          0.840000  
U3693                     STQ_OAI21_0P5   um28nchllogl35hsl140f_ssgwc0p9v125c
                                                          0.672000  
U3694                     STQ_ND2_S_2     um28nchllogl35hsl140f_ssgwc0p9v125c
                                                          0.840000  
U3695                     STQ_NR2_2       um28nchllogl35hsl140f_ssgwc0p9v125c
                                                          0.840000  
U3696                     STQ_NR2_1P5     um28nchllogl35hsl140f_ssgwc0p9v125c
                                                          0.840000  
U3697                     STQ_NR2_G_4     um28nchllogl35hsl140f_ssgwc0p9v125c
                                                          1.512000  
U3698                     STQ_INV_3       um28nchllogl35hsl140f_ssgwc0p9v125c
                                                          0.672000  
U3699                     STQ_NR2_2       um28nchllogl35hsl140f_ssgwc0p9v125c
                                                          0.840000  
U3700                     STQ_NR2_1P5     um28nchllogl35hsl140f_ssgwc0p9v125c
                                                          0.840000  
U3701                     STQ_INV_S_1P25  um28nchllogl35hsl140f_ssgwc0p9v125c
                                                          0.504000  
U3702                     STQ_ND2B_2      um28nchllogl35hsl140f_ssgwc0p9v125c
                                                          1.008000  
U3703                     STQ_NR2_G_0P8   um28nchllogl35hsl140f_ssgwc0p9v125c
                                                          0.504000  
U3704                     STQ_ND2_S_0P8   um28nchllogl35hsl140f_ssgwc0p9v125c
                                                          0.504000  
U3705                     STQ_ND2_S_0P8   um28nchllogl35hsl140f_ssgwc0p9v125c
                                                          0.504000  
U3706                     STQ_NR2_G_0P8   um28nchllogl35hsl140f_ssgwc0p9v125c
                                                          0.504000  
U3707                     STQ_NR2_1       um28nchllogl35hsl140f_ssgwc0p9v125c
                                                          0.504000  
U3708                     STQ_ND2_S_0P8   um28nchllogl35hsl140f_ssgwc0p9v125c
                                                          0.504000  
U3709                     STQ_ND2_S_0P8   um28nchllogl35hsl140f_ssgwc0p9v125c
                                                          0.504000  
U3710                     STQ_INV_3P5     um28nchllogl35hsl140f_ssgwc0p9v125c
                                                          0.840000  
U3711                     STQ_NR2_1       um28nchllogl35hsl140f_ssgwc0p9v125c
                                                          0.504000  
U3712                     STQ_NR3_G_0P65  um28nchllogl35hsl140f_ssgwc0p9v125c
                                                          0.672000  
U3713                     STQ_ND2_S_1     um28nchllogl35hsl140f_ssgwc0p9v125c
                                                          0.504000  
U3714                     STQ_INV_S_1     um28nchllogl35hsl140f_ssgwc0p9v125c
                                                          0.336000  
U3715                     STQ_ND2_S_2     um28nchllogl35hsl140f_ssgwc0p9v125c
                                                          0.840000  
U3716                     STQ_ND2B_MM_1   um28nchllogl35hsl140f_ssgwc0p9v125c
                                                          0.672000  
U3717                     STQ_NR2_G_0P8   um28nchllogl35hsl140f_ssgwc0p9v125c
                                                          0.504000  
U3718                     STQ_NR2_2       um28nchllogl35hsl140f_ssgwc0p9v125c
                                                          0.840000  
U3719                     STQ_NR2_G_0P8   um28nchllogl35hsl140f_ssgwc0p9v125c
                                                          0.504000  
U3720                     STQ_INV_S_0P65  um28nchllogl35hsl140f_ssgwc0p9v125c
                                                          0.336000  
U3721                     STQ_NR2_G_0P8   um28nchllogl35hsl140f_ssgwc0p9v125c
                                                          0.504000  
U3722                     STQ_NR2_G_0P8   um28nchllogl35hsl140f_ssgwc0p9v125c
                                                          0.504000  
U3723                     STQ_INV_S_1     um28nchllogl35hsl140f_ssgwc0p9v125c
                                                          0.336000  
U3724                     STQ_INV_S_0P65  um28nchllogl35hsl140f_ssgwc0p9v125c
                                                          0.336000  
U3725                     STQ_NR2_1       um28nchllogl35hsl140f_ssgwc0p9v125c
                                                          0.504000  
U3726                     STQ_INV_S_1     um28nchllogl35hsl140f_ssgwc0p9v125c
                                                          0.336000  
U3727                     STQ_NR2_1P5     um28nchllogl35hsl140f_ssgwc0p9v125c
                                                          0.840000  
U3728                     STQ_ND2_G_1     um28nchllogl35hsl140f_ssgwc0p9v125c
                                                          0.504000  
U3729                     STQ_ND2B_V1DG_1 um28nchllogl35hsl140f_ssgwc0p9v125c
                                                          0.672000  
U3730                     STQ_ND2B_1      um28nchllogl35hsl140f_ssgwc0p9v125c
                                                          0.672000  
U3731                     STQ_INV_S_1     um28nchllogl35hsl140f_ssgwc0p9v125c
                                                          0.336000  
U3732                     STQ_ND3_8       um28nchllogl35hsl140f_ssgwc0p9v125c
                                                          4.200000  
U3733                     STQ_NR2_1       um28nchllogl35hsl140f_ssgwc0p9v125c
                                                          0.504000  
U3734                     STQ_ND2_8       um28nchllogl35hsl140f_ssgwc0p9v125c
                                                          2.856000  
U3735                     STQ_INV_2       um28nchllogl35hsl140f_ssgwc0p9v125c
                                                          0.504000  
U3736                     STQ_INV_S_1     um28nchllogl35hsl140f_ssgwc0p9v125c
                                                          0.336000  
U3737                     STQ_INV_3       um28nchllogl35hsl140f_ssgwc0p9v125c
                                                          0.672000  
U3738                     STQ_INV_S_1     um28nchllogl35hsl140f_ssgwc0p9v125c
                                                          0.336000  
U3739                     STQ_INV_S_1     um28nchllogl35hsl140f_ssgwc0p9v125c
                                                          0.336000  
U3740                     STQ_INV_7P5     um28nchllogl35hsl140f_ssgwc0p9v125c
                                                          1.512000  
U3741                     STQ_INV_S_1     um28nchllogl35hsl140f_ssgwc0p9v125c
                                                          0.336000  
U3742                     STQ_INV_S_10    um28nchllogl35hsl140f_ssgwc0p9v125c
                                                          1.848000  
U3743                     STQ_INV_7P5     um28nchllogl35hsl140f_ssgwc0p9v125c
                                                          1.512000  
U3744                     STQ_EO2_3       um28nchllogl35hsl140f_ssgwc0p9v125c
                                                          2.856000  
U3745                     STQ_OAI21_0P75  um28nchllogl35hsl140f_ssgwc0p9v125c
                                                          0.672000  
U3746                     STQ_OAI21_0P5   um28nchllogl35hsl140f_ssgwc0p9v125c
                                                          0.672000  
U3747                     STQ_NR2_G_0P8   um28nchllogl35hsl140f_ssgwc0p9v125c
                                                          0.504000  
U3748                     STQ_NR3_G_2     um28nchllogl35hsl140f_ssgwc0p9v125c
                                                          1.176000  
U3749                     STQ_ND2_S_2     um28nchllogl35hsl140f_ssgwc0p9v125c
                                                          0.840000  
U3750                     STQ_NR2_1P5     um28nchllogl35hsl140f_ssgwc0p9v125c
                                                          0.840000  
U3751                     STQ_ND2_G_1     um28nchllogl35hsl140f_ssgwc0p9v125c
                                                          0.504000  
U3752                     STQ_NR2B_1P5    um28nchllogl35hsl140f_ssgwc0p9v125c
                                                          1.008000  
U3753                     STQ_ND2_S_1     um28nchllogl35hsl140f_ssgwc0p9v125c
                                                          0.504000  
U3754                     STQ_NR2_G_0P8   um28nchllogl35hsl140f_ssgwc0p9v125c
                                                          0.504000  
U3755                     STQ_ND2_S_0P8   um28nchllogl35hsl140f_ssgwc0p9v125c
                                                          0.504000  
U3756                     STQ_OR2_1       um28nchllogl35hsl140f_ssgwc0p9v125c
                                                          0.672000  
U3757                     STQ_ND2_G_1     um28nchllogl35hsl140f_ssgwc0p9v125c
                                                          0.504000  
U3758                     STQ_OR2_1       um28nchllogl35hsl140f_ssgwc0p9v125c
                                                          0.672000  
U3759                     STQ_ND2_S_0P8   um28nchllogl35hsl140f_ssgwc0p9v125c
                                                          0.504000  
U3760                     STQ_ND2_S_0P8   um28nchllogl35hsl140f_ssgwc0p9v125c
                                                          0.504000  
U3761                     STQ_NR3_G_1     um28nchllogl35hsl140f_ssgwc0p9v125c
                                                          0.672000  
U3762                     STQ_OR2_1       um28nchllogl35hsl140f_ssgwc0p9v125c
                                                          0.672000  
U3763                     STQ_ND2_G_1     um28nchllogl35hsl140f_ssgwc0p9v125c
                                                          0.504000  
U3764                     STQ_NR2B_2      um28nchllogl35hsl140f_ssgwc0p9v125c
                                                          1.008000  
U3765                     STQ_NR2_1       um28nchllogl35hsl140f_ssgwc0p9v125c
                                                          0.504000  
U3766                     STQ_ND2_G_1     um28nchllogl35hsl140f_ssgwc0p9v125c
                                                          0.504000  
U3767                     STQ_ND2_S_1     um28nchllogl35hsl140f_ssgwc0p9v125c
                                                          0.504000  
U3768                     STQ_ND2_G_1     um28nchllogl35hsl140f_ssgwc0p9v125c
                                                          0.504000  
U3769                     STQ_NR2_1       um28nchllogl35hsl140f_ssgwc0p9v125c
                                                          0.504000  
U3770                     STQ_NR2_1       um28nchllogl35hsl140f_ssgwc0p9v125c
                                                          0.504000  
U3771                     STQ_ND2_S_1     um28nchllogl35hsl140f_ssgwc0p9v125c
                                                          0.504000  
U3772                     STQ_ND2_G_1     um28nchllogl35hsl140f_ssgwc0p9v125c
                                                          0.504000  
U3773                     STQ_ND2_S_1     um28nchllogl35hsl140f_ssgwc0p9v125c
                                                          0.504000  
U3774                     STQ_NR2_G_4     um28nchllogl35hsl140f_ssgwc0p9v125c
                                                          1.512000  
U3775                     STQ_NR2_1       um28nchllogl35hsl140f_ssgwc0p9v125c
                                                          0.504000  
U3776                     STQ_NR2_1       um28nchllogl35hsl140f_ssgwc0p9v125c
                                                          0.504000  
U3777                     STQ_INV_S_0P65  um28nchllogl35hsl140f_ssgwc0p9v125c
                                                          0.336000  
U3778                     STQ_ND3_2       um28nchllogl35hsl140f_ssgwc0p9v125c
                                                          1.176000  
U3779                     STQ_AN2_1       um28nchllogl35hsl140f_ssgwc0p9v125c
                                                          0.672000  
U3780                     STQ_OR2_2       um28nchllogl35hsl140f_ssgwc0p9v125c
                                                          0.840000  
U3781                     STQ_NR2_G_0P8   um28nchllogl35hsl140f_ssgwc0p9v125c
                                                          0.504000  
U3782                     STQ_NR2_G_6     um28nchllogl35hsl140f_ssgwc0p9v125c
                                                          2.184000  
U3783                     STQ_NR2_1       um28nchllogl35hsl140f_ssgwc0p9v125c
                                                          0.504000  
U3784                     STQ_INV_S_1     um28nchllogl35hsl140f_ssgwc0p9v125c
                                                          0.336000  
U3785                     STQ_ND2B_1      um28nchllogl35hsl140f_ssgwc0p9v125c
                                                          0.672000  
U3786                     STQ_INV_3P5     um28nchllogl35hsl140f_ssgwc0p9v125c
                                                          0.840000  
U3787                     STQ_ND2_S_0P8   um28nchllogl35hsl140f_ssgwc0p9v125c
                                                          0.504000  
U3788                     STQ_ND2_S_1     um28nchllogl35hsl140f_ssgwc0p9v125c
                                                          0.504000  
U3789                     STQ_NR2_1       um28nchllogl35hsl140f_ssgwc0p9v125c
                                                          0.504000  
U3790                     STQ_ND2_S_1     um28nchllogl35hsl140f_ssgwc0p9v125c
                                                          0.504000  
U3791                     STQ_NR2_1       um28nchllogl35hsl140f_ssgwc0p9v125c
                                                          0.504000  
U3792                     STQ_NR2_1       um28nchllogl35hsl140f_ssgwc0p9v125c
                                                          0.504000  
U3793                     STQ_NR2_2       um28nchllogl35hsl140f_ssgwc0p9v125c
                                                          0.840000  
U3794                     STQ_NR2_G_0P8   um28nchllogl35hsl140f_ssgwc0p9v125c
                                                          0.504000  
U3795                     STQ_NR2B_1      um28nchllogl35hsl140f_ssgwc0p9v125c
                                                          0.672000  
U3796                     STQ_ND2B_1      um28nchllogl35hsl140f_ssgwc0p9v125c
                                                          0.672000  
U3797                     STQ_OR2_1       um28nchllogl35hsl140f_ssgwc0p9v125c
                                                          0.672000  
U3798                     STQ_AN2_1       um28nchllogl35hsl140f_ssgwc0p9v125c
                                                          0.672000  
U3799                     STQ_NR2_1       um28nchllogl35hsl140f_ssgwc0p9v125c
                                                          0.504000  
U3800                     STQ_INV_S_1     um28nchllogl35hsl140f_ssgwc0p9v125c
                                                          0.336000  
U3801                     STQ_ND2_S_0P8   um28nchllogl35hsl140f_ssgwc0p9v125c
                                                          0.504000  
U3802                     STQ_NR2_1       um28nchllogl35hsl140f_ssgwc0p9v125c
                                                          0.504000  
U3803                     STQ_AN2_1       um28nchllogl35hsl140f_ssgwc0p9v125c
                                                          0.672000  
U3804                     STQ_OR2_1       um28nchllogl35hsl140f_ssgwc0p9v125c
                                                          0.672000  
U3805                     STQ_ND2B_1      um28nchllogl35hsl140f_ssgwc0p9v125c
                                                          0.672000  
U3806                     STQ_NR2_G_0P8   um28nchllogl35hsl140f_ssgwc0p9v125c
                                                          0.504000  
U3807                     STQ_ND2B_1      um28nchllogl35hsl140f_ssgwc0p9v125c
                                                          0.672000  
U3808                     STQ_NR2_1       um28nchllogl35hsl140f_ssgwc0p9v125c
                                                          0.504000  
U3809                     STQ_INV_S_0P65  um28nchllogl35hsl140f_ssgwc0p9v125c
                                                          0.336000  
U3810                     STQ_INV_S_1     um28nchllogl35hsl140f_ssgwc0p9v125c
                                                          0.336000  
U3811                     STQ_NR3_G_8     um28nchllogl35hsl140f_ssgwc0p9v125c
                                                          4.200000  
U3812                     STQ_NR2_1       um28nchllogl35hsl140f_ssgwc0p9v125c
                                                          0.504000  
U3813                     STQ_NR2_1       um28nchllogl35hsl140f_ssgwc0p9v125c
                                                          0.504000  
U3814                     STQ_NR2_1       um28nchllogl35hsl140f_ssgwc0p9v125c
                                                          0.504000  
U3815                     STQ_INV_S_0P65  um28nchllogl35hsl140f_ssgwc0p9v125c
                                                          0.336000  
U3816                     STQ_NR2_1       um28nchllogl35hsl140f_ssgwc0p9v125c
                                                          0.504000  
U3817                     STQ_ND2B_1      um28nchllogl35hsl140f_ssgwc0p9v125c
                                                          0.672000  
U3818                     STQ_NR2_1       um28nchllogl35hsl140f_ssgwc0p9v125c
                                                          0.504000  
U3819                     STQ_NR2_G_2P5   um28nchllogl35hsl140f_ssgwc0p9v125c
                                                          1.176000  
U3820                     STQ_OR2_2       um28nchllogl35hsl140f_ssgwc0p9v125c
                                                          0.840000  
U3821                     STQ_INV_S_1     um28nchllogl35hsl140f_ssgwc0p9v125c
                                                          0.336000  
U3822                     STQ_NR2_1       um28nchllogl35hsl140f_ssgwc0p9v125c
                                                          0.504000  
U3823                     STQ_INV_S_1     um28nchllogl35hsl140f_ssgwc0p9v125c
                                                          0.336000  
U3824                     STQ_INV_S_0P65  um28nchllogl35hsl140f_ssgwc0p9v125c
                                                          0.336000  
U3825                     STQ_NR2_1       um28nchllogl35hsl140f_ssgwc0p9v125c
                                                          0.504000  
U3826                     STQ_ND2_G_1     um28nchllogl35hsl140f_ssgwc0p9v125c
                                                          0.504000  
U3827                     STQ_ND2B_MM_1   um28nchllogl35hsl140f_ssgwc0p9v125c
                                                          0.672000  
U3828                     STQ_INV_S_1     um28nchllogl35hsl140f_ssgwc0p9v125c
                                                          0.336000  
U3829                     STQ_INV_S_0P65  um28nchllogl35hsl140f_ssgwc0p9v125c
                                                          0.336000  
U3830                     STQ_NR2_1       um28nchllogl35hsl140f_ssgwc0p9v125c
                                                          0.504000  
U3831                     STQ_ND2B_1      um28nchllogl35hsl140f_ssgwc0p9v125c
                                                          0.672000  
U3832                     STQ_NR2_G_3P5   um28nchllogl35hsl140f_ssgwc0p9v125c
                                                          1.512000  
U3833                     STQ_ND2B_V1DG_4 um28nchllogl35hsl140f_ssgwc0p9v125c
                                                          1.680000  
U3834                     STQ_ND2B_1      um28nchllogl35hsl140f_ssgwc0p9v125c
                                                          0.672000  
U3835                     STQ_ND2B_V1DG_1 um28nchllogl35hsl140f_ssgwc0p9v125c
                                                          0.672000  
U3836                     STQ_INV_2P5     um28nchllogl35hsl140f_ssgwc0p9v125c
                                                          0.672000  
U3837                     STQ_INV_3       um28nchllogl35hsl140f_ssgwc0p9v125c
                                                          0.672000  
U3838                     STQ_NR2_1       um28nchllogl35hsl140f_ssgwc0p9v125c
                                                          0.504000  
U3839                     STQ_INV_S_1P25  um28nchllogl35hsl140f_ssgwc0p9v125c
                                                          0.504000  
U3840                     STQ_INV_2       um28nchllogl35hsl140f_ssgwc0p9v125c
                                                          0.504000  
U3841                     STQ_INV_2       um28nchllogl35hsl140f_ssgwc0p9v125c
                                                          0.504000  
U3842                     STQ_INV_S_14    um28nchllogl35hsl140f_ssgwc0p9v125c
                                                          2.520000  
U3843                     STQ_INV_2       um28nchllogl35hsl140f_ssgwc0p9v125c
                                                          0.504000  
U3844                     STQ_INV_S_1     um28nchllogl35hsl140f_ssgwc0p9v125c
                                                          0.336000  
U3845                     STQ_INV_S_1     um28nchllogl35hsl140f_ssgwc0p9v125c
                                                          0.336000  
U3846                     STQ_INV_S_1     um28nchllogl35hsl140f_ssgwc0p9v125c
                                                          0.336000  
U3847                     STQ_INV_S_1     um28nchllogl35hsl140f_ssgwc0p9v125c
                                                          0.336000  
U3848                     STQ_INV_S_1     um28nchllogl35hsl140f_ssgwc0p9v125c
                                                          0.336000  
U3849                     STQ_EN2_S_2     um28nchllogl35hsl140f_ssgwc0p9v125c
                                                          1.680000  
U3850                     STQ_INV_S_1     um28nchllogl35hsl140f_ssgwc0p9v125c
                                                          0.336000  
U3851                     STQ_INV_S_1     um28nchllogl35hsl140f_ssgwc0p9v125c
                                                          0.336000  
U3852                     STQ_INV_S_1     um28nchllogl35hsl140f_ssgwc0p9v125c
                                                          0.336000  
U3853                     STQ_INV_S_1     um28nchllogl35hsl140f_ssgwc0p9v125c
                                                          0.336000  
U3854                     STQ_OAI21_0P75  um28nchllogl35hsl140f_ssgwc0p9v125c
                                                          0.672000  
U3855                     STQ_OAI21_0P75  um28nchllogl35hsl140f_ssgwc0p9v125c
                                                          0.672000  
U3856                     STQ_OAI21_0P75  um28nchllogl35hsl140f_ssgwc0p9v125c
                                                          0.672000  
U3857                     STQ_OAI21_0P5   um28nchllogl35hsl140f_ssgwc0p9v125c
                                                          0.672000  
U3858                     STQ_OAI21_0P75  um28nchllogl35hsl140f_ssgwc0p9v125c
                                                          0.672000  
U3859                     STQ_ND2_1P5     um28nchllogl35hsl140f_ssgwc0p9v125c
                                                          0.840000  
U3860                     STQ_OAI21_0P75  um28nchllogl35hsl140f_ssgwc0p9v125c
                                                          0.672000  
U3861                     STQ_NR2_1P5     um28nchllogl35hsl140f_ssgwc0p9v125c
                                                          0.840000  
U3862                     STQ_OAI21_0P75  um28nchllogl35hsl140f_ssgwc0p9v125c
                                                          0.672000  
U3863                     STQ_NR2_1P5     um28nchllogl35hsl140f_ssgwc0p9v125c
                                                          0.840000  
U3864                     STQ_OAI21_0P75  um28nchllogl35hsl140f_ssgwc0p9v125c
                                                          0.672000  
U3865                     STQ_NR2_2       um28nchllogl35hsl140f_ssgwc0p9v125c
                                                          0.840000  
U3866                     STQ_OAI21_0P75  um28nchllogl35hsl140f_ssgwc0p9v125c
                                                          0.672000  
U3867                     STQ_OAI21_0P75  um28nchllogl35hsl140f_ssgwc0p9v125c
                                                          0.672000  
U3868                     STQ_OAI21_0P75  um28nchllogl35hsl140f_ssgwc0p9v125c
                                                          0.672000  
U3869                     STQ_OAI21_0P75  um28nchllogl35hsl140f_ssgwc0p9v125c
                                                          0.672000  
U3870                     STQ_NR2_G_0P8   um28nchllogl35hsl140f_ssgwc0p9v125c
                                                          0.504000  
U3871                     STQ_NR2_1P5     um28nchllogl35hsl140f_ssgwc0p9v125c
                                                          0.840000  
U3872                     STQ_ND2B_1      um28nchllogl35hsl140f_ssgwc0p9v125c
                                                          0.672000  
U3873                     STQ_AN3B_1      um28nchllogl35hsl140f_ssgwc0p9v125c
                                                          0.840000  
U3874                     STQ_INV_S_0P65  um28nchllogl35hsl140f_ssgwc0p9v125c
                                                          0.336000  
U3875                     STQ_ND2B_MM_4   um28nchllogl35hsl140f_ssgwc0p9v125c
                                                          1.680000  
U3876                     STQ_NR2_G_0P8   um28nchllogl35hsl140f_ssgwc0p9v125c
                                                          0.504000  
U3877                     STQ_NR2_G_0P8   um28nchllogl35hsl140f_ssgwc0p9v125c
                                                          0.504000  
U3878                     STQ_ND2B_1      um28nchllogl35hsl140f_ssgwc0p9v125c
                                                          0.672000  
U3879                     STQ_NR2_1       um28nchllogl35hsl140f_ssgwc0p9v125c
                                                          0.504000  
U3880                     STQ_NR2_G_0P8   um28nchllogl35hsl140f_ssgwc0p9v125c
                                                          0.504000  
U3881                     STQ_NR2_G_0P8   um28nchllogl35hsl140f_ssgwc0p9v125c
                                                          0.504000  
U3882                     STQ_NR2_G_0P8   um28nchllogl35hsl140f_ssgwc0p9v125c
                                                          0.504000  
U3883                     STQ_ND2_S_6     um28nchllogl35hsl140f_ssgwc0p9v125c
                                                          1.848000  
U3884                     STQ_NR3_G_1     um28nchllogl35hsl140f_ssgwc0p9v125c
                                                          0.672000  
U3885                     STQ_ND2_1P5     um28nchllogl35hsl140f_ssgwc0p9v125c
                                                          0.840000  
U3886                     STQ_ND2_S_0P8   um28nchllogl35hsl140f_ssgwc0p9v125c
                                                          0.504000  
U3887                     STQ_ND2_G_4     um28nchllogl35hsl140f_ssgwc0p9v125c
                                                          1.512000  
U3888                     STQ_ND2_S_0P8   um28nchllogl35hsl140f_ssgwc0p9v125c
                                                          0.504000  
U3889                     STQ_OR2_1       um28nchllogl35hsl140f_ssgwc0p9v125c
                                                          0.672000  
U3890                     STQ_NR2_1       um28nchllogl35hsl140f_ssgwc0p9v125c
                                                          0.504000  
U3891                     STQ_OR2_1       um28nchllogl35hsl140f_ssgwc0p9v125c
                                                          0.672000  
U3892                     STQ_NR2_1       um28nchllogl35hsl140f_ssgwc0p9v125c
                                                          0.504000  
U3893                     STQ_NR2_1       um28nchllogl35hsl140f_ssgwc0p9v125c
                                                          0.504000  
U3894                     STQ_NR2_1       um28nchllogl35hsl140f_ssgwc0p9v125c
                                                          0.504000  
U3895                     STQ_INV_3P5     um28nchllogl35hsl140f_ssgwc0p9v125c
                                                          0.840000  
U3896                     STQ_ND2_S_1     um28nchllogl35hsl140f_ssgwc0p9v125c
                                                          0.504000  
U3897                     STQ_ND2_S_0P8   um28nchllogl35hsl140f_ssgwc0p9v125c
                                                          0.504000  
U3898                     STQ_ND2_S_0P8   um28nchllogl35hsl140f_ssgwc0p9v125c
                                                          0.504000  
U3899                     STQ_ND2_S_0P8   um28nchllogl35hsl140f_ssgwc0p9v125c
                                                          0.504000  
U3900                     STQ_INV_S_1     um28nchllogl35hsl140f_ssgwc0p9v125c
                                                          0.336000  
U3901                     STQ_ND4_1       um28nchllogl35hsl140f_ssgwc0p9v125c
                                                          0.840000  
U3902                     STQ_INV_4       um28nchllogl35hsl140f_ssgwc0p9v125c
                                                          0.840000  
U3903                     STQ_NR2_1       um28nchllogl35hsl140f_ssgwc0p9v125c
                                                          0.504000  
U3904                     STQ_NR2_1       um28nchllogl35hsl140f_ssgwc0p9v125c
                                                          0.504000  
U3905                     STQ_NR3_G_1     um28nchllogl35hsl140f_ssgwc0p9v125c
                                                          0.672000  
U3906                     STQ_NR2_1       um28nchllogl35hsl140f_ssgwc0p9v125c
                                                          0.504000  
U3907                     STQ_NR2_1P5     um28nchllogl35hsl140f_ssgwc0p9v125c
                                                          0.840000  
U3908                     STQ_NR2_G_0P8   um28nchllogl35hsl140f_ssgwc0p9v125c
                                                          0.504000  
U3909                     STQ_OR2_1       um28nchllogl35hsl140f_ssgwc0p9v125c
                                                          0.672000  
U3910                     STQ_ND2B_V1DG_2 um28nchllogl35hsl140f_ssgwc0p9v125c
                                                          1.008000  
U3911                     STQ_NR3_G_0P65  um28nchllogl35hsl140f_ssgwc0p9v125c
                                                          0.672000  
U3912                     STQ_INV_S_0P65  um28nchllogl35hsl140f_ssgwc0p9v125c
                                                          0.336000  
U3913                     STQ_AN3B_1      um28nchllogl35hsl140f_ssgwc0p9v125c
                                                          0.840000  
U3914                     STQ_ND2B_V1DG_1 um28nchllogl35hsl140f_ssgwc0p9v125c
                                                          0.672000  
U3915                     STQ_ND2_S_1     um28nchllogl35hsl140f_ssgwc0p9v125c
                                                          0.504000  
U3916                     STQ_ND2_S_0P8   um28nchllogl35hsl140f_ssgwc0p9v125c
                                                          0.504000  
U3917                     STQ_INV_S_0P65  um28nchllogl35hsl140f_ssgwc0p9v125c
                                                          0.336000  
U3918                     STQ_ND2_S_7     um28nchllogl35hsl140f_ssgwc0p9v125c
                                                          2.184000  
U3919                     STQ_ND2_G_2     um28nchllogl35hsl140f_ssgwc0p9v125c
                                                          0.840000  
U3920                     STQ_NR3_G_1     um28nchllogl35hsl140f_ssgwc0p9v125c
                                                          0.672000  
U3921                     STQ_ND2_S_1     um28nchllogl35hsl140f_ssgwc0p9v125c
                                                          0.504000  
U3922                     STQ_INV_S_0P65  um28nchllogl35hsl140f_ssgwc0p9v125c
                                                          0.336000  
U3923                     STQ_INV_S_0P65  um28nchllogl35hsl140f_ssgwc0p9v125c
                                                          0.336000  
U3924                     STQ_ND2B_1      um28nchllogl35hsl140f_ssgwc0p9v125c
                                                          0.672000  
U3925                     STQ_NR2_2       um28nchllogl35hsl140f_ssgwc0p9v125c
                                                          0.840000  
U3926                     STQ_ND2_S_7     um28nchllogl35hsl140f_ssgwc0p9v125c
                                                          2.184000  
U3927                     STQ_NR2_1       um28nchllogl35hsl140f_ssgwc0p9v125c
                                                          0.504000  
U3928                     STQ_NR2_1       um28nchllogl35hsl140f_ssgwc0p9v125c
                                                          0.504000  
U3929                     STQ_ND2_S_0P8   um28nchllogl35hsl140f_ssgwc0p9v125c
                                                          0.504000  
U3930                     STQ_ND2_G_1     um28nchllogl35hsl140f_ssgwc0p9v125c
                                                          0.504000  
U3931                     STQ_ND2B_1      um28nchllogl35hsl140f_ssgwc0p9v125c
                                                          0.672000  
U3932                     STQ_NR2_G_0P8   um28nchllogl35hsl140f_ssgwc0p9v125c
                                                          0.504000  
U3933                     STQ_ND2B_1      um28nchllogl35hsl140f_ssgwc0p9v125c
                                                          0.672000  
U3934                     STQ_NR2_1       um28nchllogl35hsl140f_ssgwc0p9v125c
                                                          0.504000  
U3935                     STQ_ND2_S_0P8   um28nchllogl35hsl140f_ssgwc0p9v125c
                                                          0.504000  
U3936                     STQ_NR2_G_0P8   um28nchllogl35hsl140f_ssgwc0p9v125c
                                                          0.504000  
U3937                     STQ_INV_S_0P65  um28nchllogl35hsl140f_ssgwc0p9v125c
                                                          0.336000  
U3938                     STQ_INV_3P5     um28nchllogl35hsl140f_ssgwc0p9v125c
                                                          0.840000  
U3939                     STQ_ND2_S_0P8   um28nchllogl35hsl140f_ssgwc0p9v125c
                                                          0.504000  
U3940                     STQ_INV_S_0P65  um28nchllogl35hsl140f_ssgwc0p9v125c
                                                          0.336000  
U3941                     STQ_ND2_S_0P8   um28nchllogl35hsl140f_ssgwc0p9v125c
                                                          0.504000  
U3942                     STQ_ND2B_1      um28nchllogl35hsl140f_ssgwc0p9v125c
                                                          0.672000  
U3943                     STQ_NR2_G_3P5   um28nchllogl35hsl140f_ssgwc0p9v125c
                                                          1.512000  
U3944                     STQ_OR2_1       um28nchllogl35hsl140f_ssgwc0p9v125c
                                                          0.672000  
U3945                     STQ_INV_S_0P65  um28nchllogl35hsl140f_ssgwc0p9v125c
                                                          0.336000  
U3946                     STQ_ND2B_1      um28nchllogl35hsl140f_ssgwc0p9v125c
                                                          0.672000  
U3947                     STQ_OR2_1       um28nchllogl35hsl140f_ssgwc0p9v125c
                                                          0.672000  
U3948                     STQ_ND2B_1      um28nchllogl35hsl140f_ssgwc0p9v125c
                                                          0.672000  
U3949                     STQ_INV_S_0P65  um28nchllogl35hsl140f_ssgwc0p9v125c
                                                          0.336000  
U3950                     STQ_ND2B_1      um28nchllogl35hsl140f_ssgwc0p9v125c
                                                          0.672000  
U3951                     STQ_ND2B_1      um28nchllogl35hsl140f_ssgwc0p9v125c
                                                          0.672000  
U3952                     STQ_INV_S_0P65  um28nchllogl35hsl140f_ssgwc0p9v125c
                                                          0.336000  
U3953                     STQ_ND2_S_6     um28nchllogl35hsl140f_ssgwc0p9v125c
                                                          1.848000  
U3954                     STQ_ND2B_1      um28nchllogl35hsl140f_ssgwc0p9v125c
                                                          0.672000  
U3955                     STQ_ND2_G_4     um28nchllogl35hsl140f_ssgwc0p9v125c
                                                          1.512000  
U3956                     STQ_NR3_G_2     um28nchllogl35hsl140f_ssgwc0p9v125c
                                                          1.176000  
U3957                     STQ_ND2B_1      um28nchllogl35hsl140f_ssgwc0p9v125c
                                                          0.672000  
U3958                     STQ_ND2B_1      um28nchllogl35hsl140f_ssgwc0p9v125c
                                                          0.672000  
U3959                     STQ_INV_S_1     um28nchllogl35hsl140f_ssgwc0p9v125c
                                                          0.336000  
U3960                     STQ_OR2_1       um28nchllogl35hsl140f_ssgwc0p9v125c
                                                          0.672000  
U3961                     STQ_ND2B_1      um28nchllogl35hsl140f_ssgwc0p9v125c
                                                          0.672000  
U3962                     STQ_INV_2P5     um28nchllogl35hsl140f_ssgwc0p9v125c
                                                          0.672000  
U3963                     STQ_NR2_G_0P8   um28nchllogl35hsl140f_ssgwc0p9v125c
                                                          0.504000  
U3964                     STQ_NR2_G_0P8   um28nchllogl35hsl140f_ssgwc0p9v125c
                                                          0.504000  
U3965                     STQ_NR2_G_0P8   um28nchllogl35hsl140f_ssgwc0p9v125c
                                                          0.504000  
U3966                     STQ_ND2B_1      um28nchllogl35hsl140f_ssgwc0p9v125c
                                                          0.672000  
U3967                     STQ_ND2B_1      um28nchllogl35hsl140f_ssgwc0p9v125c
                                                          0.672000  
U3968                     STQ_NR3_G_0P8   um28nchllogl35hsl140f_ssgwc0p9v125c
                                                          0.672000  
U3969                     STQ_ND2B_1      um28nchllogl35hsl140f_ssgwc0p9v125c
                                                          0.672000  
U3970                     STQ_NR3_G_0P65  um28nchllogl35hsl140f_ssgwc0p9v125c
                                                          0.672000  
U3971                     STQ_ND2B_1      um28nchllogl35hsl140f_ssgwc0p9v125c
                                                          0.672000  
U3972                     STQ_ND2B_1      um28nchllogl35hsl140f_ssgwc0p9v125c
                                                          0.672000  
U3973                     STQ_NR2_G_0P8   um28nchllogl35hsl140f_ssgwc0p9v125c
                                                          0.504000  
U3974                     STQ_NR2_1P5     um28nchllogl35hsl140f_ssgwc0p9v125c
                                                          0.840000  
U3975                     STQ_INV_S_0P65  um28nchllogl35hsl140f_ssgwc0p9v125c
                                                          0.336000  
U3976                     STQ_ND2B_1      um28nchllogl35hsl140f_ssgwc0p9v125c
                                                          0.672000  
U3977                     STQ_OR2_1       um28nchllogl35hsl140f_ssgwc0p9v125c
                                                          0.672000  
U3978                     STQ_ND2B_V1DG_1 um28nchllogl35hsl140f_ssgwc0p9v125c
                                                          0.672000  
U3979                     STQ_NR2B_V1DG_1 um28nchllogl35hsl140f_ssgwc0p9v125c
                                                          0.672000  
U3980                     STQ_ND2_S_1     um28nchllogl35hsl140f_ssgwc0p9v125c
                                                          0.504000  
U3981                     STQ_ND2B_1      um28nchllogl35hsl140f_ssgwc0p9v125c
                                                          0.672000  
U3982                     STQ_ND2B_1      um28nchllogl35hsl140f_ssgwc0p9v125c
                                                          0.672000  
U3983                     STQ_ND2B_V1DG_2 um28nchllogl35hsl140f_ssgwc0p9v125c
                                                          1.008000  
U3984                     STQ_ND2B_1      um28nchllogl35hsl140f_ssgwc0p9v125c
                                                          0.672000  
U3985                     STQ_ND2B_1      um28nchllogl35hsl140f_ssgwc0p9v125c
                                                          0.672000  
U3986                     STQ_ND2_G_1     um28nchllogl35hsl140f_ssgwc0p9v125c
                                                          0.504000  
U3987                     STQ_INV_S_1     um28nchllogl35hsl140f_ssgwc0p9v125c
                                                          0.336000  
U3988                     STQ_ND2_S_1     um28nchllogl35hsl140f_ssgwc0p9v125c
                                                          0.504000  
U3989                     STQ_OR2_1       um28nchllogl35hsl140f_ssgwc0p9v125c
                                                          0.672000  
U3990                     STQ_ND2B_1      um28nchllogl35hsl140f_ssgwc0p9v125c
                                                          0.672000  
U3991                     STQ_INV_S_0P65  um28nchllogl35hsl140f_ssgwc0p9v125c
                                                          0.336000  
U3992                     STQ_INV_S_0P65  um28nchllogl35hsl140f_ssgwc0p9v125c
                                                          0.336000  
U3993                     STQ_INV_S_1     um28nchllogl35hsl140f_ssgwc0p9v125c
                                                          0.336000  
U3994                     STQ_ND2B_1      um28nchllogl35hsl140f_ssgwc0p9v125c
                                                          0.672000  
U3995                     STQ_OR2_1       um28nchllogl35hsl140f_ssgwc0p9v125c
                                                          0.672000  
U3996                     STQ_INV_S_1     um28nchllogl35hsl140f_ssgwc0p9v125c
                                                          0.336000  
U3997                     STQ_OR2_1       um28nchllogl35hsl140f_ssgwc0p9v125c
                                                          0.672000  
U3998                     STQ_ND2_G_1     um28nchllogl35hsl140f_ssgwc0p9v125c
                                                          0.504000  
U3999                     STQ_INV_S_1     um28nchllogl35hsl140f_ssgwc0p9v125c
                                                          0.336000  
U4000                     STQ_ND2B_1      um28nchllogl35hsl140f_ssgwc0p9v125c
                                                          0.672000  
U4001                     STQ_ND2B_1      um28nchllogl35hsl140f_ssgwc0p9v125c
                                                          0.672000  
U4002                     STQ_INV_S_0P65  um28nchllogl35hsl140f_ssgwc0p9v125c
                                                          0.336000  
U4003                     STQ_OR2_1       um28nchllogl35hsl140f_ssgwc0p9v125c
                                                          0.672000  
U4004                     STQ_ND2_G_4     um28nchllogl35hsl140f_ssgwc0p9v125c
                                                          1.512000  
U4005                     STQ_OR2_1       um28nchllogl35hsl140f_ssgwc0p9v125c
                                                          0.672000  
U4006                     STQ_NR2_G_3P5   um28nchllogl35hsl140f_ssgwc0p9v125c
                                                          1.512000  
U4007                     STQ_ND2_G_1     um28nchllogl35hsl140f_ssgwc0p9v125c
                                                          0.504000  
U4008                     STQ_INV_S_0P65  um28nchllogl35hsl140f_ssgwc0p9v125c
                                                          0.336000  
U4009                     STQ_ND2_S_0P8   um28nchllogl35hsl140f_ssgwc0p9v125c
                                                          0.504000  
U4010                     STQ_INV_S_0P65  um28nchllogl35hsl140f_ssgwc0p9v125c
                                                          0.336000  
U4011                     STQ_ND2B_1      um28nchllogl35hsl140f_ssgwc0p9v125c
                                                          0.672000  
U4012                     STQ_INV_S_0P65  um28nchllogl35hsl140f_ssgwc0p9v125c
                                                          0.336000  
U4013                     STQ_INV_S_0P65  um28nchllogl35hsl140f_ssgwc0p9v125c
                                                          0.336000  
U4014                     STQ_INV_S_0P65  um28nchllogl35hsl140f_ssgwc0p9v125c
                                                          0.336000  
U4015                     STQ_OR2_1       um28nchllogl35hsl140f_ssgwc0p9v125c
                                                          0.672000  
U4016                     STQ_ND2B_1      um28nchllogl35hsl140f_ssgwc0p9v125c
                                                          0.672000  
U4017                     STQ_INV_S_0P65  um28nchllogl35hsl140f_ssgwc0p9v125c
                                                          0.336000  
U4018                     STQ_INV_S_0P65  um28nchllogl35hsl140f_ssgwc0p9v125c
                                                          0.336000  
U4019                     STQ_ND2B_1      um28nchllogl35hsl140f_ssgwc0p9v125c
                                                          0.672000  
U4020                     STQ_OR2_1       um28nchllogl35hsl140f_ssgwc0p9v125c
                                                          0.672000  
U4021                     STQ_INV_S_0P65  um28nchllogl35hsl140f_ssgwc0p9v125c
                                                          0.336000  
U4022                     STQ_INV_S_0P65  um28nchllogl35hsl140f_ssgwc0p9v125c
                                                          0.336000  
U4023                     STQ_ND2B_1      um28nchllogl35hsl140f_ssgwc0p9v125c
                                                          0.672000  
U4024                     STQ_ND2_S_6     um28nchllogl35hsl140f_ssgwc0p9v125c
                                                          1.848000  
U4025                     STQ_INV_S_0P65  um28nchllogl35hsl140f_ssgwc0p9v125c
                                                          0.336000  
U4026                     STQ_INV_S_0P65  um28nchllogl35hsl140f_ssgwc0p9v125c
                                                          0.336000  
U4027                     STQ_ND2_S_1     um28nchllogl35hsl140f_ssgwc0p9v125c
                                                          0.504000  
U4028                     STQ_INV_S_0P65  um28nchllogl35hsl140f_ssgwc0p9v125c
                                                          0.336000  
U4029                     STQ_INV_S_1     um28nchllogl35hsl140f_ssgwc0p9v125c
                                                          0.336000  
U4030                     STQ_ND2B_1      um28nchllogl35hsl140f_ssgwc0p9v125c
                                                          0.672000  
U4031                     STQ_INV_S_0P65  um28nchllogl35hsl140f_ssgwc0p9v125c
                                                          0.336000  
U4032                     STQ_INV_S_1     um28nchllogl35hsl140f_ssgwc0p9v125c
                                                          0.336000  
U4033                     STQ_INV_S_0P65  um28nchllogl35hsl140f_ssgwc0p9v125c
                                                          0.336000  
U4034                     STQ_ND2B_1      um28nchllogl35hsl140f_ssgwc0p9v125c
                                                          0.672000  
U4035                     STQ_INV_S_0P65  um28nchllogl35hsl140f_ssgwc0p9v125c
                                                          0.336000  
U4036                     STQ_ND2_S_6     um28nchllogl35hsl140f_ssgwc0p9v125c
                                                          1.848000  
U4037                     STQ_INV_S_1     um28nchllogl35hsl140f_ssgwc0p9v125c
                                                          0.336000  
U4038                     STQ_ND2B_1      um28nchllogl35hsl140f_ssgwc0p9v125c
                                                          0.672000  
U4039                     STQ_INV_1P5     um28nchllogl35hsl140f_ssgwc0p9v125c
                                                          0.504000  
U4040                     STQ_ND2_G_2     um28nchllogl35hsl140f_ssgwc0p9v125c
                                                          0.840000  
U4041                     STQ_ND2B_1      um28nchllogl35hsl140f_ssgwc0p9v125c
                                                          0.672000  
U4042                     STQ_INV_4       um28nchllogl35hsl140f_ssgwc0p9v125c
                                                          0.840000  
U4043                     STQ_ND2_6       um28nchllogl35hsl140f_ssgwc0p9v125c
                                                          2.184000  
U4044                     STQ_INV_4       um28nchllogl35hsl140f_ssgwc0p9v125c
                                                          0.840000  
U4045                     STQ_ND2B_1      um28nchllogl35hsl140f_ssgwc0p9v125c
                                                          0.672000  
U4046                     STQ_ND2B_1      um28nchllogl35hsl140f_ssgwc0p9v125c
                                                          0.672000  
U4047                     STQ_INV_S_0P65  um28nchllogl35hsl140f_ssgwc0p9v125c
                                                          0.336000  
U4048                     STQ_INV_S_1     um28nchllogl35hsl140f_ssgwc0p9v125c
                                                          0.336000  
U4049                     STQ_AN2_2       um28nchllogl35hsl140f_ssgwc0p9v125c
                                                          0.840000  
U4050                     STQ_INV_S_0P65  um28nchllogl35hsl140f_ssgwc0p9v125c
                                                          0.336000  
U4051                     STQ_INV_11      um28nchllogl35hsl140f_ssgwc0p9v125c
                                                          2.016000  
U4052                     STQ_INV_2P5     um28nchllogl35hsl140f_ssgwc0p9v125c
                                                          0.672000  
U4053                     STQ_INV_3P5     um28nchllogl35hsl140f_ssgwc0p9v125c
                                                          0.840000  
U4054                     STQ_NR2_1       um28nchllogl35hsl140f_ssgwc0p9v125c
                                                          0.504000  
U4055                     STQ_ND2B_1      um28nchllogl35hsl140f_ssgwc0p9v125c
                                                          0.672000  
U4056                     STQ_NR2_G_3P5   um28nchllogl35hsl140f_ssgwc0p9v125c
                                                          1.512000  
U4057                     STQ_NR2_G_3P5   um28nchllogl35hsl140f_ssgwc0p9v125c
                                                          1.512000  
U4058                     STQ_INV_3P5     um28nchllogl35hsl140f_ssgwc0p9v125c
                                                          0.840000  
U4059                     STQ_INV_S_0P65  um28nchllogl35hsl140f_ssgwc0p9v125c
                                                          0.336000  
U4060                     STQ_INV_S_0P65  um28nchllogl35hsl140f_ssgwc0p9v125c
                                                          0.336000  
U4061                     STQ_ND2B_1      um28nchllogl35hsl140f_ssgwc0p9v125c
                                                          0.672000  
U4062                     STQ_AOI22_5     um28nchllogl35hsl140f_ssgwc0p9v125c
                                                          3.528000  
U4063                     STQ_INV_3P5     um28nchllogl35hsl140f_ssgwc0p9v125c
                                                          0.840000  
U4064                     STQ_INV_2P5     um28nchllogl35hsl140f_ssgwc0p9v125c
                                                          0.672000  
U4065                     STQ_INV_7P5     um28nchllogl35hsl140f_ssgwc0p9v125c
                                                          1.512000  
U4066                     STQ_INV_18      um28nchllogl35hsl140f_ssgwc0p9v125c
                                                          3.192000  
U4067                     STQ_INV_11      um28nchllogl35hsl140f_ssgwc0p9v125c
                                                          2.016000  
U4068                     STQ_NR2_6       um28nchllogl35hsl140f_ssgwc0p9v125c
                                                          2.184000  
U4069                     STQ_EN3_6       um28nchllogl35hsl140f_ssgwc0p9v125c
                                                          6.888000  
U4070                     STQ_BUF_1P5     um28nchllogl35hsl140f_ssgwc0p9v125c
                                                          0.672000  
U4071                     STQ_EN2_S_2     um28nchllogl35hsl140f_ssgwc0p9v125c
                                                          1.680000  
U4072                     STQ_EO2_6       um28nchllogl35hsl140f_ssgwc0p9v125c
                                                          4.536000  
U4073                     STQ_EO3_2       um28nchllogl35hsl140f_ssgwc0p9v125c
                                                          2.688000  
U4074                     STQ_BUF_2       um28nchllogl35hsl140f_ssgwc0p9v125c
                                                          0.672000  
U4075                     STQ_EN2_4       um28nchllogl35hsl140f_ssgwc0p9v125c
                                                          3.024000  
U4076                     STQ_EN2_6       um28nchllogl35hsl140f_ssgwc0p9v125c
                                                          4.536000  
U4077                     STQ_INV_2P5     um28nchllogl35hsl140f_ssgwc0p9v125c
                                                          0.672000  
U4078                     STQ_INV_S_1     um28nchllogl35hsl140f_ssgwc0p9v125c
                                                          0.336000  
U4079                     STQ_INV_S_1     um28nchllogl35hsl140f_ssgwc0p9v125c
                                                          0.336000  
U4080                     STQ_INV_S_1     um28nchllogl35hsl140f_ssgwc0p9v125c
                                                          0.336000  
U4081                     STQ_INV_S_1     um28nchllogl35hsl140f_ssgwc0p9v125c
                                                          0.336000  
U4082                     STQ_INV_S_1     um28nchllogl35hsl140f_ssgwc0p9v125c
                                                          0.336000  
U4083                     STQ_INV_S_1     um28nchllogl35hsl140f_ssgwc0p9v125c
                                                          0.336000  
U4084                     STQ_INV_4       um28nchllogl35hsl140f_ssgwc0p9v125c
                                                          0.840000  
U4085                     STQ_INV_S_1     um28nchllogl35hsl140f_ssgwc0p9v125c
                                                          0.336000  
U4086                     STQ_INV_S_1     um28nchllogl35hsl140f_ssgwc0p9v125c
                                                          0.336000  
U4087                     STQ_INV_S_1     um28nchllogl35hsl140f_ssgwc0p9v125c
                                                          0.336000  
U4088                     STQ_INV_S_1     um28nchllogl35hsl140f_ssgwc0p9v125c
                                                          0.336000  
U4089                     STQ_INV_S_1     um28nchllogl35hsl140f_ssgwc0p9v125c
                                                          0.336000  
U4090                     STQ_INV_S_1     um28nchllogl35hsl140f_ssgwc0p9v125c
                                                          0.336000  
U4091                     STQ_INV_S_1     um28nchllogl35hsl140f_ssgwc0p9v125c
                                                          0.336000  
U4092                     STQ_INV_S_1     um28nchllogl35hsl140f_ssgwc0p9v125c
                                                          0.336000  
U4093                     STQ_INV_S_1     um28nchllogl35hsl140f_ssgwc0p9v125c
                                                          0.336000  
U4094                     STQ_INV_S_1     um28nchllogl35hsl140f_ssgwc0p9v125c
                                                          0.336000  
U4095                     STQ_INV_S_1     um28nchllogl35hsl140f_ssgwc0p9v125c
                                                          0.336000  
U4096                     STQ_INV_S_1     um28nchllogl35hsl140f_ssgwc0p9v125c
                                                          0.336000  
U4097                     STQ_INV_S_1     um28nchllogl35hsl140f_ssgwc0p9v125c
                                                          0.336000  
U4098                     STQ_INV_S_1     um28nchllogl35hsl140f_ssgwc0p9v125c
                                                          0.336000  
U4099                     STQ_INV_S_1     um28nchllogl35hsl140f_ssgwc0p9v125c
                                                          0.336000  
U4100                     STQ_INV_S_1     um28nchllogl35hsl140f_ssgwc0p9v125c
                                                          0.336000  
U4101                     STQ_INV_S_1     um28nchllogl35hsl140f_ssgwc0p9v125c
                                                          0.336000  
U4102                     STQ_INV_S_1     um28nchllogl35hsl140f_ssgwc0p9v125c
                                                          0.336000  
U4103                     STQ_INV_S_1     um28nchllogl35hsl140f_ssgwc0p9v125c
                                                          0.336000  
U4104                     STQ_INV_S_1     um28nchllogl35hsl140f_ssgwc0p9v125c
                                                          0.336000  
U4105                     STQ_INV_S_1     um28nchllogl35hsl140f_ssgwc0p9v125c
                                                          0.336000  
U4106                     STQ_INV_S_1     um28nchllogl35hsl140f_ssgwc0p9v125c
                                                          0.336000  
U4107                     STQ_INV_4       um28nchllogl35hsl140f_ssgwc0p9v125c
                                                          0.840000  
U4108                     STQ_INV_S_1     um28nchllogl35hsl140f_ssgwc0p9v125c
                                                          0.336000  
U4109                     STQ_INV_S_1     um28nchllogl35hsl140f_ssgwc0p9v125c
                                                          0.336000  
U4110                     STQ_INV_S_1     um28nchllogl35hsl140f_ssgwc0p9v125c
                                                          0.336000  
U4111                     STQ_INV_S_1     um28nchllogl35hsl140f_ssgwc0p9v125c
                                                          0.336000  
U4112                     STQ_EO2_3       um28nchllogl35hsl140f_ssgwc0p9v125c
                                                          2.856000  
U4113                     STQ_INV_S_1     um28nchllogl35hsl140f_ssgwc0p9v125c
                                                          0.336000  
U4114                     STQ_INV_2       um28nchllogl35hsl140f_ssgwc0p9v125c
                                                          0.504000  
U4115                     STQ_INV_S_1     um28nchllogl35hsl140f_ssgwc0p9v125c
                                                          0.336000  
U4116                     STQ_INV_S_1     um28nchllogl35hsl140f_ssgwc0p9v125c
                                                          0.336000  
U4117                     STQ_INV_S_1     um28nchllogl35hsl140f_ssgwc0p9v125c
                                                          0.336000  
U4118                     STQ_INV_S_1     um28nchllogl35hsl140f_ssgwc0p9v125c
                                                          0.336000  
U4119                     STQ_INV_S_1     um28nchllogl35hsl140f_ssgwc0p9v125c
                                                          0.336000  
U4120                     STQ_EN2_4       um28nchllogl35hsl140f_ssgwc0p9v125c
                                                          3.024000  
U4121                     STQ_INV_S_1     um28nchllogl35hsl140f_ssgwc0p9v125c
                                                          0.336000  
U4122                     STQ_INV_S_1     um28nchllogl35hsl140f_ssgwc0p9v125c
                                                          0.336000  
U4123                     STQ_INV_S_1     um28nchllogl35hsl140f_ssgwc0p9v125c
                                                          0.336000  
U4124                     STQ_INV_S_1     um28nchllogl35hsl140f_ssgwc0p9v125c
                                                          0.336000  
U4125                     STQ_INV_S_1     um28nchllogl35hsl140f_ssgwc0p9v125c
                                                          0.336000  
U4126                     STQ_INV_S_1     um28nchllogl35hsl140f_ssgwc0p9v125c
                                                          0.336000  
U4127                     STQ_EO2_3       um28nchllogl35hsl140f_ssgwc0p9v125c
                                                          2.856000  
U4128                     STQ_INV_S_1     um28nchllogl35hsl140f_ssgwc0p9v125c
                                                          0.336000  
U4129                     STQ_EN2_4       um28nchllogl35hsl140f_ssgwc0p9v125c
                                                          3.024000  
U4130                     STQ_INV_S_1     um28nchllogl35hsl140f_ssgwc0p9v125c
                                                          0.336000  
U4131                     STQ_INV_S_1     um28nchllogl35hsl140f_ssgwc0p9v125c
                                                          0.336000  
U4132                     STQ_INV_S_1     um28nchllogl35hsl140f_ssgwc0p9v125c
                                                          0.336000  
U4133                     STQ_INV_S_1     um28nchllogl35hsl140f_ssgwc0p9v125c
                                                          0.336000  
U4134                     STQ_INV_S_1     um28nchllogl35hsl140f_ssgwc0p9v125c
                                                          0.336000  
U4135                     STQ_INV_S_1     um28nchllogl35hsl140f_ssgwc0p9v125c
                                                          0.336000  
U4136                     STQ_INV_S_1     um28nchllogl35hsl140f_ssgwc0p9v125c
                                                          0.336000  
U4137                     STQ_INV_S_1     um28nchllogl35hsl140f_ssgwc0p9v125c
                                                          0.336000  
U4138                     STQ_INV_S_1     um28nchllogl35hsl140f_ssgwc0p9v125c
                                                          0.336000  
U4139                     STQ_INV_S_1     um28nchllogl35hsl140f_ssgwc0p9v125c
                                                          0.336000  
U4140                     STQ_INV_S_1     um28nchllogl35hsl140f_ssgwc0p9v125c
                                                          0.336000  
U4141                     STQ_INV_S_1     um28nchllogl35hsl140f_ssgwc0p9v125c
                                                          0.336000  
U4142                     STQ_INV_S_1     um28nchllogl35hsl140f_ssgwc0p9v125c
                                                          0.336000  
U4143                     STQ_INV_S_1     um28nchllogl35hsl140f_ssgwc0p9v125c
                                                          0.336000  
U4144                     STQ_INV_S_1     um28nchllogl35hsl140f_ssgwc0p9v125c
                                                          0.336000  
U4145                     STQ_INV_S_1     um28nchllogl35hsl140f_ssgwc0p9v125c
                                                          0.336000  
U4146                     STQ_INV_S_1     um28nchllogl35hsl140f_ssgwc0p9v125c
                                                          0.336000  
U4147                     STQ_INV_S_1     um28nchllogl35hsl140f_ssgwc0p9v125c
                                                          0.336000  
U4148                     STQ_INV_S_1     um28nchllogl35hsl140f_ssgwc0p9v125c
                                                          0.336000  
U4149                     STQ_INV_S_1     um28nchllogl35hsl140f_ssgwc0p9v125c
                                                          0.336000  
U4150                     STQ_INV_S_1     um28nchllogl35hsl140f_ssgwc0p9v125c
                                                          0.336000  
U4151                     STQ_INV_S_1     um28nchllogl35hsl140f_ssgwc0p9v125c
                                                          0.336000  
U4152                     STQ_INV_S_1     um28nchllogl35hsl140f_ssgwc0p9v125c
                                                          0.336000  
U4153                     STQ_INV_S_1     um28nchllogl35hsl140f_ssgwc0p9v125c
                                                          0.336000  
U4154                     STQ_INV_S_1     um28nchllogl35hsl140f_ssgwc0p9v125c
                                                          0.336000  
U4155                     STQ_INV_S_1     um28nchllogl35hsl140f_ssgwc0p9v125c
                                                          0.336000  
U4156                     STQ_INV_S_1     um28nchllogl35hsl140f_ssgwc0p9v125c
                                                          0.336000  
U4157                     STQ_INV_S_1     um28nchllogl35hsl140f_ssgwc0p9v125c
                                                          0.336000  
U4158                     STQ_EO2_3       um28nchllogl35hsl140f_ssgwc0p9v125c
                                                          2.856000  
U4159                     STQ_INV_S_1     um28nchllogl35hsl140f_ssgwc0p9v125c
                                                          0.336000  
U4160                     STQ_INV_S_1     um28nchllogl35hsl140f_ssgwc0p9v125c
                                                          0.336000  
U4161                     STQ_INV_S_1     um28nchllogl35hsl140f_ssgwc0p9v125c
                                                          0.336000  
U4162                     STQ_INV_S_1     um28nchllogl35hsl140f_ssgwc0p9v125c
                                                          0.336000  
U4163                     STQ_INV_S_1     um28nchllogl35hsl140f_ssgwc0p9v125c
                                                          0.336000  
U4164                     STQ_INV_S_1     um28nchllogl35hsl140f_ssgwc0p9v125c
                                                          0.336000  
U4165                     STQ_INV_S_1     um28nchllogl35hsl140f_ssgwc0p9v125c
                                                          0.336000  
U4166                     STQ_INV_S_1     um28nchllogl35hsl140f_ssgwc0p9v125c
                                                          0.336000  
U4167                     STQ_INV_S_1     um28nchllogl35hsl140f_ssgwc0p9v125c
                                                          0.336000  
U4168                     STQ_NR2_1P5     um28nchllogl35hsl140f_ssgwc0p9v125c
                                                          0.840000  
U4169                     STQ_ND2_S_10    um28nchllogl35hsl140f_ssgwc0p9v125c
                                                          2.856000  
U4170                     STQ_NR2_G_12    um28nchllogl35hsl140f_ssgwc0p9v125c
                                                          4.200000  
U4171                     STQ_INV_S_1     um28nchllogl35hsl140f_ssgwc0p9v125c
                                                          0.336000  
U4172                     STQ_OAI21B_0P5  um28nchllogl35hsl140f_ssgwc0p9v125c
                                                          0.840000  
U4173                     STQ_NR2_G_12    um28nchllogl35hsl140f_ssgwc0p9v125c
                                                          4.200000  
U4174                     STQ_ND2_12      um28nchllogl35hsl140f_ssgwc0p9v125c
                                                          4.200000  
U4175                     STQ_NR3_G_5     um28nchllogl35hsl140f_ssgwc0p9v125c
                                                          2.688000  
U4176                     STQ_ND2B_V1DG_8 um28nchllogl35hsl140f_ssgwc0p9v125c
                                                          3.192000  
U4177                     STQ_INV_S_1     um28nchllogl35hsl140f_ssgwc0p9v125c
                                                          0.336000  
U4178                     STQ_EN3_3       um28nchllogl35hsl140f_ssgwc0p9v125c
                                                          4.032000  
U4179                     STQ_EN2_S_1     um28nchllogl35hsl140f_ssgwc0p9v125c
                                                          1.512000  
U4180                     STQ_NR2_G_5     um28nchllogl35hsl140f_ssgwc0p9v125c
                                                          1.848000  
U4181                     STQ_NR3_G_4     um28nchllogl35hsl140f_ssgwc0p9v125c
                                                          2.184000  
U4182                     STQ_NR2_2       um28nchllogl35hsl140f_ssgwc0p9v125c
                                                          0.840000  
U4183                     STQ_ND2_G_3     um28nchllogl35hsl140f_ssgwc0p9v125c
                                                          1.176000  
U4184                     STQ_OAI21_0P5   um28nchllogl35hsl140f_ssgwc0p9v125c
                                                          0.672000  
U4185                     STQ_INV_18      um28nchllogl35hsl140f_ssgwc0p9v125c
                                                          3.192000  
U4186                     STQ_OR2_7       um28nchllogl35hsl140f_ssgwc0p9v125c
                                                          2.688000  
U4187                     STQ_NR2_G_4     um28nchllogl35hsl140f_ssgwc0p9v125c
                                                          1.512000  
U4188                     STQ_NR2_G_12    um28nchllogl35hsl140f_ssgwc0p9v125c
                                                          4.200000  
U4189                     STQ_ND2_6       um28nchllogl35hsl140f_ssgwc0p9v125c
                                                          2.184000  
U4190                     STQ_NR2_G_6     um28nchllogl35hsl140f_ssgwc0p9v125c
                                                          2.184000  
U4191                     STQ_NR2_G_5     um28nchllogl35hsl140f_ssgwc0p9v125c
                                                          1.848000  
U4192                     STQ_NR2_G_3P5   um28nchllogl35hsl140f_ssgwc0p9v125c
                                                          1.512000  
U4193                     STQ_ND2_5       um28nchllogl35hsl140f_ssgwc0p9v125c
                                                          1.848000  
U4194                     STQ_NR2_8       um28nchllogl35hsl140f_ssgwc0p9v125c
                                                          2.856000  
U4195                     STQ_ND2_G_3     um28nchllogl35hsl140f_ssgwc0p9v125c
                                                          1.176000  
U4196                     STQ_ND2_16      um28nchllogl35hsl140f_ssgwc0p9v125c
                                                          5.544000  
U4197                     STQ_ND3_8       um28nchllogl35hsl140f_ssgwc0p9v125c
                                                          4.200000  
U4198                     STQ_ND2_7       um28nchllogl35hsl140f_ssgwc0p9v125c
                                                          2.520000  
U4199                     STQ_AOI21_8     um28nchllogl35hsl140f_ssgwc0p9v125c
                                                          4.032000  
U4200                     STQ_ND3B_4      um28nchllogl35hsl140f_ssgwc0p9v125c
                                                          2.520000  
U4201                     STQ_NR2_G_4     um28nchllogl35hsl140f_ssgwc0p9v125c
                                                          1.512000  
U4202                     STQ_NR3_G_5     um28nchllogl35hsl140f_ssgwc0p9v125c
                                                          2.688000  
U4203                     STQ_NR2_G_12    um28nchllogl35hsl140f_ssgwc0p9v125c
                                                          4.200000  
U4204                     STQ_NR2_3       um28nchllogl35hsl140f_ssgwc0p9v125c
                                                          1.176000  
U4205                     STQ_NR3_G_4     um28nchllogl35hsl140f_ssgwc0p9v125c
                                                          2.184000  
U4206                     STQ_INV_7P5     um28nchllogl35hsl140f_ssgwc0p9v125c
                                                          1.512000  
U4207                     STQ_NR2_G_12    um28nchllogl35hsl140f_ssgwc0p9v125c
                                                          4.200000  
U4208                     STQ_ND3_8       um28nchllogl35hsl140f_ssgwc0p9v125c
                                                          4.200000  
U4209                     STQ_INV_S_5     um28nchllogl35hsl140f_ssgwc0p9v125c
                                                          1.008000  
U4210                     STQ_OAI21_4     um28nchllogl35hsl140f_ssgwc0p9v125c
                                                          2.184000  
U4211                     STQ_INV_2       um28nchllogl35hsl140f_ssgwc0p9v125c
                                                          0.504000  
U4212                     STQ_INV_3P5     um28nchllogl35hsl140f_ssgwc0p9v125c
                                                          0.840000  
U4213                     STQ_ND2_G_2     um28nchllogl35hsl140f_ssgwc0p9v125c
                                                          0.840000  
U4214                     STQ_EO3_2       um28nchllogl35hsl140f_ssgwc0p9v125c
                                                          2.688000  
U4215                     STQ_ND2_G_3     um28nchllogl35hsl140f_ssgwc0p9v125c
                                                          1.176000  
U4216                     STQ_NR2_3       um28nchllogl35hsl140f_ssgwc0p9v125c
                                                          1.176000  
U4217                     STQ_NR2_G_6     um28nchllogl35hsl140f_ssgwc0p9v125c
                                                          2.184000  
U4218                     STQ_NR2_G_6     um28nchllogl35hsl140f_ssgwc0p9v125c
                                                          2.184000  
U4219                     STQ_NR2_G_4     um28nchllogl35hsl140f_ssgwc0p9v125c
                                                          1.512000  
U4220                     STQ_ND4_2       um28nchllogl35hsl140f_ssgwc0p9v125c
                                                          1.512000  
U4221                     STQ_INV_4       um28nchllogl35hsl140f_ssgwc0p9v125c
                                                          0.840000  
U4222                     STQ_NR2_8       um28nchllogl35hsl140f_ssgwc0p9v125c
                                                          2.856000  
U4223                     STQ_OR2_7       um28nchllogl35hsl140f_ssgwc0p9v125c
                                                          2.688000  
U4224                     STQ_ND2_12      um28nchllogl35hsl140f_ssgwc0p9v125c
                                                          4.200000  
U4225                     STQ_ND2_S_10    um28nchllogl35hsl140f_ssgwc0p9v125c
                                                          2.856000  
U4226                     STQ_ND3_5       um28nchllogl35hsl140f_ssgwc0p9v125c
                                                          2.688000  
U4227                     STQ_NR2_6       um28nchllogl35hsl140f_ssgwc0p9v125c
                                                          2.184000  
U4228                     STQ_ND2_S_5     um28nchllogl35hsl140f_ssgwc0p9v125c
                                                          1.512000  
U4229                     STQ_NR2_G_0P5   um28nchllogl35hsl140f_ssgwc0p9v125c
                                                          0.504000  
U4230                     STQ_INV_S_1     um28nchllogl35hsl140f_ssgwc0p9v125c
                                                          0.336000  
U4231                     STQ_ND3B_4      um28nchllogl35hsl140f_ssgwc0p9v125c
                                                          2.520000  
U4232                     STQ_ND2_12      um28nchllogl35hsl140f_ssgwc0p9v125c
                                                          4.200000  
U4233                     STQ_ND2_S_6     um28nchllogl35hsl140f_ssgwc0p9v125c
                                                          1.848000  
U4234                     STQ_INV_6P5     um28nchllogl35hsl140f_ssgwc0p9v125c
                                                          1.344000  
U4235                     STQ_ND2_S_10    um28nchllogl35hsl140f_ssgwc0p9v125c
                                                          2.856000  
U4236                     STQ_INV_11      um28nchllogl35hsl140f_ssgwc0p9v125c
                                                          2.016000  
U4237                     STQ_ND2_G_3     um28nchllogl35hsl140f_ssgwc0p9v125c
                                                          1.176000  
U4238                     STQ_OR2_7       um28nchllogl35hsl140f_ssgwc0p9v125c
                                                          2.688000  
U4239                     STQ_NR2_8       um28nchllogl35hsl140f_ssgwc0p9v125c
                                                          2.856000  
U4240                     STQ_ND2_S_10    um28nchllogl35hsl140f_ssgwc0p9v125c
                                                          2.856000  
U4241                     STQ_INV_7P5     um28nchllogl35hsl140f_ssgwc0p9v125c
                                                          1.512000  
U4242                     STQ_OAI21B_1    um28nchllogl35hsl140f_ssgwc0p9v125c
                                                          0.840000  
U4243                     STQ_ND2B_V1DG_8 um28nchllogl35hsl140f_ssgwc0p9v125c
                                                          3.192000  
U4244                     STQ_ND2_7       um28nchllogl35hsl140f_ssgwc0p9v125c
                                                          2.520000  
U4245                     STQ_NR2_2       um28nchllogl35hsl140f_ssgwc0p9v125c
                                                          0.840000  
U4246                     STQ_EN3_3       um28nchllogl35hsl140f_ssgwc0p9v125c
                                                          4.032000  
U4247                     STQ_OR2_16      um28nchllogl35hsl140f_ssgwc0p9v125c
                                                          5.544000  
U4248                     STQ_NR3_G_4     um28nchllogl35hsl140f_ssgwc0p9v125c
                                                          2.184000  
U4249                     STQ_ND2_5       um28nchllogl35hsl140f_ssgwc0p9v125c
                                                          1.848000  
U4250                     STQ_NR2_G_6     um28nchllogl35hsl140f_ssgwc0p9v125c
                                                          2.184000  
U4251                     STQ_ND2_G_3     um28nchllogl35hsl140f_ssgwc0p9v125c
                                                          1.176000  
U4252                     STQ_ND2_G_4     um28nchllogl35hsl140f_ssgwc0p9v125c
                                                          1.512000  
U4253                     STQ_INV_2       um28nchllogl35hsl140f_ssgwc0p9v125c
                                                          0.504000  
U4254                     STQ_NR2_6       um28nchllogl35hsl140f_ssgwc0p9v125c
                                                          2.184000  
U4255                     STQ_INV_S_9     um28nchllogl35hsl140f_ssgwc0p9v125c
                                                          1.680000  
U4256                     STQ_NR2_G_4     um28nchllogl35hsl140f_ssgwc0p9v125c
                                                          1.512000  
U4257                     STQ_ND2_12      um28nchllogl35hsl140f_ssgwc0p9v125c
                                                          4.200000  
U4258                     STQ_NR2_S_20    um28nchllogl35hsl140f_ssgwc0p9v125c
                                                          5.544000  
U4259                     STQ_NR4_4       um28nchllogl35hsl140f_ssgwc0p9v125c
                                                          2.856000  
U4260                     STQ_ND2_5       um28nchllogl35hsl140f_ssgwc0p9v125c
                                                          1.848000  
U4261                     STQ_ND2_S_6     um28nchllogl35hsl140f_ssgwc0p9v125c
                                                          1.848000  
U4262                     STQ_ND2B_2      um28nchllogl35hsl140f_ssgwc0p9v125c
                                                          1.008000  
U4263                     STQ_NR2_G_12    um28nchllogl35hsl140f_ssgwc0p9v125c
                                                          4.200000  
U4264                     STQ_NR3_G_4     um28nchllogl35hsl140f_ssgwc0p9v125c
                                                          2.184000  
U4265                     STQ_ND2_G_3     um28nchllogl35hsl140f_ssgwc0p9v125c
                                                          1.176000  
U4266                     STQ_ND3_8       um28nchllogl35hsl140f_ssgwc0p9v125c
                                                          4.200000  
U4267                     STQ_ND2_S_10    um28nchllogl35hsl140f_ssgwc0p9v125c
                                                          2.856000  
U4268                     STQ_INV_S_24    um28nchllogl35hsl140f_ssgwc0p9v125c
                                                          4.368000  
U4269                     STQ_INV_18      um28nchllogl35hsl140f_ssgwc0p9v125c
                                                          3.192000  
U4270                     STQ_ND2_G_2     um28nchllogl35hsl140f_ssgwc0p9v125c
                                                          0.840000  
U4271                     STQ_NR3_G_5     um28nchllogl35hsl140f_ssgwc0p9v125c
                                                          2.688000  
U4272                     STQ_ND2_12      um28nchllogl35hsl140f_ssgwc0p9v125c
                                                          4.200000  
U4273                     STQ_INV_6P5     um28nchllogl35hsl140f_ssgwc0p9v125c
                                                          1.344000  
U4274                     STQ_NR3_G_2     um28nchllogl35hsl140f_ssgwc0p9v125c
                                                          1.176000  
U4275                     STQ_NR2_G_5     um28nchllogl35hsl140f_ssgwc0p9v125c
                                                          1.848000  
U4276                     STQ_OR4B_4      um28nchllogl35hsl140f_ssgwc0p9v125c
                                                          2.520000  
U4277                     STQ_NR2_G_4     um28nchllogl35hsl140f_ssgwc0p9v125c
                                                          1.512000  
U4278                     STQ_NR2_G_16    um28nchllogl35hsl140f_ssgwc0p9v125c
                                                          5.544000  
U4279                     STQ_NR2_8       um28nchllogl35hsl140f_ssgwc0p9v125c
                                                          2.856000  
U4280                     STQ_OAI21_1     um28nchllogl35hsl140f_ssgwc0p9v125c
                                                          0.672000  
U4281                     STQ_OAI21_0P75  um28nchllogl35hsl140f_ssgwc0p9v125c
                                                          0.672000  
U4282                     STQ_INV_6       um28nchllogl35hsl140f_ssgwc0p9v125c
                                                          1.176000  
U4283                     STQ_ND2_12      um28nchllogl35hsl140f_ssgwc0p9v125c
                                                          4.200000  
U4284                     STQ_NR2_6       um28nchllogl35hsl140f_ssgwc0p9v125c
                                                          2.184000  
U4285                     STQ_NR2_3       um28nchllogl35hsl140f_ssgwc0p9v125c
                                                          1.176000  
U4286                     STQ_OR3_4       um28nchllogl35hsl140f_ssgwc0p9v125c
                                                          1.848000  
U4287                     STQ_OAI21_0P5   um28nchllogl35hsl140f_ssgwc0p9v125c
                                                          0.672000  
U4288                     STQ_OAI21_0P5   um28nchllogl35hsl140f_ssgwc0p9v125c
                                                          0.672000  
U4289                     STQ_NR2_8       um28nchllogl35hsl140f_ssgwc0p9v125c
                                                          2.856000  
U4290                     STQ_ND2_12      um28nchllogl35hsl140f_ssgwc0p9v125c
                                                          4.200000  
U4291                     STQ_INV_3P5     um28nchllogl35hsl140f_ssgwc0p9v125c
                                                          0.840000  
U4292                     STQ_INV_2       um28nchllogl35hsl140f_ssgwc0p9v125c
                                                          0.504000  
U4293                     STQ_NR3_G_1     um28nchllogl35hsl140f_ssgwc0p9v125c
                                                          0.672000  
U4294                     STQ_NR3_G_1     um28nchllogl35hsl140f_ssgwc0p9v125c
                                                          0.672000  
U4295                     STQ_INV_7P5     um28nchllogl35hsl140f_ssgwc0p9v125c
                                                          1.512000  
U4296                     STQ_NR3_G_5     um28nchllogl35hsl140f_ssgwc0p9v125c
                                                          2.688000  
U4297                     STQ_NR3_G_16    um28nchllogl35hsl140f_ssgwc0p9v125c
                                                          8.232000  
U4298                     STQ_AN2_12      um28nchllogl35hsl140f_ssgwc0p9v125c
                                                          4.200000  
U4299                     STQ_EN3_3       um28nchllogl35hsl140f_ssgwc0p9v125c
                                                          4.032000  
U4300                     STQ_AN2_12      um28nchllogl35hsl140f_ssgwc0p9v125c
                                                          4.200000  
U4301                     STQ_NR3_G_5     um28nchllogl35hsl140f_ssgwc0p9v125c
                                                          2.688000  
U4302                     STQ_INV_S_1     um28nchllogl35hsl140f_ssgwc0p9v125c
                                                          0.336000  
U4303                     STQ_NR2_G_12    um28nchllogl35hsl140f_ssgwc0p9v125c
                                                          4.200000  
U4304                     STQ_ND2_G_3     um28nchllogl35hsl140f_ssgwc0p9v125c
                                                          1.176000  
U4305                     STQ_NR2_1       um28nchllogl35hsl140f_ssgwc0p9v125c
                                                          0.504000  
U4306                     STQ_NR2_8       um28nchllogl35hsl140f_ssgwc0p9v125c
                                                          2.856000  
U4307                     STQ_NR3_G_4     um28nchllogl35hsl140f_ssgwc0p9v125c
                                                          2.184000  
U4308                     STQ_OR3B_4      um28nchllogl35hsl140f_ssgwc0p9v125c
                                                          2.184000  
U4309                     STQ_NR2_2       um28nchllogl35hsl140f_ssgwc0p9v125c
                                                          0.840000  
U4310                     STQ_NR2_G_6     um28nchllogl35hsl140f_ssgwc0p9v125c
                                                          2.184000  
U4311                     STQ_INV_18      um28nchllogl35hsl140f_ssgwc0p9v125c
                                                          3.192000  
U4312                     STQ_NR3_G_12    um28nchllogl35hsl140f_ssgwc0p9v125c
                                                          6.216000  
U4313                     STQ_ND2_9       um28nchllogl35hsl140f_ssgwc0p9v125c
                                                          3.192000  
U4314                     STQ_ND2_12      um28nchllogl35hsl140f_ssgwc0p9v125c
                                                          4.200000  
U4315                     STQ_EN2_8       um28nchllogl35hsl140f_ssgwc0p9v125c
                                                          5.880000  
U4316                     STQ_OAI21B_1    um28nchllogl35hsl140f_ssgwc0p9v125c
                                                          0.840000  
U4317                     STQ_NR3_G_8     um28nchllogl35hsl140f_ssgwc0p9v125c
                                                          4.200000  
U4318                     STQ_ND2_G_3     um28nchllogl35hsl140f_ssgwc0p9v125c
                                                          1.176000  
U4319                     STQ_ND2_10      um28nchllogl35hsl140f_ssgwc0p9v125c
                                                          3.528000  
U4320                     STQ_NR2_1       um28nchllogl35hsl140f_ssgwc0p9v125c
                                                          0.504000  
U4321                     STQ_NR3_G_1     um28nchllogl35hsl140f_ssgwc0p9v125c
                                                          0.672000  
U4322                     STQ_OR3B_4      um28nchllogl35hsl140f_ssgwc0p9v125c
                                                          2.184000  
U4323                     STQ_OR2_7       um28nchllogl35hsl140f_ssgwc0p9v125c
                                                          2.688000  
U4324                     STQ_NR2B_6      um28nchllogl35hsl140f_ssgwc0p9v125c
                                                          2.688000  
U4325                     STQ_OR3_3       um28nchllogl35hsl140f_ssgwc0p9v125c
                                                          1.680000  
U4326                     STQ_OAOI211_4   um28nchllogl35hsl140f_ssgwc0p9v125c
                                                          2.856000  
U4327                     STQ_NR3_G_3     um28nchllogl35hsl140f_ssgwc0p9v125c
                                                          1.680000  
U4328                     STQ_INV_7P5     um28nchllogl35hsl140f_ssgwc0p9v125c
                                                          1.512000  
U4329                     STQ_ND2_S_5     um28nchllogl35hsl140f_ssgwc0p9v125c
                                                          1.512000  
U4330                     STQ_OAI21_1     um28nchllogl35hsl140f_ssgwc0p9v125c
                                                          0.672000  
U4331                     STQ_INV_4       um28nchllogl35hsl140f_ssgwc0p9v125c
                                                          0.840000  
U4332                     STQ_INV_3P5     um28nchllogl35hsl140f_ssgwc0p9v125c
                                                          0.840000  
U4333                     STQ_ND2_S_6     um28nchllogl35hsl140f_ssgwc0p9v125c
                                                          1.848000  
U4334                     STQ_ND2_S_6     um28nchllogl35hsl140f_ssgwc0p9v125c
                                                          1.848000  
U4335                     STQ_NR2_3       um28nchllogl35hsl140f_ssgwc0p9v125c
                                                          1.176000  
U4336                     STQ_ND2_6       um28nchllogl35hsl140f_ssgwc0p9v125c
                                                          2.184000  
U4337                     STQ_ND2_S_5     um28nchllogl35hsl140f_ssgwc0p9v125c
                                                          1.512000  
U4338                     STQ_ND2_G_3     um28nchllogl35hsl140f_ssgwc0p9v125c
                                                          1.176000  
U4339                     STQ_NR2_G_12    um28nchllogl35hsl140f_ssgwc0p9v125c
                                                          4.200000  
U4340                     STQ_OR2_12      um28nchllogl35hsl140f_ssgwc0p9v125c
                                                          4.200000  
U4341                     STQ_NR2_6       um28nchllogl35hsl140f_ssgwc0p9v125c
                                                          2.184000  
U4342                     STQ_ND3_4       um28nchllogl35hsl140f_ssgwc0p9v125c
                                                          2.184000  
U4343                     STQ_NR2_1       um28nchllogl35hsl140f_ssgwc0p9v125c
                                                          0.504000  
U4344                     STQ_NR4_8       um28nchllogl35hsl140f_ssgwc0p9v125c
                                                          5.208000  
U4345                     STQ_INV_7P5     um28nchllogl35hsl140f_ssgwc0p9v125c
                                                          1.512000  
U4346                     STQ_ND2_G_3     um28nchllogl35hsl140f_ssgwc0p9v125c
                                                          1.176000  
U4347                     STQ_NR2_G_4     um28nchllogl35hsl140f_ssgwc0p9v125c
                                                          1.512000  
U4348                     STQ_OR2_4       um28nchllogl35hsl140f_ssgwc0p9v125c
                                                          1.512000  
U4349                     STQ_NR2_8       um28nchllogl35hsl140f_ssgwc0p9v125c
                                                          2.856000  
U4350                     STQ_NR3_G_2     um28nchllogl35hsl140f_ssgwc0p9v125c
                                                          1.176000  
U4351                     STQ_NR3_G_4     um28nchllogl35hsl140f_ssgwc0p9v125c
                                                          2.184000  
U4352                     STQ_NR2_G_4     um28nchllogl35hsl140f_ssgwc0p9v125c
                                                          1.512000  
U4353                     STQ_NR3_G_4     um28nchllogl35hsl140f_ssgwc0p9v125c
                                                          2.184000  
U4354                     STQ_OAI21_0P5   um28nchllogl35hsl140f_ssgwc0p9v125c
                                                          0.672000  
U4355                     STQ_OAI21_0P5   um28nchllogl35hsl140f_ssgwc0p9v125c
                                                          0.672000  
U4356                     STQ_OAI21B_1    um28nchllogl35hsl140f_ssgwc0p9v125c
                                                          0.840000  
U4357                     STQ_BUF_1       um28nchllogl35hsl140f_ssgwc0p9v125c
                                                          0.504000  
U4358                     STQ_BUF_S_12    um28nchllogl35hsl140f_ssgwc0p9v125c
                                                          3.192000  
U4359                     STQ_ND3_5       um28nchllogl35hsl140f_ssgwc0p9v125c
                                                          2.688000  
U4360                     STQ_EN3_3       um28nchllogl35hsl140f_ssgwc0p9v125c
                                                          4.032000  
U4361                     STQ_EN3_3       um28nchllogl35hsl140f_ssgwc0p9v125c
                                                          4.032000  
U4362                     STQ_INV_7P5     um28nchllogl35hsl140f_ssgwc0p9v125c
                                                          1.512000  
U4363                     STQ_ND3_6       um28nchllogl35hsl140f_ssgwc0p9v125c
                                                          3.192000  
U4364                     STQ_ND3_5       um28nchllogl35hsl140f_ssgwc0p9v125c
                                                          2.688000  
U4365                     STQ_ND2_5       um28nchllogl35hsl140f_ssgwc0p9v125c
                                                          1.848000  
U4366                     STQ_EO2_4       um28nchllogl35hsl140f_ssgwc0p9v125c
                                                          3.024000  
U4367                     STQ_OAI21_1     um28nchllogl35hsl140f_ssgwc0p9v125c
                                                          0.672000  
U4368                     STQ_OAI21B_1    um28nchllogl35hsl140f_ssgwc0p9v125c
                                                          0.840000  
U4369                     STQ_OAI21_1     um28nchllogl35hsl140f_ssgwc0p9v125c
                                                          0.672000  
U4370                     STQ_ND2_S_10    um28nchllogl35hsl140f_ssgwc0p9v125c
                                                          2.856000  
U4371                     STQ_ND2_S_7     um28nchllogl35hsl140f_ssgwc0p9v125c
                                                          2.184000  
U4372                     STQ_ND2_S_5     um28nchllogl35hsl140f_ssgwc0p9v125c
                                                          1.512000  
U4373                     STQ_OAI21_0P5   um28nchllogl35hsl140f_ssgwc0p9v125c
                                                          0.672000  
U4374                     STQ_INV_2       um28nchllogl35hsl140f_ssgwc0p9v125c
                                                          0.504000  
U4375                     STQ_NR2_G_0P5   um28nchllogl35hsl140f_ssgwc0p9v125c
                                                          0.504000  
U4376                     STQ_NR2B_4      um28nchllogl35hsl140f_ssgwc0p9v125c
                                                          1.848000  
U4377                     STQ_NR2_G_6     um28nchllogl35hsl140f_ssgwc0p9v125c
                                                          2.184000  
U4378                     STQ_NR2_S_1P5   um28nchllogl35hsl140f_ssgwc0p9v125c
                                                          0.840000  
U4379                     STQ_NR2_S_1P5   um28nchllogl35hsl140f_ssgwc0p9v125c
                                                          0.840000  
U4380                     STQ_ND2_6       um28nchllogl35hsl140f_ssgwc0p9v125c
                                                          2.184000  
U4381                     STQ_OR2_7       um28nchllogl35hsl140f_ssgwc0p9v125c
                                                          2.688000  
U4382                     STQ_NR2B_4      um28nchllogl35hsl140f_ssgwc0p9v125c
                                                          1.848000  
U4383                     STQ_OR3B_8      um28nchllogl35hsl140f_ssgwc0p9v125c
                                                          4.200000  
U4384                     STQ_NR4_2       um28nchllogl35hsl140f_ssgwc0p9v125c
                                                          1.512000  
U4385                     STQ_AOI21_1     um28nchllogl35hsl140f_ssgwc0p9v125c
                                                          0.672000  
U4386                     STQ_NR2_G_4     um28nchllogl35hsl140f_ssgwc0p9v125c
                                                          1.512000  
U4387                     STQ_ND2_S_5     um28nchllogl35hsl140f_ssgwc0p9v125c
                                                          1.512000  
U4388                     STQ_NR2_8       um28nchllogl35hsl140f_ssgwc0p9v125c
                                                          2.856000  
U4389                     STQ_ND3_8       um28nchllogl35hsl140f_ssgwc0p9v125c
                                                          4.200000  
U4390                     STQ_ND3_8       um28nchllogl35hsl140f_ssgwc0p9v125c
                                                          4.200000  
U4391                     STQ_ND2_24      um28nchllogl35hsl140f_ssgwc0p9v125c
                                                          8.400000  
U4392                     STQ_NR2_G_12    um28nchllogl35hsl140f_ssgwc0p9v125c
                                                          4.200000  
U4393                     STQ_ND2_16      um28nchllogl35hsl140f_ssgwc0p9v125c
                                                          5.544000  
U4394                     STQ_INV_4       um28nchllogl35hsl140f_ssgwc0p9v125c
                                                          0.840000  
U4395                     STQ_NR3B_MG_1   um28nchllogl35hsl140f_ssgwc0p9v125c
                                                          0.840000  
U4396                     STQ_OR2_7       um28nchllogl35hsl140f_ssgwc0p9v125c
                                                          2.688000  
U4397                     STQ_NR4_4       um28nchllogl35hsl140f_ssgwc0p9v125c
                                                          2.856000  
U4398                     STQ_EO3_3       um28nchllogl35hsl140f_ssgwc0p9v125c
                                                          4.200000  
U4399                     STQ_EN3_3       um28nchllogl35hsl140f_ssgwc0p9v125c
                                                          4.032000  
U4400                     STQ_NR2_G_4     um28nchllogl35hsl140f_ssgwc0p9v125c
                                                          1.512000  
U4401                     STQ_OR2_4       um28nchllogl35hsl140f_ssgwc0p9v125c
                                                          1.512000  
U4402                     STQ_NR2B_4      um28nchllogl35hsl140f_ssgwc0p9v125c
                                                          1.848000  
U4403                     STQ_EO3_3       um28nchllogl35hsl140f_ssgwc0p9v125c
                                                          4.200000  
U4404                     STQ_ND2_S_10    um28nchllogl35hsl140f_ssgwc0p9v125c
                                                          2.856000  
U4405                     STQ_OR3B_2      um28nchllogl35hsl140f_ssgwc0p9v125c
                                                          1.176000  
U4406                     STQ_INV_2       um28nchllogl35hsl140f_ssgwc0p9v125c
                                                          0.504000  
U4407                     STQ_INV_4       um28nchllogl35hsl140f_ssgwc0p9v125c
                                                          0.840000  
U4408                     STQ_EO3_3       um28nchllogl35hsl140f_ssgwc0p9v125c
                                                          4.200000  
U4409                     STQ_ND3B_4      um28nchllogl35hsl140f_ssgwc0p9v125c
                                                          2.520000  
U4410                     STQ_OR3B_4      um28nchllogl35hsl140f_ssgwc0p9v125c
                                                          2.184000  
U4411                     STQ_ND2_12      um28nchllogl35hsl140f_ssgwc0p9v125c
                                                          4.200000  
U4412                     STQ_NR2_6       um28nchllogl35hsl140f_ssgwc0p9v125c
                                                          2.184000  
U4413                     STQ_NR3_G_4     um28nchllogl35hsl140f_ssgwc0p9v125c
                                                          2.184000  
U4414                     STQ_OR2_4       um28nchllogl35hsl140f_ssgwc0p9v125c
                                                          1.512000  
U4415                     STQ_OAI211_8    um28nchllogl35hsl140f_ssgwc0p9v125c
                                                          5.544000  
U4416                     STQ_NR3_G_1     um28nchllogl35hsl140f_ssgwc0p9v125c
                                                          0.672000  
U4417                     STQ_ND2_7       um28nchllogl35hsl140f_ssgwc0p9v125c
                                                          2.520000  
U4418                     STQ_NR2_1       um28nchllogl35hsl140f_ssgwc0p9v125c
                                                          0.504000  
U4419                     STQ_INV_6P5     um28nchllogl35hsl140f_ssgwc0p9v125c
                                                          1.344000  
U4420                     STQ_NR2B_6      um28nchllogl35hsl140f_ssgwc0p9v125c
                                                          2.688000  
U4421                     STQ_EN3_3       um28nchllogl35hsl140f_ssgwc0p9v125c
                                                          4.032000  
U4422                     STQ_INV_2       um28nchllogl35hsl140f_ssgwc0p9v125c
                                                          0.504000  
U4423                     STQ_OAI21_0P5   um28nchllogl35hsl140f_ssgwc0p9v125c
                                                          0.672000  
U4424                     STQ_OAI21_0P5   um28nchllogl35hsl140f_ssgwc0p9v125c
                                                          0.672000  
U4425                     STQ_NR2_2       um28nchllogl35hsl140f_ssgwc0p9v125c
                                                          0.840000  
U4426                     STQ_OAI21_1     um28nchllogl35hsl140f_ssgwc0p9v125c
                                                          0.672000  
U4427                     STQ_NR2_G_12    um28nchllogl35hsl140f_ssgwc0p9v125c
                                                          4.200000  
U4428                     STQ_NR2_G_12    um28nchllogl35hsl140f_ssgwc0p9v125c
                                                          4.200000  
U4429                     STQ_INV_6       um28nchllogl35hsl140f_ssgwc0p9v125c
                                                          1.176000  
U4430                     STQ_NR2B_V1DG_4 um28nchllogl35hsl140f_ssgwc0p9v125c
                                                          1.680000  
U4431                     STQ_MUXI2_MG_0P75
                                          um28nchllogl35hsl140f_ssgwc0p9v125c
                                                          1.008000  
U4432                     STQ_NR2B_16     um28nchllogl35hsl140f_ssgwc0p9v125c
                                                          6.552000  
U4433                     STQ_NR2_G_12    um28nchllogl35hsl140f_ssgwc0p9v125c
                                                          4.200000  
U4434                     STQ_NR3_G_1P5   um28nchllogl35hsl140f_ssgwc0p9v125c
                                                          1.176000  
U4435                     STQ_INV_2       um28nchllogl35hsl140f_ssgwc0p9v125c
                                                          0.504000  
U4436                     STQ_AOAI211_1   um28nchllogl35hsl140f_ssgwc0p9v125c
                                                          0.840000  
U4437                     STQ_INV_S_1     um28nchllogl35hsl140f_ssgwc0p9v125c
                                                          0.336000  
U4438                     STQ_BUF_S_20    um28nchllogl35hsl140f_ssgwc0p9v125c
                                                          5.208000  
U4439                     STQ_ND2_G_1     um28nchllogl35hsl140f_ssgwc0p9v125c
                                                          0.504000  
U4440                     STQ_NR2_6       um28nchllogl35hsl140f_ssgwc0p9v125c
                                                          2.184000  
U4441                     STQ_NR2_G_5     um28nchllogl35hsl140f_ssgwc0p9v125c
                                                          1.848000  
U4442                     STQ_NR4_2       um28nchllogl35hsl140f_ssgwc0p9v125c
                                                          1.512000  
U4443                     STQ_ND3_6       um28nchllogl35hsl140f_ssgwc0p9v125c
                                                          3.192000  
U4444                     STQ_NR2B_4      um28nchllogl35hsl140f_ssgwc0p9v125c
                                                          1.848000  
U4445                     STQ_INV_3P5     um28nchllogl35hsl140f_ssgwc0p9v125c
                                                          0.840000  
U4446                     STQ_OR3B_4      um28nchllogl35hsl140f_ssgwc0p9v125c
                                                          2.184000  
U4447                     STQ_INV_S_1     um28nchllogl35hsl140f_ssgwc0p9v125c
                                                          0.336000  
U4448                     STQ_NR3_G_1     um28nchllogl35hsl140f_ssgwc0p9v125c
                                                          0.672000  
U4449                     STQ_NR3_G_1     um28nchllogl35hsl140f_ssgwc0p9v125c
                                                          0.672000  
U4450                     STQ_INV_6       um28nchllogl35hsl140f_ssgwc0p9v125c
                                                          1.176000  
U4451                     STQ_ND2_7       um28nchllogl35hsl140f_ssgwc0p9v125c
                                                          2.520000  
U4452                     STQ_ND2B_3      um28nchllogl35hsl140f_ssgwc0p9v125c
                                                          1.512000  
U4453                     STQ_NR2_S_20    um28nchllogl35hsl140f_ssgwc0p9v125c
                                                          5.544000  
U4454                     STQ_NR2_G_4     um28nchllogl35hsl140f_ssgwc0p9v125c
                                                          1.512000  
U4455                     STQ_NR3_G_4     um28nchllogl35hsl140f_ssgwc0p9v125c
                                                          2.184000  
U4456                     STQ_NR3_G_4     um28nchllogl35hsl140f_ssgwc0p9v125c
                                                          2.184000  
U4457                     STQ_OAI21_4     um28nchllogl35hsl140f_ssgwc0p9v125c
                                                          2.184000  
U4458                     STQ_NR2_G_0P5   um28nchllogl35hsl140f_ssgwc0p9v125c
                                                          0.504000  
U4459                     STQ_EN3_3       um28nchllogl35hsl140f_ssgwc0p9v125c
                                                          4.032000  
U4460                     STQ_OR3B_2      um28nchllogl35hsl140f_ssgwc0p9v125c
                                                          1.176000  
U4461                     STQ_AO21B_4     um28nchllogl35hsl140f_ssgwc0p9v125c
                                                          2.184000  
U4462                     STQ_INV_S_5     um28nchllogl35hsl140f_ssgwc0p9v125c
                                                          1.008000  
U4463                     STQ_OAI21_0P5   um28nchllogl35hsl140f_ssgwc0p9v125c
                                                          0.672000  
U4464                     STQ_INV_3P5     um28nchllogl35hsl140f_ssgwc0p9v125c
                                                          0.840000  
U4465                     STQ_EN3_3       um28nchllogl35hsl140f_ssgwc0p9v125c
                                                          4.032000  
U4466                     STQ_EN3_3       um28nchllogl35hsl140f_ssgwc0p9v125c
                                                          4.032000  
U4467                     STQ_ND2_G_3     um28nchllogl35hsl140f_ssgwc0p9v125c
                                                          1.176000  
U4468                     STQ_INV_6P5     um28nchllogl35hsl140f_ssgwc0p9v125c
                                                          1.344000  
U4469                     STQ_EN3_6       um28nchllogl35hsl140f_ssgwc0p9v125c
                                                          6.888000  
U4470                     STQ_ND2_G_4     um28nchllogl35hsl140f_ssgwc0p9v125c
                                                          1.512000  
U4471                     STQ_NR2_G_12    um28nchllogl35hsl140f_ssgwc0p9v125c
                                                          4.200000  
U4472                     STQ_EN2_8       um28nchllogl35hsl140f_ssgwc0p9v125c
                                                          5.880000  
U4473                     STQ_NR2_2       um28nchllogl35hsl140f_ssgwc0p9v125c
                                                          0.840000  
U4474                     STQ_INV_4       um28nchllogl35hsl140f_ssgwc0p9v125c
                                                          0.840000  
U4475                     STQ_NR2_G_12    um28nchllogl35hsl140f_ssgwc0p9v125c
                                                          4.200000  
U4476                     STQ_EN3_3       um28nchllogl35hsl140f_ssgwc0p9v125c
                                                          4.032000  
U4477                     STQ_EO3_3       um28nchllogl35hsl140f_ssgwc0p9v125c
                                                          4.200000  
U4478                     STQ_EO3_3       um28nchllogl35hsl140f_ssgwc0p9v125c
                                                          4.200000  
U4479                     STQ_EO3_3       um28nchllogl35hsl140f_ssgwc0p9v125c
                                                          4.200000  
U4480                     STQ_ND2_G_2     um28nchllogl35hsl140f_ssgwc0p9v125c
                                                          0.840000  
U4481                     STQ_NR2_G_5     um28nchllogl35hsl140f_ssgwc0p9v125c
                                                          1.848000  
U4482                     STQ_NR2B_3      um28nchllogl35hsl140f_ssgwc0p9v125c
                                                          1.512000  
U4483                     STQ_NR2_1       um28nchllogl35hsl140f_ssgwc0p9v125c
                                                          0.504000  
U4484                     STQ_NR2_G_12    um28nchllogl35hsl140f_ssgwc0p9v125c
                                                          4.200000  
U4485                     STQ_NR3_G_4     um28nchllogl35hsl140f_ssgwc0p9v125c
                                                          2.184000  
U4486                     STQ_EN3_6       um28nchllogl35hsl140f_ssgwc0p9v125c
                                                          6.888000  
U4487                     STQ_EN3_6       um28nchllogl35hsl140f_ssgwc0p9v125c
                                                          6.888000  
U4488                     STQ_NR2_6       um28nchllogl35hsl140f_ssgwc0p9v125c
                                                          2.184000  
U4489                     STQ_OAI21_0P5   um28nchllogl35hsl140f_ssgwc0p9v125c
                                                          0.672000  
U4490                     STQ_INV_S_5     um28nchllogl35hsl140f_ssgwc0p9v125c
                                                          1.008000  
U4491                     STQ_NR2_6       um28nchllogl35hsl140f_ssgwc0p9v125c
                                                          2.184000  
U4492                     STQ_OAI21_0P5   um28nchllogl35hsl140f_ssgwc0p9v125c
                                                          0.672000  
U4493                     STQ_NR2_G_12    um28nchllogl35hsl140f_ssgwc0p9v125c
                                                          4.200000  
U4494                     STQ_ND2B_6      um28nchllogl35hsl140f_ssgwc0p9v125c
                                                          2.688000  
U4495                     STQ_EN3_3       um28nchllogl35hsl140f_ssgwc0p9v125c
                                                          4.032000  
U4496                     STQ_EN3_3       um28nchllogl35hsl140f_ssgwc0p9v125c
                                                          4.032000  
U4497                     STQ_ND2B_6      um28nchllogl35hsl140f_ssgwc0p9v125c
                                                          2.688000  
U4498                     STQ_NR2B_8      um28nchllogl35hsl140f_ssgwc0p9v125c
                                                          3.528000  
U4499                     STQ_EN3_6       um28nchllogl35hsl140f_ssgwc0p9v125c
                                                          6.888000  
U4500                     STQ_ND2_24      um28nchllogl35hsl140f_ssgwc0p9v125c
                                                          8.400000  
U4501                     STQ_EN3_6       um28nchllogl35hsl140f_ssgwc0p9v125c
                                                          6.888000  
U4502                     STQ_NR2_G_12    um28nchllogl35hsl140f_ssgwc0p9v125c
                                                          4.200000  
U4503                     STQ_NR2_G_5     um28nchllogl35hsl140f_ssgwc0p9v125c
                                                          1.848000  
U4504                     STQ_EN3_3       um28nchllogl35hsl140f_ssgwc0p9v125c
                                                          4.032000  
U4505                     STQ_OAI21_1     um28nchllogl35hsl140f_ssgwc0p9v125c
                                                          0.672000  
U4506                     STQ_NR2_G_0P5   um28nchllogl35hsl140f_ssgwc0p9v125c
                                                          0.504000  
U4507                     STQ_ND4_MM_4    um28nchllogl35hsl140f_ssgwc0p9v125c
                                                          2.520000  
U4508                     STQ_ND2_G_3     um28nchllogl35hsl140f_ssgwc0p9v125c
                                                          1.176000  
U4509                     STQ_ND2_S_5     um28nchllogl35hsl140f_ssgwc0p9v125c
                                                          1.512000  
U4510                     STQ_NR2_2       um28nchllogl35hsl140f_ssgwc0p9v125c
                                                          0.840000  
U4511                     STQ_OAI21_0P5   um28nchllogl35hsl140f_ssgwc0p9v125c
                                                          0.672000  
U4512                     STQ_OAI21B_0P5  um28nchllogl35hsl140f_ssgwc0p9v125c
                                                          0.840000  
U4513                     STQ_NR3_G_4     um28nchllogl35hsl140f_ssgwc0p9v125c
                                                          2.184000  
U4514                     STQ_ND2B_2      um28nchllogl35hsl140f_ssgwc0p9v125c
                                                          1.008000  
U4515                     STQ_OAI21_1     um28nchllogl35hsl140f_ssgwc0p9v125c
                                                          0.672000  
U4516                     STQ_NR2_8       um28nchllogl35hsl140f_ssgwc0p9v125c
                                                          2.856000  
U4517                     STQ_EN3_3       um28nchllogl35hsl140f_ssgwc0p9v125c
                                                          4.032000  
U4518                     STQ_EN2_6       um28nchllogl35hsl140f_ssgwc0p9v125c
                                                          4.536000  
U4519                     STQ_NR4_2       um28nchllogl35hsl140f_ssgwc0p9v125c
                                                          1.512000  
U4520                     STQ_OAI21_1     um28nchllogl35hsl140f_ssgwc0p9v125c
                                                          0.672000  
U4521                     STQ_NR2_2       um28nchllogl35hsl140f_ssgwc0p9v125c
                                                          0.840000  
U4522                     STQ_OAI21_0P5   um28nchllogl35hsl140f_ssgwc0p9v125c
                                                          0.672000  
U4523                     STQ_NR2_1       um28nchllogl35hsl140f_ssgwc0p9v125c
                                                          0.504000  
U4524                     STQ_AN2_6       um28nchllogl35hsl140f_ssgwc0p9v125c
                                                          2.184000  
U4525                     STQ_NR2_G_5     um28nchllogl35hsl140f_ssgwc0p9v125c
                                                          1.848000  
U4526                     STQ_ND4_MM_4    um28nchllogl35hsl140f_ssgwc0p9v125c
                                                          2.520000  
U4527                     STQ_OR4B_2      um28nchllogl35hsl140f_ssgwc0p9v125c
                                                          1.344000  
U4528                     STQ_ND2_S_5     um28nchllogl35hsl140f_ssgwc0p9v125c
                                                          1.512000  
U4529                     STQ_INV_7P5     um28nchllogl35hsl140f_ssgwc0p9v125c
                                                          1.512000  
U4530                     STQ_ND2_G_2     um28nchllogl35hsl140f_ssgwc0p9v125c
                                                          0.840000  
U4531                     STQ_ND2B_16     um28nchllogl35hsl140f_ssgwc0p9v125c
                                                          6.888000  
U4532                     STQ_INV_4       um28nchllogl35hsl140f_ssgwc0p9v125c
                                                          0.840000  
U4533                     STQ_EN3_3       um28nchllogl35hsl140f_ssgwc0p9v125c
                                                          4.032000  
U4534                     STQ_ND3B_V1DG_2 um28nchllogl35hsl140f_ssgwc0p9v125c
                                                          1.344000  
U4535                     STQ_ND3_1       um28nchllogl35hsl140f_ssgwc0p9v125c
                                                          0.672000  
U4536                     STQ_INV_3       um28nchllogl35hsl140f_ssgwc0p9v125c
                                                          0.672000  
U4537                     STQ_INV_3       um28nchllogl35hsl140f_ssgwc0p9v125c
                                                          0.672000  
U4538                     STQ_BUF_1       um28nchllogl35hsl140f_ssgwc0p9v125c
                                                          0.504000  
U4539                     STQ_ND2B_8      um28nchllogl35hsl140f_ssgwc0p9v125c
                                                          3.528000  
U4540                     STQ_INV_6       um28nchllogl35hsl140f_ssgwc0p9v125c
                                                          1.176000  
U4541                     STQ_NR2_1P5     um28nchllogl35hsl140f_ssgwc0p9v125c
                                                          0.840000  
U4542                     STQ_INV_3       um28nchllogl35hsl140f_ssgwc0p9v125c
                                                          0.672000  
U4543                     STQ_INV_3       um28nchllogl35hsl140f_ssgwc0p9v125c
                                                          0.672000  
U4544                     STQ_OAI21B_0P5  um28nchllogl35hsl140f_ssgwc0p9v125c
                                                          0.840000  
U4545                     STQ_OAI21_0P5   um28nchllogl35hsl140f_ssgwc0p9v125c
                                                          0.672000  
U4546                     STQ_AN2_16      um28nchllogl35hsl140f_ssgwc0p9v125c
                                                          5.544000  
U4547                     STQ_EO2_6       um28nchllogl35hsl140f_ssgwc0p9v125c
                                                          4.536000  
U4548                     STQ_ND4_4       um28nchllogl35hsl140f_ssgwc0p9v125c
                                                          2.856000  
U4549                     STQ_OAI21_4     um28nchllogl35hsl140f_ssgwc0p9v125c
                                                          2.184000  
U4550                     STQ_NR2_1       um28nchllogl35hsl140f_ssgwc0p9v125c
                                                          0.504000  
U4551                     STQ_NR2B_16     um28nchllogl35hsl140f_ssgwc0p9v125c
                                                          6.552000  
U4552                     STQ_OR3B_8      um28nchllogl35hsl140f_ssgwc0p9v125c
                                                          4.200000  
U4553                     STQ_NR4_8       um28nchllogl35hsl140f_ssgwc0p9v125c
                                                          5.208000  
U4554                     STQ_EN3_6       um28nchllogl35hsl140f_ssgwc0p9v125c
                                                          6.888000  
U4555                     STQ_NR3_G_8     um28nchllogl35hsl140f_ssgwc0p9v125c
                                                          4.200000  
U4556                     STQ_OAI21_1     um28nchllogl35hsl140f_ssgwc0p9v125c
                                                          0.672000  
U4557                     STQ_NR2_S_20    um28nchllogl35hsl140f_ssgwc0p9v125c
                                                          5.544000  
U4558                     STQ_NR2_G_4     um28nchllogl35hsl140f_ssgwc0p9v125c
                                                          1.512000  
U4559                     STQ_ND4_MM_8    um28nchllogl35hsl140f_ssgwc0p9v125c
                                                          4.536000  
U4560                     STQ_NR3_G_4     um28nchllogl35hsl140f_ssgwc0p9v125c
                                                          2.184000  
U4561                     STQ_NR3_G_4     um28nchllogl35hsl140f_ssgwc0p9v125c
                                                          2.184000  
U4562                     STQ_INV_S_24    um28nchllogl35hsl140f_ssgwc0p9v125c
                                                          4.368000  
U4563                     STQ_INV_S_5     um28nchllogl35hsl140f_ssgwc0p9v125c
                                                          1.008000  
U4564                     STQ_EO2_3       um28nchllogl35hsl140f_ssgwc0p9v125c
                                                          2.856000  
U4565                     STQ_EN2_8       um28nchllogl35hsl140f_ssgwc0p9v125c
                                                          5.880000  
U4566                     STQ_OR3_8       um28nchllogl35hsl140f_ssgwc0p9v125c
                                                          3.528000  
U4567                     STQ_ND2B_6      um28nchllogl35hsl140f_ssgwc0p9v125c
                                                          2.688000  
U4568                     STQ_EO3_1       um28nchllogl35hsl140f_ssgwc0p9v125c
                                                          2.184000  
U4569                     STQ_ND2_G_3     um28nchllogl35hsl140f_ssgwc0p9v125c
                                                          1.176000  
U4570                     STQ_OAI21_0P5   um28nchllogl35hsl140f_ssgwc0p9v125c
                                                          0.672000  
U4571                     STQ_OAI21_0P5   um28nchllogl35hsl140f_ssgwc0p9v125c
                                                          0.672000  
U4572                     STQ_OAI21_0P5   um28nchllogl35hsl140f_ssgwc0p9v125c
                                                          0.672000  
U4573                     STQ_INV_S_5     um28nchllogl35hsl140f_ssgwc0p9v125c
                                                          1.008000  
U4574                     STQ_NR3_G_2     um28nchllogl35hsl140f_ssgwc0p9v125c
                                                          1.176000  
U4575                     STQ_ND3_1       um28nchllogl35hsl140f_ssgwc0p9v125c
                                                          0.672000  
U4576                     STQ_OAI21_0P5   um28nchllogl35hsl140f_ssgwc0p9v125c
                                                          0.672000  
U4577                     STQ_OAI21_0P5   um28nchllogl35hsl140f_ssgwc0p9v125c
                                                          0.672000  
U4578                     STQ_ND2_S_5     um28nchllogl35hsl140f_ssgwc0p9v125c
                                                          1.512000  
U4579                     STQ_NR2_G_12    um28nchllogl35hsl140f_ssgwc0p9v125c
                                                          4.200000  
U4580                     STQ_ND2B_3      um28nchllogl35hsl140f_ssgwc0p9v125c
                                                          1.512000  
U4581                     STQ_INV_4       um28nchllogl35hsl140f_ssgwc0p9v125c
                                                          0.840000  
U4582                     STQ_EN3_3       um28nchllogl35hsl140f_ssgwc0p9v125c
                                                          4.032000  
U4583                     STQ_EN3_3       um28nchllogl35hsl140f_ssgwc0p9v125c
                                                          4.032000  
U4584                     STQ_ND2B_6      um28nchllogl35hsl140f_ssgwc0p9v125c
                                                          2.688000  
U4585                     STQ_ND2_10      um28nchllogl35hsl140f_ssgwc0p9v125c
                                                          3.528000  
U4586                     STQ_EN3_3       um28nchllogl35hsl140f_ssgwc0p9v125c
                                                          4.032000  
U4587                     STQ_EO3_3       um28nchllogl35hsl140f_ssgwc0p9v125c
                                                          4.200000  
U4588                     STQ_EN3_3       um28nchllogl35hsl140f_ssgwc0p9v125c
                                                          4.032000  
U4589                     STQ_EN2_4       um28nchllogl35hsl140f_ssgwc0p9v125c
                                                          3.024000  
U4590                     STQ_OR2_4       um28nchllogl35hsl140f_ssgwc0p9v125c
                                                          1.512000  
U4591                     STQ_NR2_6       um28nchllogl35hsl140f_ssgwc0p9v125c
                                                          2.184000  
U4592                     STQ_ND2_12      um28nchllogl35hsl140f_ssgwc0p9v125c
                                                          4.200000  
U4593                     STQ_EN3_3       um28nchllogl35hsl140f_ssgwc0p9v125c
                                                          4.032000  
U4594                     STQ_NR2_6       um28nchllogl35hsl140f_ssgwc0p9v125c
                                                          2.184000  
U4595                     STQ_ND3_5       um28nchllogl35hsl140f_ssgwc0p9v125c
                                                          2.688000  
U4596                     STQ_NR3_G_5     um28nchllogl35hsl140f_ssgwc0p9v125c
                                                          2.688000  
U4597                     STQ_EN2_6       um28nchllogl35hsl140f_ssgwc0p9v125c
                                                          4.536000  
U4598                     STQ_EN2_6       um28nchllogl35hsl140f_ssgwc0p9v125c
                                                          4.536000  
U4599                     STQ_EN2_8       um28nchllogl35hsl140f_ssgwc0p9v125c
                                                          5.880000  
U4600                     STQ_NR3_G_4     um28nchllogl35hsl140f_ssgwc0p9v125c
                                                          2.184000  
U4601                     STQ_OR2_4       um28nchllogl35hsl140f_ssgwc0p9v125c
                                                          1.512000  
U4602                     STQ_INV_3P5     um28nchllogl35hsl140f_ssgwc0p9v125c
                                                          0.840000  
U4603                     STQ_EN3_3       um28nchllogl35hsl140f_ssgwc0p9v125c
                                                          4.032000  
U4604                     STQ_NR3_G_3     um28nchllogl35hsl140f_ssgwc0p9v125c
                                                          1.680000  
U4605                     STQ_INV_3P5     um28nchllogl35hsl140f_ssgwc0p9v125c
                                                          0.840000  
U4606                     STQ_NR2_G_3P5   um28nchllogl35hsl140f_ssgwc0p9v125c
                                                          1.512000  
U4607                     STQ_ND3_4       um28nchllogl35hsl140f_ssgwc0p9v125c
                                                          2.184000  
U4608                     STQ_INV_7P5     um28nchllogl35hsl140f_ssgwc0p9v125c
                                                          1.512000  
U4609                     STQ_ND3_1       um28nchllogl35hsl140f_ssgwc0p9v125c
                                                          0.672000  
U4610                     STQ_INV_3P5     um28nchllogl35hsl140f_ssgwc0p9v125c
                                                          0.840000  
U4611                     STQ_NR2_G_4     um28nchllogl35hsl140f_ssgwc0p9v125c
                                                          1.512000  
U4612                     STQ_NR2_G_4     um28nchllogl35hsl140f_ssgwc0p9v125c
                                                          1.512000  
U4613                     STQ_NR2B_6      um28nchllogl35hsl140f_ssgwc0p9v125c
                                                          2.688000  
U4614                     STQ_NR2_G_12    um28nchllogl35hsl140f_ssgwc0p9v125c
                                                          4.200000  
U4615                     STQ_NR2_G_4     um28nchllogl35hsl140f_ssgwc0p9v125c
                                                          1.512000  
U4616                     STQ_EO3_3       um28nchllogl35hsl140f_ssgwc0p9v125c
                                                          4.200000  
U4617                     STQ_NR3_G_4     um28nchllogl35hsl140f_ssgwc0p9v125c
                                                          2.184000  
U4618                     STQ_BUF_U_1     um28nchllogl35hsl140f_ssgwc0p9v125c
                                                          0.504000  
U4619                     STQ_ND3_5       um28nchllogl35hsl140f_ssgwc0p9v125c
                                                          2.688000  
U4620                     STQ_NR2_2       um28nchllogl35hsl140f_ssgwc0p9v125c
                                                          0.840000  
U4621                     STQ_NR2_2       um28nchllogl35hsl140f_ssgwc0p9v125c
                                                          0.840000  
U4622                     STQ_OR2_4       um28nchllogl35hsl140f_ssgwc0p9v125c
                                                          1.512000  
U4623                     STQ_NR2_2       um28nchllogl35hsl140f_ssgwc0p9v125c
                                                          0.840000  
U4624                     STQ_ND2B_8      um28nchllogl35hsl140f_ssgwc0p9v125c
                                                          3.528000  
U4625                     STQ_ND3_5       um28nchllogl35hsl140f_ssgwc0p9v125c
                                                          2.688000  
U4626                     STQ_NR2_G_0P5   um28nchllogl35hsl140f_ssgwc0p9v125c
                                                          0.504000  
U4627                     STQ_ND2_S_0P8   um28nchllogl35hsl140f_ssgwc0p9v125c
                                                          0.504000  
U4628                     STQ_EO3_3       um28nchllogl35hsl140f_ssgwc0p9v125c
                                                          4.200000  
U4629                     STQ_EN2_6       um28nchllogl35hsl140f_ssgwc0p9v125c
                                                          4.536000  
U4630                     STQ_EN2_8       um28nchllogl35hsl140f_ssgwc0p9v125c
                                                          5.880000  
U4631                     STQ_ND2_S_1     um28nchllogl35hsl140f_ssgwc0p9v125c
                                                          0.504000  
U4632                     STQ_OR3_8       um28nchllogl35hsl140f_ssgwc0p9v125c
                                                          3.528000  
U4633                     STQ_OAI21_1     um28nchllogl35hsl140f_ssgwc0p9v125c
                                                          0.672000  
U4634                     STQ_EO2_3       um28nchllogl35hsl140f_ssgwc0p9v125c
                                                          2.856000  
U4635                     STQ_EN3_3       um28nchllogl35hsl140f_ssgwc0p9v125c
                                                          4.032000  
U4636                     STQ_EN3_3       um28nchllogl35hsl140f_ssgwc0p9v125c
                                                          4.032000  
U4637                     STQ_ND3_5       um28nchllogl35hsl140f_ssgwc0p9v125c
                                                          2.688000  
U4638                     STQ_EN2_S_1     um28nchllogl35hsl140f_ssgwc0p9v125c
                                                          1.512000  
U4639                     STQ_INV_S_1     um28nchllogl35hsl140f_ssgwc0p9v125c
                                                          0.336000  
U4640                     STQ_EO2_6       um28nchllogl35hsl140f_ssgwc0p9v125c
                                                          4.536000  
U4641                     STQ_ND3_5       um28nchllogl35hsl140f_ssgwc0p9v125c
                                                          2.688000  
U4642                     STQ_ND2_16      um28nchllogl35hsl140f_ssgwc0p9v125c
                                                          5.544000  
U4643                     STQ_NR3_G_5     um28nchllogl35hsl140f_ssgwc0p9v125c
                                                          2.688000  
U4644                     STQ_ND4_MM_8    um28nchllogl35hsl140f_ssgwc0p9v125c
                                                          4.536000  
U4645                     STQ_ND4_MM_8    um28nchllogl35hsl140f_ssgwc0p9v125c
                                                          4.536000  
U4646                     STQ_ND2_S_10    um28nchllogl35hsl140f_ssgwc0p9v125c
                                                          2.856000  
U4647                     STQ_NR3_G_4     um28nchllogl35hsl140f_ssgwc0p9v125c
                                                          2.184000  
U4648                     STQ_NR3_G_4     um28nchllogl35hsl140f_ssgwc0p9v125c
                                                          2.184000  
U4649                     STQ_ND2_S_1     um28nchllogl35hsl140f_ssgwc0p9v125c
                                                          0.504000  
U4650                     STQ_ND2_S_1     um28nchllogl35hsl140f_ssgwc0p9v125c
                                                          0.504000  
U4651                     STQ_ND2_S_1     um28nchllogl35hsl140f_ssgwc0p9v125c
                                                          0.504000  
U4652                     STQ_OR3_4       um28nchllogl35hsl140f_ssgwc0p9v125c
                                                          1.848000  
U4653                     STQ_ND2_S_1     um28nchllogl35hsl140f_ssgwc0p9v125c
                                                          0.504000  
U4654                     STQ_ND2_S_1     um28nchllogl35hsl140f_ssgwc0p9v125c
                                                          0.504000  
U4655                     STQ_INV_4       um28nchllogl35hsl140f_ssgwc0p9v125c
                                                          0.840000  
U4656                     STQ_ND2_S_0P8   um28nchllogl35hsl140f_ssgwc0p9v125c
                                                          0.504000  
U4657                     STQ_ND2_G_3     um28nchllogl35hsl140f_ssgwc0p9v125c
                                                          1.176000  
U4658                     STQ_INV_3P5     um28nchllogl35hsl140f_ssgwc0p9v125c
                                                          0.840000  
U4659                     STQ_OR3B_4      um28nchllogl35hsl140f_ssgwc0p9v125c
                                                          2.184000  
U4660                     STQ_NR3_G_4     um28nchllogl35hsl140f_ssgwc0p9v125c
                                                          2.184000  
U4661                     STQ_EN2_8       um28nchllogl35hsl140f_ssgwc0p9v125c
                                                          5.880000  
U4662                     STQ_ND4_MM_8    um28nchllogl35hsl140f_ssgwc0p9v125c
                                                          4.536000  
U4663                     STQ_BUF_S_20    um28nchllogl35hsl140f_ssgwc0p9v125c
                                                          5.208000  
U4664                     STQ_EN2_8       um28nchllogl35hsl140f_ssgwc0p9v125c
                                                          5.880000  
U4665                     STQ_NR2_2       um28nchllogl35hsl140f_ssgwc0p9v125c
                                                          0.840000  
U4666                     STQ_NR2_G_3P5   um28nchllogl35hsl140f_ssgwc0p9v125c
                                                          1.512000  
U4667                     STQ_EN3_6       um28nchllogl35hsl140f_ssgwc0p9v125c
                                                          6.888000  
U4668                     STQ_NR2_G_4     um28nchllogl35hsl140f_ssgwc0p9v125c
                                                          1.512000  
U4669                     STQ_ND2B_4      um28nchllogl35hsl140f_ssgwc0p9v125c
                                                          1.848000  
U4670                     STQ_ND3B_4      um28nchllogl35hsl140f_ssgwc0p9v125c
                                                          2.520000  
U4671                     STQ_NR2_1P5     um28nchllogl35hsl140f_ssgwc0p9v125c
                                                          0.840000  
U4672                     STQ_NR2_2       um28nchllogl35hsl140f_ssgwc0p9v125c
                                                          0.840000  
U4673                     STQ_EN2_8       um28nchllogl35hsl140f_ssgwc0p9v125c
                                                          5.880000  
U4674                     STQ_EN3_3       um28nchllogl35hsl140f_ssgwc0p9v125c
                                                          4.032000  
U4675                     STQ_NR3_G_0P8   um28nchllogl35hsl140f_ssgwc0p9v125c
                                                          0.672000  
U4676                     STQ_NR2_G_0P5   um28nchllogl35hsl140f_ssgwc0p9v125c
                                                          0.504000  
U4677                     STQ_EO2_6       um28nchllogl35hsl140f_ssgwc0p9v125c
                                                          4.536000  
U4678                     STQ_ND2B_4      um28nchllogl35hsl140f_ssgwc0p9v125c
                                                          1.848000  
U4679                     STQ_NR2_2       um28nchllogl35hsl140f_ssgwc0p9v125c
                                                          0.840000  
U4680                     STQ_NR3_G_5     um28nchllogl35hsl140f_ssgwc0p9v125c
                                                          2.688000  
U4681                     STQ_NR2_G_4     um28nchllogl35hsl140f_ssgwc0p9v125c
                                                          1.512000  
U4682                     STQ_INV_S_0P65  um28nchllogl35hsl140f_ssgwc0p9v125c
                                                          0.336000  
U4683                     STQ_NR2_G_3P5   um28nchllogl35hsl140f_ssgwc0p9v125c
                                                          1.512000  
U4684                     STQ_AO2BB2_0P5  um28nchllogl35hsl140f_ssgwc0p9v125c
                                                          1.008000  
U4685                     STQ_AO2BB2_0P5  um28nchllogl35hsl140f_ssgwc0p9v125c
                                                          1.008000  
U4686                     STQ_ND2_S_5     um28nchllogl35hsl140f_ssgwc0p9v125c
                                                          1.512000  
U4687                     STQ_NR3_G_4     um28nchllogl35hsl140f_ssgwc0p9v125c
                                                          2.184000  
U4688                     STQ_ND2B_V1DG_4 um28nchllogl35hsl140f_ssgwc0p9v125c
                                                          1.680000  
U4689                     STQ_EN2_8       um28nchllogl35hsl140f_ssgwc0p9v125c
                                                          5.880000  
U4690                     STQ_EN2_8       um28nchllogl35hsl140f_ssgwc0p9v125c
                                                          5.880000  
U4691                     STQ_EN3_3       um28nchllogl35hsl140f_ssgwc0p9v125c
                                                          4.032000  
U4692                     STQ_EN3_3       um28nchllogl35hsl140f_ssgwc0p9v125c
                                                          4.032000  
U4693                     STQ_ND2B_4      um28nchllogl35hsl140f_ssgwc0p9v125c
                                                          1.848000  
U4694                     STQ_ND3_5       um28nchllogl35hsl140f_ssgwc0p9v125c
                                                          2.688000  
U4695                     STQ_ND2B_MM_1   um28nchllogl35hsl140f_ssgwc0p9v125c
                                                          0.672000  
U4696                     STQ_ND2B_MM_1   um28nchllogl35hsl140f_ssgwc0p9v125c
                                                          0.672000  
U4697                     STQ_ND4_MM_1    um28nchllogl35hsl140f_ssgwc0p9v125c
                                                          0.840000  
U4698                     STQ_ND2_5       um28nchllogl35hsl140f_ssgwc0p9v125c
                                                          1.848000  
U4699                     STQ_NR2_G_4     um28nchllogl35hsl140f_ssgwc0p9v125c
                                                          1.512000  
U4700                     STQ_AO2BB2_0P5  um28nchllogl35hsl140f_ssgwc0p9v125c
                                                          1.008000  
U4701                     STQ_EN3_3       um28nchllogl35hsl140f_ssgwc0p9v125c
                                                          4.032000  
U4702                     STQ_EN3_6       um28nchllogl35hsl140f_ssgwc0p9v125c
                                                          6.888000  
U4703                     STQ_EN3_3       um28nchllogl35hsl140f_ssgwc0p9v125c
                                                          4.032000  
U4704                     STQ_EO2_3       um28nchllogl35hsl140f_ssgwc0p9v125c
                                                          2.856000  
U4705                     STQ_EN3_3       um28nchllogl35hsl140f_ssgwc0p9v125c
                                                          4.032000  
U4706                     STQ_EO3_3       um28nchllogl35hsl140f_ssgwc0p9v125c
                                                          4.200000  
U4707                     STQ_EN2_8       um28nchllogl35hsl140f_ssgwc0p9v125c
                                                          5.880000  
U4708                     STQ_NR2_G_4     um28nchllogl35hsl140f_ssgwc0p9v125c
                                                          1.512000  
U4709                     STQ_NR2B_V1DG_1 um28nchllogl35hsl140f_ssgwc0p9v125c
                                                          0.672000  
U4710                     STQ_INV_4       um28nchllogl35hsl140f_ssgwc0p9v125c
                                                          0.840000  
U4711                     STQ_NR2_G_0P5   um28nchllogl35hsl140f_ssgwc0p9v125c
                                                          0.504000  
U4712                     STQ_ND3_4       um28nchllogl35hsl140f_ssgwc0p9v125c
                                                          2.184000  
U4713                     STQ_NR2_1       um28nchllogl35hsl140f_ssgwc0p9v125c
                                                          0.504000  
U4714                     STQ_ND3_4       um28nchllogl35hsl140f_ssgwc0p9v125c
                                                          2.184000  
U4715                     STQ_EN2_6       um28nchllogl35hsl140f_ssgwc0p9v125c
                                                          4.536000  
U4716                     STQ_EN2_S_2     um28nchllogl35hsl140f_ssgwc0p9v125c
                                                          1.680000  
U4717                     STQ_EN2_8       um28nchllogl35hsl140f_ssgwc0p9v125c
                                                          5.880000  
U4718                     STQ_ND3_3       um28nchllogl35hsl140f_ssgwc0p9v125c
                                                          1.680000  
U4719                     STQ_OR2_1       um28nchllogl35hsl140f_ssgwc0p9v125c
                                                          0.672000  
U4720                     STQ_NR2_G_6     um28nchllogl35hsl140f_ssgwc0p9v125c
                                                          2.184000  
U4721                     STQ_ND3_3       um28nchllogl35hsl140f_ssgwc0p9v125c
                                                          1.680000  
U4722                     STQ_ND3_5       um28nchllogl35hsl140f_ssgwc0p9v125c
                                                          2.688000  
U4723                     STQ_EN2_4       um28nchllogl35hsl140f_ssgwc0p9v125c
                                                          3.024000  
U4724                     STQ_EN3_3       um28nchllogl35hsl140f_ssgwc0p9v125c
                                                          4.032000  
U4725                     STQ_EN3_3       um28nchllogl35hsl140f_ssgwc0p9v125c
                                                          4.032000  
U4726                     STQ_EN3_3       um28nchllogl35hsl140f_ssgwc0p9v125c
                                                          4.032000  
U4727                     STQ_EN3_6       um28nchllogl35hsl140f_ssgwc0p9v125c
                                                          6.888000  
U4728                     STQ_EN3_3       um28nchllogl35hsl140f_ssgwc0p9v125c
                                                          4.032000  
U4729                     STQ_EN2_6       um28nchllogl35hsl140f_ssgwc0p9v125c
                                                          4.536000  
U4730                     STQ_EN2_4       um28nchllogl35hsl140f_ssgwc0p9v125c
                                                          3.024000  
U4731                     STQ_NR2_G_2P5   um28nchllogl35hsl140f_ssgwc0p9v125c
                                                          1.176000  
U4732                     STQ_NR3_G_4     um28nchllogl35hsl140f_ssgwc0p9v125c
                                                          2.184000  
U4733                     STQ_ND2B_V1DG_1 um28nchllogl35hsl140f_ssgwc0p9v125c
                                                          0.672000  
U4734                     STQ_NR2_G_0P5   um28nchllogl35hsl140f_ssgwc0p9v125c
                                                          0.504000  
U4735                     STQ_INV_7P5     um28nchllogl35hsl140f_ssgwc0p9v125c
                                                          1.512000  
U4736                     STQ_OR3B_4      um28nchllogl35hsl140f_ssgwc0p9v125c
                                                          2.184000  
U4737                     STQ_NR3_G_4     um28nchllogl35hsl140f_ssgwc0p9v125c
                                                          2.184000  
U4738                     STQ_NR2B_V1DG_1 um28nchllogl35hsl140f_ssgwc0p9v125c
                                                          0.672000  
U4739                     STQ_ND2B_MM_1   um28nchllogl35hsl140f_ssgwc0p9v125c
                                                          0.672000  
U4740                     STQ_NR2_1P5     um28nchllogl35hsl140f_ssgwc0p9v125c
                                                          0.840000  
U4741                     STQ_NR2_G_0P8   um28nchllogl35hsl140f_ssgwc0p9v125c
                                                          0.504000  
U4742                     STQ_ND2_S_5     um28nchllogl35hsl140f_ssgwc0p9v125c
                                                          1.512000  
U4743                     STQ_ND2B_4      um28nchllogl35hsl140f_ssgwc0p9v125c
                                                          1.848000  
U4744                     STQ_NR2_G_6     um28nchllogl35hsl140f_ssgwc0p9v125c
                                                          2.184000  
U4745                     STQ_NR2_G_4     um28nchllogl35hsl140f_ssgwc0p9v125c
                                                          1.512000  
U4746                     STQ_AOI21_0P75  um28nchllogl35hsl140f_ssgwc0p9v125c
                                                          0.672000  
U4747                     STQ_ND4_MM_8    um28nchllogl35hsl140f_ssgwc0p9v125c
                                                          4.536000  
U4748                     STQ_ND3_5       um28nchllogl35hsl140f_ssgwc0p9v125c
                                                          2.688000  
U4749                     STQ_NR2_G_0P8   um28nchllogl35hsl140f_ssgwc0p9v125c
                                                          0.504000  
U4750                     STQ_NR2_G_0P8   um28nchllogl35hsl140f_ssgwc0p9v125c
                                                          0.504000  
U4751                     STQ_NR2_G_0P8   um28nchllogl35hsl140f_ssgwc0p9v125c
                                                          0.504000  
U4752                     STQ_NR2_1       um28nchllogl35hsl140f_ssgwc0p9v125c
                                                          0.504000  
U4753                     STQ_NR2_1       um28nchllogl35hsl140f_ssgwc0p9v125c
                                                          0.504000  
U4754                     STQ_NR2_G_0P8   um28nchllogl35hsl140f_ssgwc0p9v125c
                                                          0.504000  
U4755                     STQ_NR2_G_0P8   um28nchllogl35hsl140f_ssgwc0p9v125c
                                                          0.504000  
U4756                     STQ_NR2_G_0P8   um28nchllogl35hsl140f_ssgwc0p9v125c
                                                          0.504000  
U4757                     STQ_NR2_G_0P8   um28nchllogl35hsl140f_ssgwc0p9v125c
                                                          0.504000  
U4758                     STQ_NR2_G_0P8   um28nchllogl35hsl140f_ssgwc0p9v125c
                                                          0.504000  
U4759                     STQ_NR2_G_0P8   um28nchllogl35hsl140f_ssgwc0p9v125c
                                                          0.504000  
U4760                     STQ_NR2_G_0P8   um28nchllogl35hsl140f_ssgwc0p9v125c
                                                          0.504000  
U4761                     STQ_NR2_G_0P8   um28nchllogl35hsl140f_ssgwc0p9v125c
                                                          0.504000  
U4762                     STQ_NR3_G_1P5   um28nchllogl35hsl140f_ssgwc0p9v125c
                                                          1.176000  
U4763                     STQ_NR3_G_1P5   um28nchllogl35hsl140f_ssgwc0p9v125c
                                                          1.176000  
U4764                     STQ_OR2_10      um28nchllogl35hsl140f_ssgwc0p9v125c
                                                          3.528000  
U4765                     STQ_INV_3P5     um28nchllogl35hsl140f_ssgwc0p9v125c
                                                          0.840000  
U4766                     STQ_ND2_1P5     um28nchllogl35hsl140f_ssgwc0p9v125c
                                                          0.840000  
U4767                     STQ_NR2B_1P5    um28nchllogl35hsl140f_ssgwc0p9v125c
                                                          1.008000  
U4768                     STQ_NR2_2       um28nchllogl35hsl140f_ssgwc0p9v125c
                                                          0.840000  
U4769                     STQ_NR2B_2      um28nchllogl35hsl140f_ssgwc0p9v125c
                                                          1.008000  
U4770                     STQ_EN3_6       um28nchllogl35hsl140f_ssgwc0p9v125c
                                                          6.888000  
U4771                     STQ_ND2_G_4     um28nchllogl35hsl140f_ssgwc0p9v125c
                                                          1.512000  
U4772                     STQ_EN3_6       um28nchllogl35hsl140f_ssgwc0p9v125c
                                                          6.888000  
U4773                     STQ_ND3B_4      um28nchllogl35hsl140f_ssgwc0p9v125c
                                                          2.520000  
U4774                     STQ_NR3_G_8     um28nchllogl35hsl140f_ssgwc0p9v125c
                                                          4.200000  
U4775                     STQ_OR3B_4      um28nchllogl35hsl140f_ssgwc0p9v125c
                                                          2.184000  
U4776                     STQ_NR3_G_0P8   um28nchllogl35hsl140f_ssgwc0p9v125c
                                                          0.672000  
U4777                     STQ_ND2_G_1     um28nchllogl35hsl140f_ssgwc0p9v125c
                                                          0.504000  
U4778                     STQ_OR2_4       um28nchllogl35hsl140f_ssgwc0p9v125c
                                                          1.512000  
U4779                     STQ_NR2_2       um28nchllogl35hsl140f_ssgwc0p9v125c
                                                          0.840000  
U4780                     STQ_NR2_2       um28nchllogl35hsl140f_ssgwc0p9v125c
                                                          0.840000  
U4781                     STQ_AOAI211_0P75
                                          um28nchllogl35hsl140f_ssgwc0p9v125c
                                                          0.840000  
U4782                     STQ_INV_S_1     um28nchllogl35hsl140f_ssgwc0p9v125c
                                                          0.336000  
U4783                     STQ_NR2_G_4     um28nchllogl35hsl140f_ssgwc0p9v125c
                                                          1.512000  
U4784                     STQ_ND2B_2      um28nchllogl35hsl140f_ssgwc0p9v125c
                                                          1.008000  
U4785                     STQ_INV_4       um28nchllogl35hsl140f_ssgwc0p9v125c
                                                          0.840000  
U4786                     STQ_EN3_6       um28nchllogl35hsl140f_ssgwc0p9v125c
                                                          6.888000  
U4787                     STQ_INV_S_24    um28nchllogl35hsl140f_ssgwc0p9v125c
                                                          4.368000  
U4788                     STQ_INV_S_24    um28nchllogl35hsl140f_ssgwc0p9v125c
                                                          4.368000  
U4789                     STQ_EN2_8       um28nchllogl35hsl140f_ssgwc0p9v125c
                                                          5.880000  
U4790                     STQ_NR2_3       um28nchllogl35hsl140f_ssgwc0p9v125c
                                                          1.176000  
U4791                     STQ_INV_18      um28nchllogl35hsl140f_ssgwc0p9v125c
                                                          3.192000  
U4792                     STQ_EN2_6       um28nchllogl35hsl140f_ssgwc0p9v125c
                                                          4.536000  
U4793                     STQ_OAI21_0P5   um28nchllogl35hsl140f_ssgwc0p9v125c
                                                          0.672000  
U4794                     STQ_EO3_3       um28nchllogl35hsl140f_ssgwc0p9v125c
                                                          4.200000  
U4795                     STQ_INV_2       um28nchllogl35hsl140f_ssgwc0p9v125c
                                                          0.504000  
U4796                     STQ_ND2_G_3     um28nchllogl35hsl140f_ssgwc0p9v125c
                                                          1.176000  
U4797                     STQ_EN3_6       um28nchllogl35hsl140f_ssgwc0p9v125c
                                                          6.888000  
U4798                     STQ_NR2_G_12    um28nchllogl35hsl140f_ssgwc0p9v125c
                                                          4.200000  
U4799                     STQ_OAI21_0P5   um28nchllogl35hsl140f_ssgwc0p9v125c
                                                          0.672000  
U4800                     STQ_ND2_S_5     um28nchllogl35hsl140f_ssgwc0p9v125c
                                                          1.512000  
U4801                     STQ_EN2_8       um28nchllogl35hsl140f_ssgwc0p9v125c
                                                          5.880000  
U4802                     STQ_ND3_2       um28nchllogl35hsl140f_ssgwc0p9v125c
                                                          1.176000  
U4803                     STQ_OAI21_1     um28nchllogl35hsl140f_ssgwc0p9v125c
                                                          0.672000  
U4804                     STQ_NR2_2       um28nchllogl35hsl140f_ssgwc0p9v125c
                                                          0.840000  
U4805                     STQ_NR2_1       um28nchllogl35hsl140f_ssgwc0p9v125c
                                                          0.504000  
U4806                     STQ_NR2B_1      um28nchllogl35hsl140f_ssgwc0p9v125c
                                                          0.672000  
U4807                     STQ_OR3B_4      um28nchllogl35hsl140f_ssgwc0p9v125c
                                                          2.184000  
U4808                     STQ_EN3_3       um28nchllogl35hsl140f_ssgwc0p9v125c
                                                          4.032000  
U4809                     STQ_EN3_3       um28nchllogl35hsl140f_ssgwc0p9v125c
                                                          4.032000  
U4810                     STQ_EO2_S_6     um28nchllogl35hsl140f_ssgwc0p9v125c
                                                          4.032000  
U4811                     STQ_NR4_2       um28nchllogl35hsl140f_ssgwc0p9v125c
                                                          1.512000  
U4812                     STQ_ND2_G_2     um28nchllogl35hsl140f_ssgwc0p9v125c
                                                          0.840000  
U4813                     STQ_NR4_1       um28nchllogl35hsl140f_ssgwc0p9v125c
                                                          0.840000  
U4814                     STQ_OR2_2       um28nchllogl35hsl140f_ssgwc0p9v125c
                                                          0.840000  
U4815                     STQ_NR2B_V1DG_1 um28nchllogl35hsl140f_ssgwc0p9v125c
                                                          0.672000  
U4816                     STQ_NR4_8       um28nchllogl35hsl140f_ssgwc0p9v125c
                                                          5.208000  
U4817                     STQ_ND2B_1      um28nchllogl35hsl140f_ssgwc0p9v125c
                                                          0.672000  
U4818                     STQ_EN2_8       um28nchllogl35hsl140f_ssgwc0p9v125c
                                                          5.880000  
U4819                     STQ_EO2_2       um28nchllogl35hsl140f_ssgwc0p9v125c
                                                          1.680000  
U4820                     STQ_EN2_6       um28nchllogl35hsl140f_ssgwc0p9v125c
                                                          4.536000  
U4821                     STQ_ND2B_4      um28nchllogl35hsl140f_ssgwc0p9v125c
                                                          1.848000  
U4822                     STQ_ND2_G_2     um28nchllogl35hsl140f_ssgwc0p9v125c
                                                          0.840000  
U4823                     STQ_NR2_G_12    um28nchllogl35hsl140f_ssgwc0p9v125c
                                                          4.200000  
U4824                     STQ_NR2_2       um28nchllogl35hsl140f_ssgwc0p9v125c
                                                          0.840000  
U4825                     STQ_ND3_5       um28nchllogl35hsl140f_ssgwc0p9v125c
                                                          2.688000  
U4826                     STQ_NR4_4       um28nchllogl35hsl140f_ssgwc0p9v125c
                                                          2.856000  
U4827                     STQ_OAI21_3     um28nchllogl35hsl140f_ssgwc0p9v125c
                                                          1.680000  
U4828                     STQ_NR3_G_8     um28nchllogl35hsl140f_ssgwc0p9v125c
                                                          4.200000  
U4829                     STQ_OAI211_4    um28nchllogl35hsl140f_ssgwc0p9v125c
                                                          2.856000  
U4830                     STQ_NR2_2       um28nchllogl35hsl140f_ssgwc0p9v125c
                                                          0.840000  
U4831                     STQ_INV_3       um28nchllogl35hsl140f_ssgwc0p9v125c
                                                          0.672000  
U4832                     STQ_NR3_G_8     um28nchllogl35hsl140f_ssgwc0p9v125c
                                                          4.200000  
U4833                     STQ_NR2_G_12    um28nchllogl35hsl140f_ssgwc0p9v125c
                                                          4.200000  
U4834                     STQ_INV_18      um28nchllogl35hsl140f_ssgwc0p9v125c
                                                          3.192000  
U4835                     STQ_ND4_0P5     um28nchllogl35hsl140f_ssgwc0p9v125c
                                                          0.840000  
U4836                     STQ_INV_S_0P65  um28nchllogl35hsl140f_ssgwc0p9v125c
                                                          0.336000  
U4837                     STQ_ND3_0P5     um28nchllogl35hsl140f_ssgwc0p9v125c
                                                          0.672000  
U4838                     STQ_INV_S_0P65  um28nchllogl35hsl140f_ssgwc0p9v125c
                                                          0.336000  
U4839                     STQ_NR2_G_4     um28nchllogl35hsl140f_ssgwc0p9v125c
                                                          1.512000  
U4840                     STQ_ND2_S_0P8   um28nchllogl35hsl140f_ssgwc0p9v125c
                                                          0.504000  
U4841                     STQ_ND2_G_1     um28nchllogl35hsl140f_ssgwc0p9v125c
                                                          0.504000  
U4842                     STQ_ND2_S_0P8   um28nchllogl35hsl140f_ssgwc0p9v125c
                                                          0.504000  
U4843                     STQ_ND3_2       um28nchllogl35hsl140f_ssgwc0p9v125c
                                                          1.176000  
U4844                     STQ_ND2_G_2     um28nchllogl35hsl140f_ssgwc0p9v125c
                                                          0.840000  
U4845                     STQ_OR2_1       um28nchllogl35hsl140f_ssgwc0p9v125c
                                                          0.672000  
U4846                     STQ_EO2_3       um28nchllogl35hsl140f_ssgwc0p9v125c
                                                          2.856000  
U4847                     STQ_EN2_4       um28nchllogl35hsl140f_ssgwc0p9v125c
                                                          3.024000  
U4848                     STQ_EN2_S_2     um28nchllogl35hsl140f_ssgwc0p9v125c
                                                          1.680000  
U4849                     STQ_EN2_4       um28nchllogl35hsl140f_ssgwc0p9v125c
                                                          3.024000  
U4850                     STQ_INV_2       um28nchllogl35hsl140f_ssgwc0p9v125c
                                                          0.504000  
U4851                     STQ_EO2_S_2     um28nchllogl35hsl140f_ssgwc0p9v125c
                                                          1.512000  
U4852                     STQ_ND3_1       um28nchllogl35hsl140f_ssgwc0p9v125c
                                                          0.672000  
U4853                     STQ_INV_2       um28nchllogl35hsl140f_ssgwc0p9v125c
                                                          0.504000  
U4854                     STQ_ND2B_1      um28nchllogl35hsl140f_ssgwc0p9v125c
                                                          0.672000  
U4855                     STQ_ND3_1       um28nchllogl35hsl140f_ssgwc0p9v125c
                                                          0.672000  
U4856                     STQ_NR2_2       um28nchllogl35hsl140f_ssgwc0p9v125c
                                                          0.840000  
U4857                     STQ_OR2_1       um28nchllogl35hsl140f_ssgwc0p9v125c
                                                          0.672000  
U4858                     STQ_ND2_G_1     um28nchllogl35hsl140f_ssgwc0p9v125c
                                                          0.504000  
U4859                     STQ_ND2_S_0P8   um28nchllogl35hsl140f_ssgwc0p9v125c
                                                          0.504000  
U4860                     STQ_OR2_1       um28nchllogl35hsl140f_ssgwc0p9v125c
                                                          0.672000  
U4861                     STQ_INV_S_0P65  um28nchllogl35hsl140f_ssgwc0p9v125c
                                                          0.336000  
U4862                     STQ_INV_S_0P65  um28nchllogl35hsl140f_ssgwc0p9v125c
                                                          0.336000  
U4863                     STQ_ND2B_1      um28nchllogl35hsl140f_ssgwc0p9v125c
                                                          0.672000  
U4864                     STQ_NR2_G_0P5   um28nchllogl35hsl140f_ssgwc0p9v125c
                                                          0.504000  
U4865                     STQ_INV_S_0P65  um28nchllogl35hsl140f_ssgwc0p9v125c
                                                          0.336000  
U4866                     STQ_OR3B_2      um28nchllogl35hsl140f_ssgwc0p9v125c
                                                          1.176000  
U4867                     STQ_ND2B_1      um28nchllogl35hsl140f_ssgwc0p9v125c
                                                          0.672000  
U4868                     STQ_INV_S_1     um28nchllogl35hsl140f_ssgwc0p9v125c
                                                          0.336000  
U4869                     STQ_AN2_1       um28nchllogl35hsl140f_ssgwc0p9v125c
                                                          0.672000  
U4870                     STQ_INV_S_0P65  um28nchllogl35hsl140f_ssgwc0p9v125c
                                                          0.336000  
U4871                     STQ_NR3_G_1     um28nchllogl35hsl140f_ssgwc0p9v125c
                                                          0.672000  
U4872                     STQ_OR2_1       um28nchllogl35hsl140f_ssgwc0p9v125c
                                                          0.672000  
U4873                     STQ_OR2_1       um28nchllogl35hsl140f_ssgwc0p9v125c
                                                          0.672000  
U4874                     STQ_OR3_L_1     um28nchllogl35hsl140f_ssgwc0p9v125c
                                                          0.840000  
U4875                     STQ_OR2_1       um28nchllogl35hsl140f_ssgwc0p9v125c
                                                          0.672000  
U4876                     STQ_OR2_1       um28nchllogl35hsl140f_ssgwc0p9v125c
                                                          0.672000  
U4877                     STQ_ND4_0P5     um28nchllogl35hsl140f_ssgwc0p9v125c
                                                          0.840000  
U4878                     STQ_INV_S_0P65  um28nchllogl35hsl140f_ssgwc0p9v125c
                                                          0.336000  
U4879                     STQ_NR2_1       um28nchllogl35hsl140f_ssgwc0p9v125c
                                                          0.504000  
U4880                     STQ_OR2_1       um28nchllogl35hsl140f_ssgwc0p9v125c
                                                          0.672000  
U4881                     STQ_ND4_MM_1    um28nchllogl35hsl140f_ssgwc0p9v125c
                                                          0.840000  
U4882                     STQ_INV_S_0P65  um28nchllogl35hsl140f_ssgwc0p9v125c
                                                          0.336000  
U4883                     STQ_ND2_G_1     um28nchllogl35hsl140f_ssgwc0p9v125c
                                                          0.504000  
U4884                     STQ_OR2_1       um28nchllogl35hsl140f_ssgwc0p9v125c
                                                          0.672000  
U4885                     STQ_OR2_1       um28nchllogl35hsl140f_ssgwc0p9v125c
                                                          0.672000  
U4886                     STQ_INV_S_0P65  um28nchllogl35hsl140f_ssgwc0p9v125c
                                                          0.336000  
U4887                     STQ_OR2_1       um28nchllogl35hsl140f_ssgwc0p9v125c
                                                          0.672000  
U4888                     STQ_OR2_1       um28nchllogl35hsl140f_ssgwc0p9v125c
                                                          0.672000  
U4889                     STQ_OR2_1       um28nchllogl35hsl140f_ssgwc0p9v125c
                                                          0.672000  
U4890                     STQ_INV_S_1     um28nchllogl35hsl140f_ssgwc0p9v125c
                                                          0.336000  
U4891                     STQ_ND2_G_1     um28nchllogl35hsl140f_ssgwc0p9v125c
                                                          0.504000  
U4892                     STQ_ND2_G_1     um28nchllogl35hsl140f_ssgwc0p9v125c
                                                          0.504000  
U4893                     STQ_ND2_G_1     um28nchllogl35hsl140f_ssgwc0p9v125c
                                                          0.504000  
U4894                     STQ_OR2_1       um28nchllogl35hsl140f_ssgwc0p9v125c
                                                          0.672000  
U4895                     STQ_OR3_1       um28nchllogl35hsl140f_ssgwc0p9v125c
                                                          0.840000  
U4896                     STQ_INV_S_0P65  um28nchllogl35hsl140f_ssgwc0p9v125c
                                                          0.336000  
U4897                     STQ_OR2_1       um28nchllogl35hsl140f_ssgwc0p9v125c
                                                          0.672000  
U4898                     STQ_ND2_G_1     um28nchllogl35hsl140f_ssgwc0p9v125c
                                                          0.504000  
U4899                     STQ_INV_2       um28nchllogl35hsl140f_ssgwc0p9v125c
                                                          0.504000  
U4900                     STQ_ND2_G_1     um28nchllogl35hsl140f_ssgwc0p9v125c
                                                          0.504000  
U4901                     STQ_OR2_2       um28nchllogl35hsl140f_ssgwc0p9v125c
                                                          0.840000  
U4902                     STQ_INV_S_0P65  um28nchllogl35hsl140f_ssgwc0p9v125c
                                                          0.336000  
U4903                     STQ_INV_S_0P65  um28nchllogl35hsl140f_ssgwc0p9v125c
                                                          0.336000  
U4904                     STQ_OR4B_1      um28nchllogl35hsl140f_ssgwc0p9v125c
                                                          1.008000  
U4905                     STQ_INV_S_0P65  um28nchllogl35hsl140f_ssgwc0p9v125c
                                                          0.336000  
U4906                     STQ_NR2_2       um28nchllogl35hsl140f_ssgwc0p9v125c
                                                          0.840000  
U4907                     STQ_AN2_1       um28nchllogl35hsl140f_ssgwc0p9v125c
                                                          0.672000  
U4908                     STQ_OR2_1       um28nchllogl35hsl140f_ssgwc0p9v125c
                                                          0.672000  
U4909                     STQ_NR2B_1      um28nchllogl35hsl140f_ssgwc0p9v125c
                                                          0.672000  
U4910                     STQ_NR2_G_0P5   um28nchllogl35hsl140f_ssgwc0p9v125c
                                                          0.504000  
U4911                     STQ_NR2_1       um28nchllogl35hsl140f_ssgwc0p9v125c
                                                          0.504000  
U4912                     STQ_OR2_2       um28nchllogl35hsl140f_ssgwc0p9v125c
                                                          0.840000  
U4913                     STQ_ND2_S_0P8   um28nchllogl35hsl140f_ssgwc0p9v125c
                                                          0.504000  
U4914                     STQ_INV_S_1     um28nchllogl35hsl140f_ssgwc0p9v125c
                                                          0.336000  
U4915                     STQ_ND2_G_1     um28nchllogl35hsl140f_ssgwc0p9v125c
                                                          0.504000  
U4916                     STQ_NR2B_1      um28nchllogl35hsl140f_ssgwc0p9v125c
                                                          0.672000  
U4917                     STQ_OR2_1       um28nchllogl35hsl140f_ssgwc0p9v125c
                                                          0.672000  
U4918                     STQ_NR2_1       um28nchllogl35hsl140f_ssgwc0p9v125c
                                                          0.504000  
U4919                     STQ_INV_S_0P65  um28nchllogl35hsl140f_ssgwc0p9v125c
                                                          0.336000  
U4920                     STQ_OR2_1       um28nchllogl35hsl140f_ssgwc0p9v125c
                                                          0.672000  
U4921                     STQ_OR2_1       um28nchllogl35hsl140f_ssgwc0p9v125c
                                                          0.672000  
U4922                     STQ_INV_S_1     um28nchllogl35hsl140f_ssgwc0p9v125c
                                                          0.336000  
U4923                     STQ_ND3_2       um28nchllogl35hsl140f_ssgwc0p9v125c
                                                          1.176000  
U4924                     STQ_EO2_S_2     um28nchllogl35hsl140f_ssgwc0p9v125c
                                                          1.512000  
U4925                     STQ_EO2_3       um28nchllogl35hsl140f_ssgwc0p9v125c
                                                          2.856000  
U4926                     STQ_EN2_4       um28nchllogl35hsl140f_ssgwc0p9v125c
                                                          3.024000  
U4927                     STQ_EN2_4       um28nchllogl35hsl140f_ssgwc0p9v125c
                                                          3.024000  
U4928                     STQ_INV_3       um28nchllogl35hsl140f_ssgwc0p9v125c
                                                          0.672000  
U4929                     STQ_EO2_3       um28nchllogl35hsl140f_ssgwc0p9v125c
                                                          2.856000  
U4930                     STQ_EN2_4       um28nchllogl35hsl140f_ssgwc0p9v125c
                                                          3.024000  
U4931                     STQ_EN2_S_2     um28nchllogl35hsl140f_ssgwc0p9v125c
                                                          1.680000  
U4932                     STQ_EO2_S_2     um28nchllogl35hsl140f_ssgwc0p9v125c
                                                          1.512000  
U4933                     STQ_EO2_3       um28nchllogl35hsl140f_ssgwc0p9v125c
                                                          2.856000  
U4934                     STQ_EN2_4       um28nchllogl35hsl140f_ssgwc0p9v125c
                                                          3.024000  
U4935                     STQ_EO2_2       um28nchllogl35hsl140f_ssgwc0p9v125c
                                                          1.680000  
U4936                     STQ_EO2_2       um28nchllogl35hsl140f_ssgwc0p9v125c
                                                          1.680000  
U4937                     STQ_INV_S_1     um28nchllogl35hsl140f_ssgwc0p9v125c
                                                          0.336000  
U4938                     STQ_EN2_4       um28nchllogl35hsl140f_ssgwc0p9v125c
                                                          3.024000  
U4939                     STQ_EN2_4       um28nchllogl35hsl140f_ssgwc0p9v125c
                                                          3.024000  
U4940                     STQ_EO2_3       um28nchllogl35hsl140f_ssgwc0p9v125c
                                                          2.856000  
U4941                     STQ_EO2_3       um28nchllogl35hsl140f_ssgwc0p9v125c
                                                          2.856000  
U4942                     STQ_EN2_S_1     um28nchllogl35hsl140f_ssgwc0p9v125c
                                                          1.512000  
U4943                     STQ_EO2_S_2     um28nchllogl35hsl140f_ssgwc0p9v125c
                                                          1.512000  
U4944                     STQ_EO2_S_2     um28nchllogl35hsl140f_ssgwc0p9v125c
                                                          1.512000  
U4945                     STQ_INV_2       um28nchllogl35hsl140f_ssgwc0p9v125c
                                                          0.504000  
U4946                     STQ_EN2_S_2     um28nchllogl35hsl140f_ssgwc0p9v125c
                                                          1.680000  
U4947                     STQ_EO2_3       um28nchllogl35hsl140f_ssgwc0p9v125c
                                                          2.856000  
U4948                     STQ_EN2_4       um28nchllogl35hsl140f_ssgwc0p9v125c
                                                          3.024000  
U4949                     STQ_EO3_2       um28nchllogl35hsl140f_ssgwc0p9v125c
                                                          2.688000  
U4950                     STQ_EN2_S_2     um28nchllogl35hsl140f_ssgwc0p9v125c
                                                          1.680000  
U4951                     STQ_EN2_4       um28nchllogl35hsl140f_ssgwc0p9v125c
                                                          3.024000  
U4952                     STQ_EN2_4       um28nchllogl35hsl140f_ssgwc0p9v125c
                                                          3.024000  
U4953                     STQ_EO2_S_2     um28nchllogl35hsl140f_ssgwc0p9v125c
                                                          1.512000  
U4954                     STQ_ND2B_3      um28nchllogl35hsl140f_ssgwc0p9v125c
                                                          1.512000  
U4955                     STQ_EO2_2       um28nchllogl35hsl140f_ssgwc0p9v125c
                                                          1.680000  
U4956                     STQ_EN2_4       um28nchllogl35hsl140f_ssgwc0p9v125c
                                                          3.024000  
U4957                     STQ_EN2_S_2     um28nchllogl35hsl140f_ssgwc0p9v125c
                                                          1.680000  
U4958                     STQ_EN2_S_2     um28nchllogl35hsl140f_ssgwc0p9v125c
                                                          1.680000  
U4959                     STQ_EO3_2       um28nchllogl35hsl140f_ssgwc0p9v125c
                                                          2.688000  
U4960                     STQ_EN2_4       um28nchllogl35hsl140f_ssgwc0p9v125c
                                                          3.024000  
U4961                     STQ_EO2_3       um28nchllogl35hsl140f_ssgwc0p9v125c
                                                          2.856000  
U4962                     STQ_EO2_2       um28nchllogl35hsl140f_ssgwc0p9v125c
                                                          1.680000  
U4963                     STQ_EN2_S_2     um28nchllogl35hsl140f_ssgwc0p9v125c
                                                          1.680000  
U4964                     STQ_INV_2       um28nchllogl35hsl140f_ssgwc0p9v125c
                                                          0.504000  
U4965                     STQ_OR3B_2      um28nchllogl35hsl140f_ssgwc0p9v125c
                                                          1.176000  
U4966                     STQ_NR3_G_2     um28nchllogl35hsl140f_ssgwc0p9v125c
                                                          1.176000  
U4967                     STQ_INV_S_0P65  um28nchllogl35hsl140f_ssgwc0p9v125c
                                                          0.336000  
U4968                     STQ_NR3_G_1     um28nchllogl35hsl140f_ssgwc0p9v125c
                                                          0.672000  
U4969                     STQ_NR2_2       um28nchllogl35hsl140f_ssgwc0p9v125c
                                                          0.840000  
U4970                     STQ_NR2_2       um28nchllogl35hsl140f_ssgwc0p9v125c
                                                          0.840000  
U4971                     STQ_NR3_G_1     um28nchllogl35hsl140f_ssgwc0p9v125c
                                                          0.672000  
U4972                     STQ_NR2_2       um28nchllogl35hsl140f_ssgwc0p9v125c
                                                          0.840000  
U4973                     STQ_ND2_G_2     um28nchllogl35hsl140f_ssgwc0p9v125c
                                                          0.840000  
U4974                     STQ_NR3_G_1     um28nchllogl35hsl140f_ssgwc0p9v125c
                                                          0.672000  
U4975                     STQ_ND2_G_1     um28nchllogl35hsl140f_ssgwc0p9v125c
                                                          0.504000  
U4976                     STQ_INV_S_1     um28nchllogl35hsl140f_ssgwc0p9v125c
                                                          0.336000  
U4977                     STQ_ND2_S_0P8   um28nchllogl35hsl140f_ssgwc0p9v125c
                                                          0.504000  
U4978                     STQ_ND2_G_1     um28nchllogl35hsl140f_ssgwc0p9v125c
                                                          0.504000  
U4979                     STQ_NR4_2       um28nchllogl35hsl140f_ssgwc0p9v125c
                                                          1.512000  
U4980                     STQ_INV_S_0P65  um28nchllogl35hsl140f_ssgwc0p9v125c
                                                          0.336000  
U4981                     STQ_OR2_1       um28nchllogl35hsl140f_ssgwc0p9v125c
                                                          0.672000  
U4982                     STQ_ND2B_1      um28nchllogl35hsl140f_ssgwc0p9v125c
                                                          0.672000  
U4983                     STQ_INV_S_1     um28nchllogl35hsl140f_ssgwc0p9v125c
                                                          0.336000  
U4984                     STQ_INV_S_1     um28nchllogl35hsl140f_ssgwc0p9v125c
                                                          0.336000  
U4985                     STQ_NR2_1       um28nchllogl35hsl140f_ssgwc0p9v125c
                                                          0.504000  
U4986                     STQ_INV_S_1     um28nchllogl35hsl140f_ssgwc0p9v125c
                                                          0.336000  
U4987                     STQ_AOI31_0P5   um28nchllogl35hsl140f_ssgwc0p9v125c
                                                          0.840000  
U4988                     STQ_NR2B_1      um28nchllogl35hsl140f_ssgwc0p9v125c
                                                          0.672000  
U4989                     STQ_NR3B_MG_0P75
                                          um28nchllogl35hsl140f_ssgwc0p9v125c
                                                          0.840000  
U4990                     STQ_ND2B_1      um28nchllogl35hsl140f_ssgwc0p9v125c
                                                          0.672000  
U4991                     STQ_INV_S_1     um28nchllogl35hsl140f_ssgwc0p9v125c
                                                          0.336000  
U4992                     STQ_NR2_1       um28nchllogl35hsl140f_ssgwc0p9v125c
                                                          0.504000  
U4993                     STQ_INV_S_1     um28nchllogl35hsl140f_ssgwc0p9v125c
                                                          0.336000  
U4994                     STQ_INV_S_1     um28nchllogl35hsl140f_ssgwc0p9v125c
                                                          0.336000  
U4995                     STQ_INV_S_1     um28nchllogl35hsl140f_ssgwc0p9v125c
                                                          0.336000  
U4996                     STQ_NR2_G_0P5   um28nchllogl35hsl140f_ssgwc0p9v125c
                                                          0.504000  
U4997                     STQ_AN4B_0P5    um28nchllogl35hsl140f_ssgwc0p9v125c
                                                          1.008000  
U4998                     STQ_ND2B_1      um28nchllogl35hsl140f_ssgwc0p9v125c
                                                          0.672000  
U4999                     STQ_NR2_G_0P5   um28nchllogl35hsl140f_ssgwc0p9v125c
                                                          0.504000  
U5000                     STQ_ND2B_1      um28nchllogl35hsl140f_ssgwc0p9v125c
                                                          0.672000  
U5001                     STQ_NR3_G_0P65  um28nchllogl35hsl140f_ssgwc0p9v125c
                                                          0.672000  
U5002                     STQ_NR2_G_0P8   um28nchllogl35hsl140f_ssgwc0p9v125c
                                                          0.504000  
U5003                     STQ_ND2B_1      um28nchllogl35hsl140f_ssgwc0p9v125c
                                                          0.672000  
U5004                     STQ_NR2_G_0P5   um28nchllogl35hsl140f_ssgwc0p9v125c
                                                          0.504000  
U5005                     STQ_ND2B_1      um28nchllogl35hsl140f_ssgwc0p9v125c
                                                          0.672000  
U5006                     STQ_INV_S_1     um28nchllogl35hsl140f_ssgwc0p9v125c
                                                          0.336000  
U5007                     STQ_INV_S_1     um28nchllogl35hsl140f_ssgwc0p9v125c
                                                          0.336000  
U5008                     STQ_ND2B_1      um28nchllogl35hsl140f_ssgwc0p9v125c
                                                          0.672000  
U5009                     STQ_INV_S_1     um28nchllogl35hsl140f_ssgwc0p9v125c
                                                          0.336000  
U5010                     STQ_INV_S_1     um28nchllogl35hsl140f_ssgwc0p9v125c
                                                          0.336000  
U5011                     STQ_INV_S_1     um28nchllogl35hsl140f_ssgwc0p9v125c
                                                          0.336000  
U5012                     STQ_NR3_G_0P65  um28nchllogl35hsl140f_ssgwc0p9v125c
                                                          0.672000  
U5013                     STQ_INV_S_1     um28nchllogl35hsl140f_ssgwc0p9v125c
                                                          0.336000  
U5014                     STQ_NR3_G_0P65  um28nchllogl35hsl140f_ssgwc0p9v125c
                                                          0.672000  
U5015                     STQ_INV_S_1     um28nchllogl35hsl140f_ssgwc0p9v125c
                                                          0.336000  
U5016                     STQ_INV_S_1     um28nchllogl35hsl140f_ssgwc0p9v125c
                                                          0.336000  
U5017                     STQ_OAI21_1     um28nchllogl35hsl140f_ssgwc0p9v125c
                                                          0.672000  
U5018                     STQ_INV_S_1     um28nchllogl35hsl140f_ssgwc0p9v125c
                                                          0.336000  
U5019                     STQ_NR3_G_1     um28nchllogl35hsl140f_ssgwc0p9v125c
                                                          0.672000  
U5020                     STQ_INV_S_0P65  um28nchllogl35hsl140f_ssgwc0p9v125c
                                                          0.336000  
U5021                     STQ_NR4_1       um28nchllogl35hsl140f_ssgwc0p9v125c
                                                          0.840000  
U5022                     STQ_INV_S_1     um28nchllogl35hsl140f_ssgwc0p9v125c
                                                          0.336000  
U5023                     STQ_ND2B_1      um28nchllogl35hsl140f_ssgwc0p9v125c
                                                          0.672000  
U5024                     STQ_AN3B_1      um28nchllogl35hsl140f_ssgwc0p9v125c
                                                          0.840000  
U5025                     STQ_NR2_G_0P5   um28nchllogl35hsl140f_ssgwc0p9v125c
                                                          0.504000  
U5026                     STQ_INV_S_1     um28nchllogl35hsl140f_ssgwc0p9v125c
                                                          0.336000  
U5027                     STQ_NR2_G_0P5   um28nchllogl35hsl140f_ssgwc0p9v125c
                                                          0.504000  
U5028                     STQ_INV_S_1     um28nchllogl35hsl140f_ssgwc0p9v125c
                                                          0.336000  
U5029                     STQ_NR2_G_0P5   um28nchllogl35hsl140f_ssgwc0p9v125c
                                                          0.504000  
U5030                     STQ_NR2_G_0P5   um28nchllogl35hsl140f_ssgwc0p9v125c
                                                          0.504000  
U5031                     STQ_INV_S_1     um28nchllogl35hsl140f_ssgwc0p9v125c
                                                          0.336000  
U5032                     STQ_AN4B_1      um28nchllogl35hsl140f_ssgwc0p9v125c
                                                          1.008000  
U5033                     STQ_ND2B_1      um28nchllogl35hsl140f_ssgwc0p9v125c
                                                          0.672000  
U5034                     STQ_AN3B_1      um28nchllogl35hsl140f_ssgwc0p9v125c
                                                          0.840000  
U5035                     STQ_ND2B_1      um28nchllogl35hsl140f_ssgwc0p9v125c
                                                          0.672000  
U5036                     STQ_AN4B_1      um28nchllogl35hsl140f_ssgwc0p9v125c
                                                          1.008000  
U5037                     STQ_ND2B_1      um28nchllogl35hsl140f_ssgwc0p9v125c
                                                          0.672000  
U5038                     STQ_ND2B_1      um28nchllogl35hsl140f_ssgwc0p9v125c
                                                          0.672000  
U5039                     STQ_ND2B_1      um28nchllogl35hsl140f_ssgwc0p9v125c
                                                          0.672000  
U5040                     STQ_INV_S_1     um28nchllogl35hsl140f_ssgwc0p9v125c
                                                          0.336000  
U5041                     STQ_ND2B_1      um28nchllogl35hsl140f_ssgwc0p9v125c
                                                          0.672000  
U5042                     STQ_ND2B_1      um28nchllogl35hsl140f_ssgwc0p9v125c
                                                          0.672000  
U5043                     STQ_INV_S_1     um28nchllogl35hsl140f_ssgwc0p9v125c
                                                          0.336000  
U5044                     STQ_INV_S_1     um28nchllogl35hsl140f_ssgwc0p9v125c
                                                          0.336000  
U5045                     STQ_INV_S_1     um28nchllogl35hsl140f_ssgwc0p9v125c
                                                          0.336000  
U5046                     STQ_NR3_G_0P65  um28nchllogl35hsl140f_ssgwc0p9v125c
                                                          0.672000  
U5047                     STQ_INV_S_1     um28nchllogl35hsl140f_ssgwc0p9v125c
                                                          0.336000  
U5048                     STQ_INV_S_1     um28nchllogl35hsl140f_ssgwc0p9v125c
                                                          0.336000  
U5049                     STQ_NR3_G_0P65  um28nchllogl35hsl140f_ssgwc0p9v125c
                                                          0.672000  
U5050                     STQ_INV_S_1     um28nchllogl35hsl140f_ssgwc0p9v125c
                                                          0.336000  
U5051                     STQ_INV_S_1     um28nchllogl35hsl140f_ssgwc0p9v125c
                                                          0.336000  
U5052                     STQ_INV_S_1     um28nchllogl35hsl140f_ssgwc0p9v125c
                                                          0.336000  
U5053                     STQ_NR2B_1      um28nchllogl35hsl140f_ssgwc0p9v125c
                                                          0.672000  
U5054                     STQ_ND2B_1      um28nchllogl35hsl140f_ssgwc0p9v125c
                                                          0.672000  
U5055                     STQ_NR2B_1      um28nchllogl35hsl140f_ssgwc0p9v125c
                                                          0.672000  
U5056                     STQ_ND2B_1      um28nchllogl35hsl140f_ssgwc0p9v125c
                                                          0.672000  
U5057                     STQ_INV_S_1     um28nchllogl35hsl140f_ssgwc0p9v125c
                                                          0.336000  
U5058                     STQ_ND2B_1      um28nchllogl35hsl140f_ssgwc0p9v125c
                                                          0.672000  
U5059                     STQ_INV_S_1     um28nchllogl35hsl140f_ssgwc0p9v125c
                                                          0.336000  
U5060                     STQ_ND2_G_1     um28nchllogl35hsl140f_ssgwc0p9v125c
                                                          0.504000  
U5061                     STQ_NR3_G_0P65  um28nchllogl35hsl140f_ssgwc0p9v125c
                                                          0.672000  
U5062                     STQ_NR3_G_0P65  um28nchllogl35hsl140f_ssgwc0p9v125c
                                                          0.672000  
U5063                     STQ_INV_S_1     um28nchllogl35hsl140f_ssgwc0p9v125c
                                                          0.336000  
U5064                     STQ_ND2_S_0P8   um28nchllogl35hsl140f_ssgwc0p9v125c
                                                          0.504000  
U5065                     STQ_NR2B_1      um28nchllogl35hsl140f_ssgwc0p9v125c
                                                          0.672000  
U5066                     STQ_AOAI211_0P75
                                          um28nchllogl35hsl140f_ssgwc0p9v125c
                                                          0.840000  
U5067                     STQ_AOAI211_0P75
                                          um28nchllogl35hsl140f_ssgwc0p9v125c
                                                          0.840000  
U5068                     STQ_ND2B_1      um28nchllogl35hsl140f_ssgwc0p9v125c
                                                          0.672000  
U5069                     STQ_ND2B_1      um28nchllogl35hsl140f_ssgwc0p9v125c
                                                          0.672000  
U5070                     STQ_NR3_G_0P65  um28nchllogl35hsl140f_ssgwc0p9v125c
                                                          0.672000  
U5071                     STQ_NR3_G_0P65  um28nchllogl35hsl140f_ssgwc0p9v125c
                                                          0.672000  
U5072                     STQ_INV_S_1     um28nchllogl35hsl140f_ssgwc0p9v125c
                                                          0.336000  
U5073                     STQ_NR3_G_0P65  um28nchllogl35hsl140f_ssgwc0p9v125c
                                                          0.672000  
U5074                     STQ_ND2B_1      um28nchllogl35hsl140f_ssgwc0p9v125c
                                                          0.672000  
U5075                     STQ_NR3_G_0P65  um28nchllogl35hsl140f_ssgwc0p9v125c
                                                          0.672000  
U5076                     STQ_INV_S_1     um28nchllogl35hsl140f_ssgwc0p9v125c
                                                          0.336000  
U5077                     STQ_INV_S_1     um28nchllogl35hsl140f_ssgwc0p9v125c
                                                          0.336000  
U5078                     STQ_NR2_1       um28nchllogl35hsl140f_ssgwc0p9v125c
                                                          0.504000  
U5079                     STQ_INV_S_1     um28nchllogl35hsl140f_ssgwc0p9v125c
                                                          0.336000  
U5080                     STQ_NR2_G_0P5   um28nchllogl35hsl140f_ssgwc0p9v125c
                                                          0.504000  
U5081                     STQ_NR2B_1      um28nchllogl35hsl140f_ssgwc0p9v125c
                                                          0.672000  
U5082                     STQ_INV_S_1     um28nchllogl35hsl140f_ssgwc0p9v125c
                                                          0.336000  
U5083                     STQ_INV_S_1     um28nchllogl35hsl140f_ssgwc0p9v125c
                                                          0.336000  
U5084                     STQ_NR2_G_0P8   um28nchllogl35hsl140f_ssgwc0p9v125c
                                                          0.504000  
U5085                     STQ_INV_S_1     um28nchllogl35hsl140f_ssgwc0p9v125c
                                                          0.336000  
U5086                     STQ_INV_S_1     um28nchllogl35hsl140f_ssgwc0p9v125c
                                                          0.336000  
U5087                     STQ_NR2_1       um28nchllogl35hsl140f_ssgwc0p9v125c
                                                          0.504000  
U5088                     STQ_INV_S_1     um28nchllogl35hsl140f_ssgwc0p9v125c
                                                          0.336000  
U5089                     STQ_INV_S_1     um28nchllogl35hsl140f_ssgwc0p9v125c
                                                          0.336000  
U5090                     STQ_OR2_1       um28nchllogl35hsl140f_ssgwc0p9v125c
                                                          0.672000  
U5091                     STQ_INV_S_1     um28nchllogl35hsl140f_ssgwc0p9v125c
                                                          0.336000  
U5092                     STQ_ND2B_1      um28nchllogl35hsl140f_ssgwc0p9v125c
                                                          0.672000  
U5093                     STQ_INV_S_1     um28nchllogl35hsl140f_ssgwc0p9v125c
                                                          0.336000  
U5094                     STQ_INV_S_1     um28nchllogl35hsl140f_ssgwc0p9v125c
                                                          0.336000  
U5095                     STQ_INV_S_1     um28nchllogl35hsl140f_ssgwc0p9v125c
                                                          0.336000  
U5096                     STQ_INV_S_1     um28nchllogl35hsl140f_ssgwc0p9v125c
                                                          0.336000  
U5097                     STQ_INV_S_1     um28nchllogl35hsl140f_ssgwc0p9v125c
                                                          0.336000  
U5098                     STQ_NR2_G_0P8   um28nchllogl35hsl140f_ssgwc0p9v125c
                                                          0.504000  
U5099                     STQ_INV_S_1     um28nchllogl35hsl140f_ssgwc0p9v125c
                                                          0.336000  
U5100                     STQ_INV_S_1     um28nchllogl35hsl140f_ssgwc0p9v125c
                                                          0.336000  
U5101                     STQ_INV_S_1     um28nchllogl35hsl140f_ssgwc0p9v125c
                                                          0.336000  
U5102                     STQ_INV_S_1     um28nchllogl35hsl140f_ssgwc0p9v125c
                                                          0.336000  
U5103                     STQ_NR3_G_0P65  um28nchllogl35hsl140f_ssgwc0p9v125c
                                                          0.672000  
U5104                     STQ_INV_S_1     um28nchllogl35hsl140f_ssgwc0p9v125c
                                                          0.336000  
U5105                     STQ_INV_S_1     um28nchllogl35hsl140f_ssgwc0p9v125c
                                                          0.336000  
U5106                     STQ_NR2_G_0P5   um28nchllogl35hsl140f_ssgwc0p9v125c
                                                          0.504000  
U5107                     STQ_INV_S_1     um28nchllogl35hsl140f_ssgwc0p9v125c
                                                          0.336000  
U5108                     STQ_INV_S_1     um28nchllogl35hsl140f_ssgwc0p9v125c
                                                          0.336000  
U5109                     STQ_ND2B_1      um28nchllogl35hsl140f_ssgwc0p9v125c
                                                          0.672000  
U5110                     STQ_AN3B_0P5    um28nchllogl35hsl140f_ssgwc0p9v125c
                                                          0.840000  
U5111                     STQ_AN3B_1      um28nchllogl35hsl140f_ssgwc0p9v125c
                                                          0.840000  
U5112                     STQ_INV_S_1     um28nchllogl35hsl140f_ssgwc0p9v125c
                                                          0.336000  
U5113                     STQ_AN3B_1      um28nchllogl35hsl140f_ssgwc0p9v125c
                                                          0.840000  
U5114                     STQ_INV_S_1     um28nchllogl35hsl140f_ssgwc0p9v125c
                                                          0.336000  
U5115                     STQ_ND2B_1      um28nchllogl35hsl140f_ssgwc0p9v125c
                                                          0.672000  
U5116                     STQ_AN3B_1      um28nchllogl35hsl140f_ssgwc0p9v125c
                                                          0.840000  
U5117                     STQ_NR2B_1      um28nchllogl35hsl140f_ssgwc0p9v125c
                                                          0.672000  
U5118                     STQ_NR3_G_1     um28nchllogl35hsl140f_ssgwc0p9v125c
                                                          0.672000  
U5119                     STQ_INV_S_1     um28nchllogl35hsl140f_ssgwc0p9v125c
                                                          0.336000  
U5120                     STQ_NR2B_1      um28nchllogl35hsl140f_ssgwc0p9v125c
                                                          0.672000  
U5121                     STQ_NR3_G_1     um28nchllogl35hsl140f_ssgwc0p9v125c
                                                          0.672000  
U5122                     STQ_INV_S_1     um28nchllogl35hsl140f_ssgwc0p9v125c
                                                          0.336000  
U5123                     STQ_INV_S_1     um28nchllogl35hsl140f_ssgwc0p9v125c
                                                          0.336000  
U5124                     STQ_INV_S_1     um28nchllogl35hsl140f_ssgwc0p9v125c
                                                          0.336000  
U5125                     STQ_ND2B_1      um28nchllogl35hsl140f_ssgwc0p9v125c
                                                          0.672000  
U5126                     STQ_ND2B_1      um28nchllogl35hsl140f_ssgwc0p9v125c
                                                          0.672000  
U5127                     STQ_NR4B_1      um28nchllogl35hsl140f_ssgwc0p9v125c
                                                          1.008000  
U5128                     STQ_INV_S_1     um28nchllogl35hsl140f_ssgwc0p9v125c
                                                          0.336000  
U5129                     STQ_ND2B_1      um28nchllogl35hsl140f_ssgwc0p9v125c
                                                          0.672000  
U5130                     STQ_NR3_G_1     um28nchllogl35hsl140f_ssgwc0p9v125c
                                                          0.672000  
U5131                     STQ_INV_S_1     um28nchllogl35hsl140f_ssgwc0p9v125c
                                                          0.336000  
U5132                     STQ_ND2B_1      um28nchllogl35hsl140f_ssgwc0p9v125c
                                                          0.672000  
U5133                     STQ_NR3_G_1     um28nchllogl35hsl140f_ssgwc0p9v125c
                                                          0.672000  
U5134                     STQ_INV_S_1     um28nchllogl35hsl140f_ssgwc0p9v125c
                                                          0.336000  
U5135                     STQ_INV_S_1     um28nchllogl35hsl140f_ssgwc0p9v125c
                                                          0.336000  
U5136                     STQ_INV_S_1     um28nchllogl35hsl140f_ssgwc0p9v125c
                                                          0.336000  
U5137                     STQ_INV_S_1     um28nchllogl35hsl140f_ssgwc0p9v125c
                                                          0.336000  
U5138                     STQ_NR2_1       um28nchllogl35hsl140f_ssgwc0p9v125c
                                                          0.504000  
U5139                     STQ_INV_S_1     um28nchllogl35hsl140f_ssgwc0p9v125c
                                                          0.336000  
U5140                     STQ_INV_S_1     um28nchllogl35hsl140f_ssgwc0p9v125c
                                                          0.336000  
U5141                     STQ_INV_S_1     um28nchllogl35hsl140f_ssgwc0p9v125c
                                                          0.336000  
U5142                     STQ_INV_S_0P65  um28nchllogl35hsl140f_ssgwc0p9v125c
                                                          0.336000  
U5143                     STQ_INV_S_1     um28nchllogl35hsl140f_ssgwc0p9v125c
                                                          0.336000  
U5144                     STQ_AN3B_1      um28nchllogl35hsl140f_ssgwc0p9v125c
                                                          0.840000  
U5145                     STQ_INV_S_1     um28nchllogl35hsl140f_ssgwc0p9v125c
                                                          0.336000  
U5146                     STQ_INV_S_1     um28nchllogl35hsl140f_ssgwc0p9v125c
                                                          0.336000  
U5147                     STQ_NR2_1       um28nchllogl35hsl140f_ssgwc0p9v125c
                                                          0.504000  
U5148                     STQ_INV_S_1     um28nchllogl35hsl140f_ssgwc0p9v125c
                                                          0.336000  
U5149                     STQ_INV_S_1     um28nchllogl35hsl140f_ssgwc0p9v125c
                                                          0.336000  
U5150                     STQ_NR3_G_1     um28nchllogl35hsl140f_ssgwc0p9v125c
                                                          0.672000  
U5151                     STQ_INV_S_1     um28nchllogl35hsl140f_ssgwc0p9v125c
                                                          0.336000  
U5152                     STQ_INV_S_1     um28nchllogl35hsl140f_ssgwc0p9v125c
                                                          0.336000  
U5153                     STQ_INV_S_1     um28nchllogl35hsl140f_ssgwc0p9v125c
                                                          0.336000  
U5154                     STQ_INV_S_1     um28nchllogl35hsl140f_ssgwc0p9v125c
                                                          0.336000  
U5155                     STQ_NR2_1       um28nchllogl35hsl140f_ssgwc0p9v125c
                                                          0.504000  
U5156                     STQ_INV_S_1     um28nchllogl35hsl140f_ssgwc0p9v125c
                                                          0.336000  
U5157                     STQ_INV_S_1     um28nchllogl35hsl140f_ssgwc0p9v125c
                                                          0.336000  
U5158                     STQ_INV_S_1     um28nchllogl35hsl140f_ssgwc0p9v125c
                                                          0.336000  
U5159                     STQ_INV_S_1     um28nchllogl35hsl140f_ssgwc0p9v125c
                                                          0.336000  
U5160                     STQ_INV_S_1     um28nchllogl35hsl140f_ssgwc0p9v125c
                                                          0.336000  
U5161                     STQ_OAI21_0P5   um28nchllogl35hsl140f_ssgwc0p9v125c
                                                          0.672000  
U5162                     STQ_ND2B_1      um28nchllogl35hsl140f_ssgwc0p9v125c
                                                          0.672000  
U5163                     STQ_NR3_G_1     um28nchllogl35hsl140f_ssgwc0p9v125c
                                                          0.672000  
U5164                     STQ_INV_S_1     um28nchllogl35hsl140f_ssgwc0p9v125c
                                                          0.336000  
U5165                     STQ_AOAI211_1   um28nchllogl35hsl140f_ssgwc0p9v125c
                                                          0.840000  
U5166                     STQ_ND2B_1      um28nchllogl35hsl140f_ssgwc0p9v125c
                                                          0.672000  
U5167                     STQ_ND2B_1      um28nchllogl35hsl140f_ssgwc0p9v125c
                                                          0.672000  
U5168                     STQ_AN4B_1      um28nchllogl35hsl140f_ssgwc0p9v125c
                                                          1.008000  
U5169                     STQ_INV_S_1     um28nchllogl35hsl140f_ssgwc0p9v125c
                                                          0.336000  
U5170                     STQ_ND2B_1      um28nchllogl35hsl140f_ssgwc0p9v125c
                                                          0.672000  
U5171                     STQ_INV_S_1     um28nchllogl35hsl140f_ssgwc0p9v125c
                                                          0.336000  
U5172                     STQ_INV_S_1     um28nchllogl35hsl140f_ssgwc0p9v125c
                                                          0.336000  
U5173                     STQ_ND2B_1      um28nchllogl35hsl140f_ssgwc0p9v125c
                                                          0.672000  
U5174                     STQ_OAI21_0P5   um28nchllogl35hsl140f_ssgwc0p9v125c
                                                          0.672000  
U5175                     STQ_INV_S_1     um28nchllogl35hsl140f_ssgwc0p9v125c
                                                          0.336000  
U5176                     STQ_NR2_G_0P5   um28nchllogl35hsl140f_ssgwc0p9v125c
                                                          0.504000  
U5177                     STQ_INV_S_1     um28nchllogl35hsl140f_ssgwc0p9v125c
                                                          0.336000  
U5178                     STQ_ND2B_1      um28nchllogl35hsl140f_ssgwc0p9v125c
                                                          0.672000  
U5179                     STQ_NR3_G_1     um28nchllogl35hsl140f_ssgwc0p9v125c
                                                          0.672000  
U5180                     STQ_ND2B_1      um28nchllogl35hsl140f_ssgwc0p9v125c
                                                          0.672000  
U5181                     STQ_NR4_1       um28nchllogl35hsl140f_ssgwc0p9v125c
                                                          0.840000  
U5182                     STQ_INV_S_1     um28nchllogl35hsl140f_ssgwc0p9v125c
                                                          0.336000  
U5183                     STQ_INV_S_1     um28nchllogl35hsl140f_ssgwc0p9v125c
                                                          0.336000  
U5184                     STQ_ND4_0P5     um28nchllogl35hsl140f_ssgwc0p9v125c
                                                          0.840000  
U5185                     STQ_NR2_G_0P8   um28nchllogl35hsl140f_ssgwc0p9v125c
                                                          0.504000  
U5186                     STQ_INV_S_0P65  um28nchllogl35hsl140f_ssgwc0p9v125c
                                                          0.336000  
U5187                     STQ_NR2_G_0P5   um28nchllogl35hsl140f_ssgwc0p9v125c
                                                          0.504000  
U5188                     STQ_INV_S_0P65  um28nchllogl35hsl140f_ssgwc0p9v125c
                                                          0.336000  
U5189                     STQ_INV_S_1     um28nchllogl35hsl140f_ssgwc0p9v125c
                                                          0.336000  
U5190                     STQ_NR2_G_0P8   um28nchllogl35hsl140f_ssgwc0p9v125c
                                                          0.504000  
U5191                     STQ_ND2B_1      um28nchllogl35hsl140f_ssgwc0p9v125c
                                                          0.672000  
U5192                     STQ_INV_S_1     um28nchllogl35hsl140f_ssgwc0p9v125c
                                                          0.336000  
U5193                     STQ_ND2B_1      um28nchllogl35hsl140f_ssgwc0p9v125c
                                                          0.672000  
U5194                     STQ_NR2_G_0P8   um28nchllogl35hsl140f_ssgwc0p9v125c
                                                          0.504000  
U5195                     STQ_INV_S_1     um28nchllogl35hsl140f_ssgwc0p9v125c
                                                          0.336000  
U5196                     STQ_ND2B_1      um28nchllogl35hsl140f_ssgwc0p9v125c
                                                          0.672000  
U5197                     STQ_ND2B_1      um28nchllogl35hsl140f_ssgwc0p9v125c
                                                          0.672000  
U5198                     STQ_INV_S_1     um28nchllogl35hsl140f_ssgwc0p9v125c
                                                          0.336000  
U5199                     STQ_INV_S_1     um28nchllogl35hsl140f_ssgwc0p9v125c
                                                          0.336000  
U5200                     STQ_INV_S_1     um28nchllogl35hsl140f_ssgwc0p9v125c
                                                          0.336000  
U5201                     STQ_INV_S_1     um28nchllogl35hsl140f_ssgwc0p9v125c
                                                          0.336000  
U5202                     STQ_OR2_1       um28nchllogl35hsl140f_ssgwc0p9v125c
                                                          0.672000  
U5203                     STQ_AOAI211_0P75
                                          um28nchllogl35hsl140f_ssgwc0p9v125c
                                                          0.840000  
U5204                     STQ_INV_S_1     um28nchllogl35hsl140f_ssgwc0p9v125c
                                                          0.336000  
U5205                     STQ_INV_S_1     um28nchllogl35hsl140f_ssgwc0p9v125c
                                                          0.336000  
U5206                     STQ_INV_S_1     um28nchllogl35hsl140f_ssgwc0p9v125c
                                                          0.336000  
U5207                     STQ_NR2_G_0P8   um28nchllogl35hsl140f_ssgwc0p9v125c
                                                          0.504000  
U5208                     STQ_INV_S_1     um28nchllogl35hsl140f_ssgwc0p9v125c
                                                          0.336000  
U5209                     STQ_INV_S_1     um28nchllogl35hsl140f_ssgwc0p9v125c
                                                          0.336000  
U5210                     STQ_INV_S_0P65  um28nchllogl35hsl140f_ssgwc0p9v125c
                                                          0.336000  
U5211                     STQ_ND2B_1      um28nchllogl35hsl140f_ssgwc0p9v125c
                                                          0.672000  
U5212                     STQ_INV_S_1     um28nchllogl35hsl140f_ssgwc0p9v125c
                                                          0.336000  
U5213                     STQ_ND2_G_1     um28nchllogl35hsl140f_ssgwc0p9v125c
                                                          0.504000  
U5214                     STQ_INV_S_1     um28nchllogl35hsl140f_ssgwc0p9v125c
                                                          0.336000  
U5215                     STQ_ND2B_1      um28nchllogl35hsl140f_ssgwc0p9v125c
                                                          0.672000  
U5216                     STQ_INV_S_1     um28nchllogl35hsl140f_ssgwc0p9v125c
                                                          0.336000  
U5217                     STQ_ND2_G_1     um28nchllogl35hsl140f_ssgwc0p9v125c
                                                          0.504000  
U5218                     STQ_NR2_1       um28nchllogl35hsl140f_ssgwc0p9v125c
                                                          0.504000  
U5219                     STQ_INV_S_1     um28nchllogl35hsl140f_ssgwc0p9v125c
                                                          0.336000  
U5220                     STQ_INV_S_1     um28nchllogl35hsl140f_ssgwc0p9v125c
                                                          0.336000  
U5221                     STQ_INV_S_1     um28nchllogl35hsl140f_ssgwc0p9v125c
                                                          0.336000  
U5222                     STQ_INV_S_1     um28nchllogl35hsl140f_ssgwc0p9v125c
                                                          0.336000  
U5223                     STQ_INV_S_1     um28nchllogl35hsl140f_ssgwc0p9v125c
                                                          0.336000  
U5224                     STQ_ND2_12      um28nchllogl35hsl140f_ssgwc0p9v125c
                                                          4.200000  
U5225                     STQ_OR2_1       um28nchllogl35hsl140f_ssgwc0p9v125c
                                                          0.672000  
U5226                     STQ_OR2_1       um28nchllogl35hsl140f_ssgwc0p9v125c
                                                          0.672000  
U5227                     STQ_OR2_1       um28nchllogl35hsl140f_ssgwc0p9v125c
                                                          0.672000  
U5228                     STQ_OR2_1       um28nchllogl35hsl140f_ssgwc0p9v125c
                                                          0.672000  
U5229                     STQ_OR2_1       um28nchllogl35hsl140f_ssgwc0p9v125c
                                                          0.672000  
U5230                     STQ_AN2_1       um28nchllogl35hsl140f_ssgwc0p9v125c
                                                          0.672000  
U5231                     STQ_EO3_2       um28nchllogl35hsl140f_ssgwc0p9v125c
                                                          2.688000  
U5232                     STQ_INV_S_1     um28nchllogl35hsl140f_ssgwc0p9v125c
                                                          0.336000  
U5233                     STQ_INV_2       um28nchllogl35hsl140f_ssgwc0p9v125c
                                                          0.504000  
U5234                     STQ_EO2_S_2     um28nchllogl35hsl140f_ssgwc0p9v125c
                                                          1.512000  
U5235                     STQ_INV_S_1     um28nchllogl35hsl140f_ssgwc0p9v125c
                                                          0.336000  
U5236                     STQ_EN3_1       um28nchllogl35hsl140f_ssgwc0p9v125c
                                                          2.184000  
U5237                     STQ_ND2B_2      um28nchllogl35hsl140f_ssgwc0p9v125c
                                                          1.008000  
U5238                     STQ_EN2_S_2     um28nchllogl35hsl140f_ssgwc0p9v125c
                                                          1.680000  
U5239                     STQ_EN2_S_1     um28nchllogl35hsl140f_ssgwc0p9v125c
                                                          1.512000  
U5240                     STQ_INV_S_1     um28nchllogl35hsl140f_ssgwc0p9v125c
                                                          0.336000  
U5241                     STQ_OR3_1       um28nchllogl35hsl140f_ssgwc0p9v125c
                                                          0.840000  
U5242                     STQ_OR2_1       um28nchllogl35hsl140f_ssgwc0p9v125c
                                                          0.672000  
U5243                     STQ_NR2_2       um28nchllogl35hsl140f_ssgwc0p9v125c
                                                          0.840000  
U5244                     STQ_OR2_1       um28nchllogl35hsl140f_ssgwc0p9v125c
                                                          0.672000  
U5245                     STQ_OR2_1       um28nchllogl35hsl140f_ssgwc0p9v125c
                                                          0.672000  
U5246                     STQ_OR2_1       um28nchllogl35hsl140f_ssgwc0p9v125c
                                                          0.672000  
U5247                     STQ_AN3B_2      um28nchllogl35hsl140f_ssgwc0p9v125c
                                                          1.176000  
U5248                     STQ_OR2_1       um28nchllogl35hsl140f_ssgwc0p9v125c
                                                          0.672000  
U5249                     STQ_OR2_1       um28nchllogl35hsl140f_ssgwc0p9v125c
                                                          0.672000  
U5250                     STQ_OR2_1       um28nchllogl35hsl140f_ssgwc0p9v125c
                                                          0.672000  
U5251                     STQ_OR2_1       um28nchllogl35hsl140f_ssgwc0p9v125c
                                                          0.672000  
U5252                     STQ_OR2_1       um28nchllogl35hsl140f_ssgwc0p9v125c
                                                          0.672000  
U5253                     STQ_INV_S_1     um28nchllogl35hsl140f_ssgwc0p9v125c
                                                          0.336000  
U5254                     STQ_ND3_5       um28nchllogl35hsl140f_ssgwc0p9v125c
                                                          2.688000  
U5255                     STQ_ND2B_1      um28nchllogl35hsl140f_ssgwc0p9v125c
                                                          0.672000  
U5256                     STQ_ND2B_2      um28nchllogl35hsl140f_ssgwc0p9v125c
                                                          1.008000  
U5257                     STQ_EN3_3       um28nchllogl35hsl140f_ssgwc0p9v125c
                                                          4.032000  
U5258                     STQ_EO2_3       um28nchllogl35hsl140f_ssgwc0p9v125c
                                                          2.856000  
U5259                     STQ_EN2_8       um28nchllogl35hsl140f_ssgwc0p9v125c
                                                          5.880000  
U5260                     STQ_EN2_8       um28nchllogl35hsl140f_ssgwc0p9v125c
                                                          5.880000  
U5261                     STQ_EO3_3       um28nchllogl35hsl140f_ssgwc0p9v125c
                                                          4.200000  
U5262                     STQ_EN3_3       um28nchllogl35hsl140f_ssgwc0p9v125c
                                                          4.032000  
U5263                     STQ_NR3_G_1     um28nchllogl35hsl140f_ssgwc0p9v125c
                                                          0.672000  
U5264                     STQ_MUXI2_MG_0P75
                                          um28nchllogl35hsl140f_ssgwc0p9v125c
                                                          1.008000  
U5265                     STQ_MUXI2_MG_0P75
                                          um28nchllogl35hsl140f_ssgwc0p9v125c
                                                          1.008000  
U5266                     STQ_EN2_8       um28nchllogl35hsl140f_ssgwc0p9v125c
                                                          5.880000  
U5267                     STQ_ND2_G_4     um28nchllogl35hsl140f_ssgwc0p9v125c
                                                          1.512000  
U5268                     STQ_EN2_S_6     um28nchllogl35hsl140f_ssgwc0p9v125c
                                                          4.200000  
U5269                     STQ_EO2_4       um28nchllogl35hsl140f_ssgwc0p9v125c
                                                          3.024000  
U5270                     STQ_ND3_2       um28nchllogl35hsl140f_ssgwc0p9v125c
                                                          1.176000  
U5271                     STQ_ND2_8       um28nchllogl35hsl140f_ssgwc0p9v125c
                                                          2.856000  
U5272                     STQ_OR2_4       um28nchllogl35hsl140f_ssgwc0p9v125c
                                                          1.512000  
U5273                     STQ_EN2_8       um28nchllogl35hsl140f_ssgwc0p9v125c
                                                          5.880000  
U5274                     STQ_EN2_8       um28nchllogl35hsl140f_ssgwc0p9v125c
                                                          5.880000  
U5275                     STQ_EN3_3       um28nchllogl35hsl140f_ssgwc0p9v125c
                                                          4.032000  
U5276                     STQ_EN2_6       um28nchllogl35hsl140f_ssgwc0p9v125c
                                                          4.536000  
U5277                     STQ_EO3_3       um28nchllogl35hsl140f_ssgwc0p9v125c
                                                          4.200000  
U5278                     STQ_EN2_6       um28nchllogl35hsl140f_ssgwc0p9v125c
                                                          4.536000  
U5279                     STQ_EN3_3       um28nchllogl35hsl140f_ssgwc0p9v125c
                                                          4.032000  
U5280                     STQ_NR4_4       um28nchllogl35hsl140f_ssgwc0p9v125c
                                                          2.856000  
U5281                     STQ_NR2_G_4     um28nchllogl35hsl140f_ssgwc0p9v125c
                                                          1.512000  
U5282                     STQ_EN3_3       um28nchllogl35hsl140f_ssgwc0p9v125c
                                                          4.032000  
U5283                     STQ_EN2_8       um28nchllogl35hsl140f_ssgwc0p9v125c
                                                          5.880000  
U5284                     STQ_EN2_8       um28nchllogl35hsl140f_ssgwc0p9v125c
                                                          5.880000  
U5285                     STQ_ND3B_1      um28nchllogl35hsl140f_ssgwc0p9v125c
                                                          0.840000  
U5286                     STQ_NR2B_1      um28nchllogl35hsl140f_ssgwc0p9v125c
                                                          0.672000  
U5287                     STQ_NR2B_8      um28nchllogl35hsl140f_ssgwc0p9v125c
                                                          3.528000  
U5288                     STQ_NR3_G_4     um28nchllogl35hsl140f_ssgwc0p9v125c
                                                          2.184000  
U5289                     STQ_EO2_4       um28nchllogl35hsl140f_ssgwc0p9v125c
                                                          3.024000  
U5290                     STQ_EN3_3       um28nchllogl35hsl140f_ssgwc0p9v125c
                                                          4.032000  
U5291                     STQ_EN2_6       um28nchllogl35hsl140f_ssgwc0p9v125c
                                                          4.536000  
U5292                     STQ_EN3_3       um28nchllogl35hsl140f_ssgwc0p9v125c
                                                          4.032000  
U5293                     STQ_EO2_3       um28nchllogl35hsl140f_ssgwc0p9v125c
                                                          2.856000  
U5294                     STQ_EN3_3       um28nchllogl35hsl140f_ssgwc0p9v125c
                                                          4.032000  
U5295                     STQ_ND2_S_5     um28nchllogl35hsl140f_ssgwc0p9v125c
                                                          1.512000  
U5296                     STQ_INV_S_0P65  um28nchllogl35hsl140f_ssgwc0p9v125c
                                                          0.336000  
U5297                     STQ_EN2_4       um28nchllogl35hsl140f_ssgwc0p9v125c
                                                          3.024000  
U5298                     STQ_EN2_6       um28nchllogl35hsl140f_ssgwc0p9v125c
                                                          4.536000  
U5299                     STQ_EN2_8       um28nchllogl35hsl140f_ssgwc0p9v125c
                                                          5.880000  
U5300                     STQ_INV_3P5     um28nchllogl35hsl140f_ssgwc0p9v125c
                                                          0.840000  
U5301                     STQ_EN3_6       um28nchllogl35hsl140f_ssgwc0p9v125c
                                                          6.888000  
U5302                     STQ_ND4_2       um28nchllogl35hsl140f_ssgwc0p9v125c
                                                          1.512000  
U5303                     STQ_NR2_G_0P8   um28nchllogl35hsl140f_ssgwc0p9v125c
                                                          0.504000  
U5304                     STQ_EN3_6       um28nchllogl35hsl140f_ssgwc0p9v125c
                                                          6.888000  
U5305                     STQ_EN2_8       um28nchllogl35hsl140f_ssgwc0p9v125c
                                                          5.880000  
U5306                     STQ_EN2_8       um28nchllogl35hsl140f_ssgwc0p9v125c
                                                          5.880000  
U5307                     STQ_ND2_G_4     um28nchllogl35hsl140f_ssgwc0p9v125c
                                                          1.512000  
U5308                     STQ_EO3_3       um28nchllogl35hsl140f_ssgwc0p9v125c
                                                          4.200000  
U5309                     STQ_INV_S_0P65  um28nchllogl35hsl140f_ssgwc0p9v125c
                                                          0.336000  
U5310                     STQ_ND2B_V1DG_1 um28nchllogl35hsl140f_ssgwc0p9v125c
                                                          0.672000  
U5311                     STQ_ND2_S_1     um28nchllogl35hsl140f_ssgwc0p9v125c
                                                          0.504000  
U5312                     STQ_ND2_S_1     um28nchllogl35hsl140f_ssgwc0p9v125c
                                                          0.504000  
U5313                     STQ_NR2_1       um28nchllogl35hsl140f_ssgwc0p9v125c
                                                          0.504000  
U5314                     STQ_NR2_G_0P8   um28nchllogl35hsl140f_ssgwc0p9v125c
                                                          0.504000  
U5315                     STQ_NR2_G_0P8   um28nchllogl35hsl140f_ssgwc0p9v125c
                                                          0.504000  
U5316                     STQ_NR2_G_0P8   um28nchllogl35hsl140f_ssgwc0p9v125c
                                                          0.504000  
U5317                     STQ_NR2_1       um28nchllogl35hsl140f_ssgwc0p9v125c
                                                          0.504000  
U5318                     STQ_NR2_G_0P8   um28nchllogl35hsl140f_ssgwc0p9v125c
                                                          0.504000  
U5319                     STQ_OR2_4       um28nchllogl35hsl140f_ssgwc0p9v125c
                                                          1.512000  
U5320                     STQ_EN3_3       um28nchllogl35hsl140f_ssgwc0p9v125c
                                                          4.032000  
U5321                     STQ_OR2_1       um28nchllogl35hsl140f_ssgwc0p9v125c
                                                          0.672000  
U5322                     STQ_EO3_3       um28nchllogl35hsl140f_ssgwc0p9v125c
                                                          4.200000  
U5323                     STQ_EN3_3       um28nchllogl35hsl140f_ssgwc0p9v125c
                                                          4.032000  
U5324                     STQ_EN2_6       um28nchllogl35hsl140f_ssgwc0p9v125c
                                                          4.536000  
U5325                     STQ_EN3_3       um28nchllogl35hsl140f_ssgwc0p9v125c
                                                          4.032000  
U5326                     STQ_EO3_3       um28nchllogl35hsl140f_ssgwc0p9v125c
                                                          4.200000  
U5327                     STQ_EN3_3       um28nchllogl35hsl140f_ssgwc0p9v125c
                                                          4.032000  
U5328                     STQ_EO3_3       um28nchllogl35hsl140f_ssgwc0p9v125c
                                                          4.200000  
U5329                     STQ_EO3_3       um28nchllogl35hsl140f_ssgwc0p9v125c
                                                          4.200000  
U5330                     STQ_EN3_3       um28nchllogl35hsl140f_ssgwc0p9v125c
                                                          4.032000  
U5331                     STQ_EN3_6       um28nchllogl35hsl140f_ssgwc0p9v125c
                                                          6.888000  
U5332                     STQ_EN3_3       um28nchllogl35hsl140f_ssgwc0p9v125c
                                                          4.032000  
U5333                     STQ_EN2_6       um28nchllogl35hsl140f_ssgwc0p9v125c
                                                          4.536000  
U5334                     STQ_NR2_G_0P8   um28nchllogl35hsl140f_ssgwc0p9v125c
                                                          0.504000  
U5335                     STQ_INV_S_1     um28nchllogl35hsl140f_ssgwc0p9v125c
                                                          0.336000  
U5336                     STQ_EO3_1       um28nchllogl35hsl140f_ssgwc0p9v125c
                                                          2.184000  
U5337                     STQ_EO2_6       um28nchllogl35hsl140f_ssgwc0p9v125c
                                                          4.536000  
U5338                     STQ_EN3_3       um28nchllogl35hsl140f_ssgwc0p9v125c
                                                          4.032000  
U5339                     STQ_ND2_1P5     um28nchllogl35hsl140f_ssgwc0p9v125c
                                                          0.840000  
U5340                     STQ_ND3_2       um28nchllogl35hsl140f_ssgwc0p9v125c
                                                          1.176000  
U5341                     STQ_EN3_3       um28nchllogl35hsl140f_ssgwc0p9v125c
                                                          4.032000  
U5342                     STQ_EO3_3       um28nchllogl35hsl140f_ssgwc0p9v125c
                                                          4.200000  
U5343                     STQ_EN2_6       um28nchllogl35hsl140f_ssgwc0p9v125c
                                                          4.536000  
U5344                     STQ_OR2_4       um28nchllogl35hsl140f_ssgwc0p9v125c
                                                          1.512000  
U5345                     STQ_ND2_G_4     um28nchllogl35hsl140f_ssgwc0p9v125c
                                                          1.512000  
U5346                     STQ_ND2B_4      um28nchllogl35hsl140f_ssgwc0p9v125c
                                                          1.848000  
U5347                     STQ_ND2_G_3     um28nchllogl35hsl140f_ssgwc0p9v125c
                                                          1.176000  
U5348                     STQ_INV_3P5     um28nchllogl35hsl140f_ssgwc0p9v125c
                                                          0.840000  
U5349                     STQ_NR2_2       um28nchllogl35hsl140f_ssgwc0p9v125c
                                                          0.840000  
U5350                     STQ_NR3_G_4     um28nchllogl35hsl140f_ssgwc0p9v125c
                                                          2.184000  
U5351                     STQ_EO2_3       um28nchllogl35hsl140f_ssgwc0p9v125c
                                                          2.856000  
U5352                     STQ_EN3_3       um28nchllogl35hsl140f_ssgwc0p9v125c
                                                          4.032000  
U5353                     STQ_EO3_2       um28nchllogl35hsl140f_ssgwc0p9v125c
                                                          2.688000  
U5354                     STQ_EO3_3       um28nchllogl35hsl140f_ssgwc0p9v125c
                                                          4.200000  
U5355                     STQ_EN2_6       um28nchllogl35hsl140f_ssgwc0p9v125c
                                                          4.536000  
U5356                     STQ_EO3_3       um28nchllogl35hsl140f_ssgwc0p9v125c
                                                          4.200000  
U5357                     STQ_EN3_6       um28nchllogl35hsl140f_ssgwc0p9v125c
                                                          6.888000  
U5358                     STQ_AOAI211_0P75
                                          um28nchllogl35hsl140f_ssgwc0p9v125c
                                                          0.840000  
U5359                     STQ_EO2_2       um28nchllogl35hsl140f_ssgwc0p9v125c
                                                          1.680000  
U5360                     STQ_OR2_1       um28nchllogl35hsl140f_ssgwc0p9v125c
                                                          0.672000  
U5361                     STQ_NR2_1       um28nchllogl35hsl140f_ssgwc0p9v125c
                                                          0.504000  
U5362                     STQ_ND2B_V1DG_1 um28nchllogl35hsl140f_ssgwc0p9v125c
                                                          0.672000  
U5363                     STQ_EN3_3       um28nchllogl35hsl140f_ssgwc0p9v125c
                                                          4.032000  
U5364                     STQ_INV_S_24    um28nchllogl35hsl140f_ssgwc0p9v125c
                                                          4.368000  
U5365                     STQ_INV_S_24    um28nchllogl35hsl140f_ssgwc0p9v125c
                                                          4.368000  
U5366                     STQ_EO3_3       um28nchllogl35hsl140f_ssgwc0p9v125c
                                                          4.200000  
U5367                     STQ_EN3_3       um28nchllogl35hsl140f_ssgwc0p9v125c
                                                          4.032000  
U5368                     STQ_AOI22_3     um28nchllogl35hsl140f_ssgwc0p9v125c
                                                          2.184000  
U5369                     STQ_EN3_6       um28nchllogl35hsl140f_ssgwc0p9v125c
                                                          6.888000  
U5370                     STQ_AOAI211_0P75
                                          um28nchllogl35hsl140f_ssgwc0p9v125c
                                                          0.840000  
U5371                     STQ_AOAI211_0P75
                                          um28nchllogl35hsl140f_ssgwc0p9v125c
                                                          0.840000  
U5372                     STQ_AOAI211_0P75
                                          um28nchllogl35hsl140f_ssgwc0p9v125c
                                                          0.840000  
U5373                     STQ_AOAI211_0P75
                                          um28nchllogl35hsl140f_ssgwc0p9v125c
                                                          0.840000  
U5374                     STQ_AOAI211_0P75
                                          um28nchllogl35hsl140f_ssgwc0p9v125c
                                                          0.840000  
U5375                     STQ_AOAI211_0P75
                                          um28nchllogl35hsl140f_ssgwc0p9v125c
                                                          0.840000  
U5376                     STQ_ND2_16      um28nchllogl35hsl140f_ssgwc0p9v125c
                                                          5.544000  
U5377                     STQ_EN2_8       um28nchllogl35hsl140f_ssgwc0p9v125c
                                                          5.880000  
U5378                     STQ_OR4B_1      um28nchllogl35hsl140f_ssgwc0p9v125c
                                                          1.008000  
U5379                     STQ_OR3B_1      um28nchllogl35hsl140f_ssgwc0p9v125c
                                                          0.840000  
U5380                     STQ_EN2_8       um28nchllogl35hsl140f_ssgwc0p9v125c
                                                          5.880000  
U5381                     STQ_EO3_3       um28nchllogl35hsl140f_ssgwc0p9v125c
                                                          4.200000  
U5382                     STQ_NR3_G_1     um28nchllogl35hsl140f_ssgwc0p9v125c
                                                          0.672000  
U5383                     STQ_EN3_3       um28nchllogl35hsl140f_ssgwc0p9v125c
                                                          4.032000  
U5384                     STQ_INV_S_24    um28nchllogl35hsl140f_ssgwc0p9v125c
                                                          4.368000  
U5385                     STQ_INV_S_24    um28nchllogl35hsl140f_ssgwc0p9v125c
                                                          4.368000  
U5386                     STQ_EO3_3       um28nchllogl35hsl140f_ssgwc0p9v125c
                                                          4.200000  
U5387                     STQ_EO3_2       um28nchllogl35hsl140f_ssgwc0p9v125c
                                                          2.688000  
U5388                     STQ_EN3_3       um28nchllogl35hsl140f_ssgwc0p9v125c
                                                          4.032000  
U5389                     STQ_EN3_3       um28nchllogl35hsl140f_ssgwc0p9v125c
                                                          4.032000  
U5390                     STQ_INV_S_24    um28nchllogl35hsl140f_ssgwc0p9v125c
                                                          4.368000  
U5391                     STQ_INV_S_24    um28nchllogl35hsl140f_ssgwc0p9v125c
                                                          4.368000  
U5392                     STQ_ND2_16      um28nchllogl35hsl140f_ssgwc0p9v125c
                                                          5.544000  
U5393                     STQ_NR4_1       um28nchllogl35hsl140f_ssgwc0p9v125c
                                                          0.840000  
U5394                     STQ_EO3_2       um28nchllogl35hsl140f_ssgwc0p9v125c
                                                          2.688000  
U5395                     STQ_NR2_G_4     um28nchllogl35hsl140f_ssgwc0p9v125c
                                                          1.512000  
U5396                     STQ_EN2_4       um28nchllogl35hsl140f_ssgwc0p9v125c
                                                          3.024000  
U5397                     STQ_EN2_8       um28nchllogl35hsl140f_ssgwc0p9v125c
                                                          5.880000  
U5398                     STQ_EN2_S_2     um28nchllogl35hsl140f_ssgwc0p9v125c
                                                          1.680000  
U5399                     STQ_EN3_3       um28nchllogl35hsl140f_ssgwc0p9v125c
                                                          4.032000  
U5400                     STQ_EN3_3       um28nchllogl35hsl140f_ssgwc0p9v125c
                                                          4.032000  
U5401                     STQ_OAI21_0P5   um28nchllogl35hsl140f_ssgwc0p9v125c
                                                          0.672000  
U5402                     STQ_OAI21B_1    um28nchllogl35hsl140f_ssgwc0p9v125c
                                                          0.840000  
U5403                     STQ_EO3_3       um28nchllogl35hsl140f_ssgwc0p9v125c
                                                          4.200000  
U5404                     STQ_ND4_MM_8    um28nchllogl35hsl140f_ssgwc0p9v125c
                                                          4.536000  
U5405                     STQ_EN2_S_2     um28nchllogl35hsl140f_ssgwc0p9v125c
                                                          1.680000  
U5406                     STQ_ND2_G_3     um28nchllogl35hsl140f_ssgwc0p9v125c
                                                          1.176000  
U5407                     STQ_ND3_2       um28nchllogl35hsl140f_ssgwc0p9v125c
                                                          1.176000  
U5408                     STQ_OAI21_0P5   um28nchllogl35hsl140f_ssgwc0p9v125c
                                                          0.672000  
U5409                     STQ_BUF_3       um28nchllogl35hsl140f_ssgwc0p9v125c
                                                          1.008000  
U5410                     STQ_EN2_6       um28nchllogl35hsl140f_ssgwc0p9v125c
                                                          4.536000  
U5411                     STQ_EN3_3       um28nchllogl35hsl140f_ssgwc0p9v125c
                                                          4.032000  
U5412                     STQ_EN3_3       um28nchllogl35hsl140f_ssgwc0p9v125c
                                                          4.032000  
U5413                     STQ_BUF_S_4     um28nchllogl35hsl140f_ssgwc0p9v125c
                                                          1.176000  
U5414                     STQ_OR2_3       um28nchllogl35hsl140f_ssgwc0p9v125c
                                                          1.344000  
U5415                     STQ_OR2_2       um28nchllogl35hsl140f_ssgwc0p9v125c
                                                          0.840000  
U5416                     STQ_EN2_8       um28nchllogl35hsl140f_ssgwc0p9v125c
                                                          5.880000  
U5417                     STQ_NR2_3       um28nchllogl35hsl140f_ssgwc0p9v125c
                                                          1.176000  
U5418                     STQ_INV_4       um28nchllogl35hsl140f_ssgwc0p9v125c
                                                          0.840000  
U5419                     STQ_ND2_G_1     um28nchllogl35hsl140f_ssgwc0p9v125c
                                                          0.504000  
U5420                     STQ_EO3_3       um28nchllogl35hsl140f_ssgwc0p9v125c
                                                          4.200000  
U5421                     STQ_EO3_3       um28nchllogl35hsl140f_ssgwc0p9v125c
                                                          4.200000  
U5422                     STQ_ND2B_2      um28nchllogl35hsl140f_ssgwc0p9v125c
                                                          1.008000  
U5423                     STQ_BUF_S_18    um28nchllogl35hsl140f_ssgwc0p9v125c
                                                          4.536000  
U5424                     STQ_NR2_2       um28nchllogl35hsl140f_ssgwc0p9v125c
                                                          0.840000  
U5425                     STQ_EN3_3       um28nchllogl35hsl140f_ssgwc0p9v125c
                                                          4.032000  
U5426                     STQ_INV_2       um28nchllogl35hsl140f_ssgwc0p9v125c
                                                          0.504000  
U5427                     STQ_NR2_2       um28nchllogl35hsl140f_ssgwc0p9v125c
                                                          0.840000  
U5428                     STQ_NR2_3       um28nchllogl35hsl140f_ssgwc0p9v125c
                                                          1.176000  
U5429                     STQ_OAI21_0P5   um28nchllogl35hsl140f_ssgwc0p9v125c
                                                          0.672000  
U5430                     STQ_EN3_3       um28nchllogl35hsl140f_ssgwc0p9v125c
                                                          4.032000  
U5431                     STQ_OAI21_1     um28nchllogl35hsl140f_ssgwc0p9v125c
                                                          0.672000  
U5432                     STQ_ND3_2       um28nchllogl35hsl140f_ssgwc0p9v125c
                                                          1.176000  
U5433                     STQ_NR2_G_12    um28nchllogl35hsl140f_ssgwc0p9v125c
                                                          4.200000  
U5434                     STQ_EN2_4       um28nchllogl35hsl140f_ssgwc0p9v125c
                                                          3.024000  
U5435                     STQ_ND2B_2      um28nchllogl35hsl140f_ssgwc0p9v125c
                                                          1.008000  
U5436                     STQ_NR2_1       um28nchllogl35hsl140f_ssgwc0p9v125c
                                                          0.504000  
U5437                     STQ_EN3_6       um28nchllogl35hsl140f_ssgwc0p9v125c
                                                          6.888000  
U5438                     STQ_NR2B_16     um28nchllogl35hsl140f_ssgwc0p9v125c
                                                          6.552000  
U5439                     STQ_OR3B_4      um28nchllogl35hsl140f_ssgwc0p9v125c
                                                          2.184000  
U5440                     STQ_EN2_8       um28nchllogl35hsl140f_ssgwc0p9v125c
                                                          5.880000  
U5441                     STQ_INV_S_1     um28nchllogl35hsl140f_ssgwc0p9v125c
                                                          0.336000  
U5442                     STQ_EN3_3       um28nchllogl35hsl140f_ssgwc0p9v125c
                                                          4.032000  
U5443                     STQ_EO3_3       um28nchllogl35hsl140f_ssgwc0p9v125c
                                                          4.200000  
U5444                     STQ_EO3_3       um28nchllogl35hsl140f_ssgwc0p9v125c
                                                          4.200000  
U5445                     STQ_EN2_8       um28nchllogl35hsl140f_ssgwc0p9v125c
                                                          5.880000  
U5446                     STQ_EO2_4       um28nchllogl35hsl140f_ssgwc0p9v125c
                                                          3.024000  
U5447                     STQ_EN3_6       um28nchllogl35hsl140f_ssgwc0p9v125c
                                                          6.888000  
U5448                     STQ_EN3_6       um28nchllogl35hsl140f_ssgwc0p9v125c
                                                          6.888000  
U5449                     STQ_NR2_G_5     um28nchllogl35hsl140f_ssgwc0p9v125c
                                                          1.848000  
U5450                     STQ_INV_2       um28nchllogl35hsl140f_ssgwc0p9v125c
                                                          0.504000  
U5451                     STQ_ND3_5       um28nchllogl35hsl140f_ssgwc0p9v125c
                                                          2.688000  
U5452                     STQ_OAI21B_0P5  um28nchllogl35hsl140f_ssgwc0p9v125c
                                                          0.840000  
U5453                     STQ_OAI21_1     um28nchllogl35hsl140f_ssgwc0p9v125c
                                                          0.672000  
U5454                     STQ_OAI21_1     um28nchllogl35hsl140f_ssgwc0p9v125c
                                                          0.672000  
U5455                     STQ_ND2B_1      um28nchllogl35hsl140f_ssgwc0p9v125c
                                                          0.672000  
U5456                     STQ_EN3_3       um28nchllogl35hsl140f_ssgwc0p9v125c
                                                          4.032000  
U5457                     STQ_EO2_4       um28nchllogl35hsl140f_ssgwc0p9v125c
                                                          3.024000  
U5458                     STQ_EN2_S_2     um28nchllogl35hsl140f_ssgwc0p9v125c
                                                          1.680000  
U5459                     STQ_ND2B_2      um28nchllogl35hsl140f_ssgwc0p9v125c
                                                          1.008000  
U5460                     STQ_EN3_3       um28nchllogl35hsl140f_ssgwc0p9v125c
                                                          4.032000  
U5461                     STQ_NR2_G_12    um28nchllogl35hsl140f_ssgwc0p9v125c
                                                          4.200000  
U5462                     STQ_EN3_3       um28nchllogl35hsl140f_ssgwc0p9v125c
                                                          4.032000  
U5463                     STQ_EN3_3       um28nchllogl35hsl140f_ssgwc0p9v125c
                                                          4.032000  
U5464                     STQ_INV_S_1     um28nchllogl35hsl140f_ssgwc0p9v125c
                                                          0.336000  
U5465                     STQ_EN3_3       um28nchllogl35hsl140f_ssgwc0p9v125c
                                                          4.032000  
U5466                     STQ_ND4_MM_8    um28nchllogl35hsl140f_ssgwc0p9v125c
                                                          4.536000  
U5467                     STQ_ND3B_4      um28nchllogl35hsl140f_ssgwc0p9v125c
                                                          2.520000  
U5468                     STQ_EO3_3       um28nchllogl35hsl140f_ssgwc0p9v125c
                                                          4.200000  
U5469                     STQ_ND4_MM_1P5  um28nchllogl35hsl140f_ssgwc0p9v125c
                                                          1.512000  
U5470                     STQ_NR2_2       um28nchllogl35hsl140f_ssgwc0p9v125c
                                                          0.840000  
U5471                     STQ_EN3_3       um28nchllogl35hsl140f_ssgwc0p9v125c
                                                          4.032000  
U5472                     STQ_BUF_S_4     um28nchllogl35hsl140f_ssgwc0p9v125c
                                                          1.176000  
U5473                     STQ_INV_6       um28nchllogl35hsl140f_ssgwc0p9v125c
                                                          1.176000  
U5474                     STQ_INV_2       um28nchllogl35hsl140f_ssgwc0p9v125c
                                                          0.504000  
U5475                     STQ_EN3_3       um28nchllogl35hsl140f_ssgwc0p9v125c
                                                          4.032000  
U5476                     STQ_INV_2       um28nchllogl35hsl140f_ssgwc0p9v125c
                                                          0.504000  
U5477                     STQ_EO3_3       um28nchllogl35hsl140f_ssgwc0p9v125c
                                                          4.200000  
U5478                     STQ_EN3_3       um28nchllogl35hsl140f_ssgwc0p9v125c
                                                          4.032000  
U5479                     STQ_AN2_7       um28nchllogl35hsl140f_ssgwc0p9v125c
                                                          2.688000  
U5480                     STQ_EN2_8       um28nchllogl35hsl140f_ssgwc0p9v125c
                                                          5.880000  
U5481                     STQ_EN2_8       um28nchllogl35hsl140f_ssgwc0p9v125c
                                                          5.880000  
U5482                     STQ_EO3_2       um28nchllogl35hsl140f_ssgwc0p9v125c
                                                          2.688000  
U5483                     STQ_OAI21_0P5   um28nchllogl35hsl140f_ssgwc0p9v125c
                                                          0.672000  
U5484                     STQ_EN3_3       um28nchllogl35hsl140f_ssgwc0p9v125c
                                                          4.032000  
U5485                     STQ_ND2_5       um28nchllogl35hsl140f_ssgwc0p9v125c
                                                          1.848000  
U5486                     STQ_INV_3P5     um28nchllogl35hsl140f_ssgwc0p9v125c
                                                          0.840000  
U5487                     STQ_EO2_6       um28nchllogl35hsl140f_ssgwc0p9v125c
                                                          4.536000  
U5488                     STQ_NR2_G_4     um28nchllogl35hsl140f_ssgwc0p9v125c
                                                          1.512000  
U5489                     STQ_OR3_1       um28nchllogl35hsl140f_ssgwc0p9v125c
                                                          0.840000  
U5490                     STQ_ND2_S_5     um28nchllogl35hsl140f_ssgwc0p9v125c
                                                          1.512000  
U5491                     STQ_NR2B_1      um28nchllogl35hsl140f_ssgwc0p9v125c
                                                          0.672000  
U5492                     STQ_EN3_3       um28nchllogl35hsl140f_ssgwc0p9v125c
                                                          4.032000  
U5493                     STQ_EO3_3       um28nchllogl35hsl140f_ssgwc0p9v125c
                                                          4.200000  
U5494                     STQ_EN3_3       um28nchllogl35hsl140f_ssgwc0p9v125c
                                                          4.032000  
U5495                     STQ_EN3_6       um28nchllogl35hsl140f_ssgwc0p9v125c
                                                          6.888000  
U5496                     STQ_EN3_3       um28nchllogl35hsl140f_ssgwc0p9v125c
                                                          4.032000  
U5497                     STQ_EN3_3       um28nchllogl35hsl140f_ssgwc0p9v125c
                                                          4.032000  
U5498                     STQ_EN3_3       um28nchllogl35hsl140f_ssgwc0p9v125c
                                                          4.032000  
U5499                     STQ_EN2_6       um28nchllogl35hsl140f_ssgwc0p9v125c
                                                          4.536000  
U5500                     STQ_EN3_3       um28nchllogl35hsl140f_ssgwc0p9v125c
                                                          4.032000  
U5501                     STQ_EN3_3       um28nchllogl35hsl140f_ssgwc0p9v125c
                                                          4.032000  
U5502                     STQ_EN3_3       um28nchllogl35hsl140f_ssgwc0p9v125c
                                                          4.032000  
U5503                     STQ_ND2_S_5     um28nchllogl35hsl140f_ssgwc0p9v125c
                                                          1.512000  
U5504                     STQ_ND2_G_4     um28nchllogl35hsl140f_ssgwc0p9v125c
                                                          1.512000  
U5505                     STQ_AOI21_0P75  um28nchllogl35hsl140f_ssgwc0p9v125c
                                                          0.672000  
U5506                     STQ_AOI21_0P75  um28nchllogl35hsl140f_ssgwc0p9v125c
                                                          0.672000  
U5507                     STQ_AOI21_0P75  um28nchllogl35hsl140f_ssgwc0p9v125c
                                                          0.672000  
U5508                     STQ_AOI21_0P75  um28nchllogl35hsl140f_ssgwc0p9v125c
                                                          0.672000  
U5509                     STQ_OA2BB2_1    um28nchllogl35hsl140f_ssgwc0p9v125c
                                                          1.008000  
U5510                     STQ_OA2BB2_1    um28nchllogl35hsl140f_ssgwc0p9v125c
                                                          1.008000  
U5511                     STQ_AOI21_0P75  um28nchllogl35hsl140f_ssgwc0p9v125c
                                                          0.672000  
U5512                     STQ_EN3_3       um28nchllogl35hsl140f_ssgwc0p9v125c
                                                          4.032000  
U5513                     STQ_EO3_3       um28nchllogl35hsl140f_ssgwc0p9v125c
                                                          4.200000  
U5514                     STQ_EO2_3       um28nchllogl35hsl140f_ssgwc0p9v125c
                                                          2.856000  
U5515                     STQ_EN3_3       um28nchllogl35hsl140f_ssgwc0p9v125c
                                                          4.032000  
U5516                     STQ_EN3_1       um28nchllogl35hsl140f_ssgwc0p9v125c
                                                          2.184000  
U5517                     STQ_EN3_3       um28nchllogl35hsl140f_ssgwc0p9v125c
                                                          4.032000  
U5518                     STQ_EO3_3       um28nchllogl35hsl140f_ssgwc0p9v125c
                                                          4.200000  
U5519                     STQ_EO3_3       um28nchllogl35hsl140f_ssgwc0p9v125c
                                                          4.200000  
U5520                     STQ_EO3_3       um28nchllogl35hsl140f_ssgwc0p9v125c
                                                          4.200000  
U5521                     STQ_EN3_3       um28nchllogl35hsl140f_ssgwc0p9v125c
                                                          4.032000  
U5522                     STQ_EN3_3       um28nchllogl35hsl140f_ssgwc0p9v125c
                                                          4.032000  
U5523                     STQ_EN2_8       um28nchllogl35hsl140f_ssgwc0p9v125c
                                                          5.880000  
U5524                     STQ_EN2_6       um28nchllogl35hsl140f_ssgwc0p9v125c
                                                          4.536000  
U5525                     STQ_NR2_G_0P8   um28nchllogl35hsl140f_ssgwc0p9v125c
                                                          0.504000  
U5526                     STQ_EN2_8       um28nchllogl35hsl140f_ssgwc0p9v125c
                                                          5.880000  
U5527                     STQ_EN3_3       um28nchllogl35hsl140f_ssgwc0p9v125c
                                                          4.032000  
U5528                     STQ_EN3_3       um28nchllogl35hsl140f_ssgwc0p9v125c
                                                          4.032000  
U5529                     STQ_EO3_3       um28nchllogl35hsl140f_ssgwc0p9v125c
                                                          4.200000  
U5530                     STQ_EN3_3       um28nchllogl35hsl140f_ssgwc0p9v125c
                                                          4.032000  
U5531                     STQ_EN3_6       um28nchllogl35hsl140f_ssgwc0p9v125c
                                                          6.888000  
U5532                     STQ_EN3_3       um28nchllogl35hsl140f_ssgwc0p9v125c
                                                          4.032000  
U5533                     STQ_EN2_6       um28nchllogl35hsl140f_ssgwc0p9v125c
                                                          4.536000  
U5534                     STQ_INV_S_0P65  um28nchllogl35hsl140f_ssgwc0p9v125c
                                                          0.336000  
U5535                     STQ_ND3_5       um28nchllogl35hsl140f_ssgwc0p9v125c
                                                          2.688000  
U5536                     STQ_NR2_G_4     um28nchllogl35hsl140f_ssgwc0p9v125c
                                                          1.512000  
U5537                     STQ_NR2_G_4     um28nchllogl35hsl140f_ssgwc0p9v125c
                                                          1.512000  
U5538                     STQ_NR2_G_0P8   um28nchllogl35hsl140f_ssgwc0p9v125c
                                                          0.504000  
U5539                     STQ_NR3_G_4     um28nchllogl35hsl140f_ssgwc0p9v125c
                                                          2.184000  
U5540                     STQ_INV_3P5     um28nchllogl35hsl140f_ssgwc0p9v125c
                                                          0.840000  
U5541                     STQ_ND2_S_5     um28nchllogl35hsl140f_ssgwc0p9v125c
                                                          1.512000  
U5542                     STQ_INV_3P5     um28nchllogl35hsl140f_ssgwc0p9v125c
                                                          0.840000  
U5543                     STQ_AOAI211_0P75
                                          um28nchllogl35hsl140f_ssgwc0p9v125c
                                                          0.840000  
U5544                     STQ_EN3_3       um28nchllogl35hsl140f_ssgwc0p9v125c
                                                          4.032000  
U5545                     STQ_INV_S_1P25  um28nchllogl35hsl140f_ssgwc0p9v125c
                                                          0.504000  
U5546                     STQ_EN3_3       um28nchllogl35hsl140f_ssgwc0p9v125c
                                                          4.032000  
U5547                     STQ_ND3B_4      um28nchllogl35hsl140f_ssgwc0p9v125c
                                                          2.520000  
U5548                     STQ_ND2_S_0P8   um28nchllogl35hsl140f_ssgwc0p9v125c
                                                          0.504000  
U5549                     STQ_EN3_6       um28nchllogl35hsl140f_ssgwc0p9v125c
                                                          6.888000  
U5550                     STQ_EN3_3       um28nchllogl35hsl140f_ssgwc0p9v125c
                                                          4.032000  
U5551                     STQ_EO3_3       um28nchllogl35hsl140f_ssgwc0p9v125c
                                                          4.200000  
U5552                     STQ_EN2_8       um28nchllogl35hsl140f_ssgwc0p9v125c
                                                          5.880000  
U5553                     STQ_EN2_8       um28nchllogl35hsl140f_ssgwc0p9v125c
                                                          5.880000  
U5554                     STQ_EN2_8       um28nchllogl35hsl140f_ssgwc0p9v125c
                                                          5.880000  
U5555                     STQ_EN3_3       um28nchllogl35hsl140f_ssgwc0p9v125c
                                                          4.032000  
U5556                     STQ_EN2_6       um28nchllogl35hsl140f_ssgwc0p9v125c
                                                          4.536000  
U5557                     STQ_EN3_3       um28nchllogl35hsl140f_ssgwc0p9v125c
                                                          4.032000  
U5558                     STQ_NR2_G_0P5   um28nchllogl35hsl140f_ssgwc0p9v125c
                                                          0.504000  
U5559                     STQ_ND2_S_5     um28nchllogl35hsl140f_ssgwc0p9v125c
                                                          1.512000  
U5560                     STQ_ND2_S_1     um28nchllogl35hsl140f_ssgwc0p9v125c
                                                          0.504000  
U5561                     STQ_ND2_S_0P8   um28nchllogl35hsl140f_ssgwc0p9v125c
                                                          0.504000  
U5562                     STQ_ND2_S_1     um28nchllogl35hsl140f_ssgwc0p9v125c
                                                          0.504000  
U5563                     STQ_INV_S_0P65  um28nchllogl35hsl140f_ssgwc0p9v125c
                                                          0.336000  
U5564                     STQ_EN2_S_2     um28nchllogl35hsl140f_ssgwc0p9v125c
                                                          1.680000  
U5565                     STQ_ND2_5       um28nchllogl35hsl140f_ssgwc0p9v125c
                                                          1.848000  
U5566                     STQ_NR3_G_4     um28nchllogl35hsl140f_ssgwc0p9v125c
                                                          2.184000  
U5567                     STQ_EO3_3       um28nchllogl35hsl140f_ssgwc0p9v125c
                                                          4.200000  
U5568                     STQ_EN3_3       um28nchllogl35hsl140f_ssgwc0p9v125c
                                                          4.032000  
U5569                     STQ_EN3_3       um28nchllogl35hsl140f_ssgwc0p9v125c
                                                          4.032000  
U5570                     STQ_EO3_3       um28nchllogl35hsl140f_ssgwc0p9v125c
                                                          4.200000  
U5571                     STQ_EN2_8       um28nchllogl35hsl140f_ssgwc0p9v125c
                                                          5.880000  
U5572                     STQ_ND2B_MM_1   um28nchllogl35hsl140f_ssgwc0p9v125c
                                                          0.672000  
U5573                     STQ_EO3_3       um28nchllogl35hsl140f_ssgwc0p9v125c
                                                          4.200000  
U5574                     STQ_OAI21B_1    um28nchllogl35hsl140f_ssgwc0p9v125c
                                                          0.840000  
U5575                     STQ_NR2_2       um28nchllogl35hsl140f_ssgwc0p9v125c
                                                          0.840000  
U5576                     STQ_INV_2       um28nchllogl35hsl140f_ssgwc0p9v125c
                                                          0.504000  
U5577                     STQ_INV_S_1     um28nchllogl35hsl140f_ssgwc0p9v125c
                                                          0.336000  
U5578                     STQ_ND3_2       um28nchllogl35hsl140f_ssgwc0p9v125c
                                                          1.176000  
U5579                     STQ_OAI21_0P5   um28nchllogl35hsl140f_ssgwc0p9v125c
                                                          0.672000  
U5580                     STQ_OAI21_0P5   um28nchllogl35hsl140f_ssgwc0p9v125c
                                                          0.672000  
U5581                     STQ_OAI21_0P5   um28nchllogl35hsl140f_ssgwc0p9v125c
                                                          0.672000  
U5582                     STQ_OAI21_0P5   um28nchllogl35hsl140f_ssgwc0p9v125c
                                                          0.672000  
U5583                     STQ_EO3_3       um28nchllogl35hsl140f_ssgwc0p9v125c
                                                          4.200000  
U5584                     STQ_OAI21_0P5   um28nchllogl35hsl140f_ssgwc0p9v125c
                                                          0.672000  
U5585                     STQ_EO2_6       um28nchllogl35hsl140f_ssgwc0p9v125c
                                                          4.536000  
U5586                     STQ_ND3_2       um28nchllogl35hsl140f_ssgwc0p9v125c
                                                          1.176000  
U5587                     STQ_EN3_3       um28nchllogl35hsl140f_ssgwc0p9v125c
                                                          4.032000  
U5588                     STQ_OAI21_0P5   um28nchllogl35hsl140f_ssgwc0p9v125c
                                                          0.672000  
U5589                     STQ_OAI21_0P5   um28nchllogl35hsl140f_ssgwc0p9v125c
                                                          0.672000  
U5590                     STQ_ND4_2       um28nchllogl35hsl140f_ssgwc0p9v125c
                                                          1.512000  
U5591                     STQ_AN4B_8      um28nchllogl35hsl140f_ssgwc0p9v125c
                                                          4.872000  
U5592                     STQ_EO3_3       um28nchllogl35hsl140f_ssgwc0p9v125c
                                                          4.200000  
U5593                     STQ_EN3_3       um28nchllogl35hsl140f_ssgwc0p9v125c
                                                          4.032000  
U5594                     STQ_EO3_3       um28nchllogl35hsl140f_ssgwc0p9v125c
                                                          4.200000  
U5595                     STQ_ND2_G_1     um28nchllogl35hsl140f_ssgwc0p9v125c
                                                          0.504000  
U5596                     STQ_OAI21_0P5   um28nchllogl35hsl140f_ssgwc0p9v125c
                                                          0.672000  
U5597                     STQ_OAI21_0P5   um28nchllogl35hsl140f_ssgwc0p9v125c
                                                          0.672000  
U5598                     STQ_OAI21_0P5   um28nchllogl35hsl140f_ssgwc0p9v125c
                                                          0.672000  
U5599                     STQ_NR2_1       um28nchllogl35hsl140f_ssgwc0p9v125c
                                                          0.504000  
U5600                     STQ_EO3_3       um28nchllogl35hsl140f_ssgwc0p9v125c
                                                          4.200000  
U5601                     STQ_EN3_3       um28nchllogl35hsl140f_ssgwc0p9v125c
                                                          4.032000  
U5602                     STQ_ND3B_4      um28nchllogl35hsl140f_ssgwc0p9v125c
                                                          2.520000  
U5603                     STQ_NR4_4       um28nchllogl35hsl140f_ssgwc0p9v125c
                                                          2.856000  
U5604                     STQ_NR4_2       um28nchllogl35hsl140f_ssgwc0p9v125c
                                                          1.512000  
U5605                     STQ_OAI21_0P5   um28nchllogl35hsl140f_ssgwc0p9v125c
                                                          0.672000  
U5606                     STQ_NR2_G_5     um28nchllogl35hsl140f_ssgwc0p9v125c
                                                          1.848000  
U5607                     STQ_NR2_G_12    um28nchllogl35hsl140f_ssgwc0p9v125c
                                                          4.200000  
U5608                     STQ_EO3_3       um28nchllogl35hsl140f_ssgwc0p9v125c
                                                          4.200000  
U5609                     STQ_OAI21_0P5   um28nchllogl35hsl140f_ssgwc0p9v125c
                                                          0.672000  
U5610                     STQ_ND2_G_2     um28nchllogl35hsl140f_ssgwc0p9v125c
                                                          0.840000  
U5611                     STQ_OAI21_0P5   um28nchllogl35hsl140f_ssgwc0p9v125c
                                                          0.672000  
U5612                     STQ_OAI21_0P5   um28nchllogl35hsl140f_ssgwc0p9v125c
                                                          0.672000  
U5613                     STQ_NR3_G_2     um28nchllogl35hsl140f_ssgwc0p9v125c
                                                          1.176000  
U5614                     STQ_NR3_G_3     um28nchllogl35hsl140f_ssgwc0p9v125c
                                                          1.680000  
U5615                     STQ_OAI21_0P5   um28nchllogl35hsl140f_ssgwc0p9v125c
                                                          0.672000  
U5616                     STQ_OAI21_0P5   um28nchllogl35hsl140f_ssgwc0p9v125c
                                                          0.672000  
U5617                     STQ_ND2_G_1     um28nchllogl35hsl140f_ssgwc0p9v125c
                                                          0.504000  
U5618                     STQ_ND2_G_2     um28nchllogl35hsl140f_ssgwc0p9v125c
                                                          0.840000  
U5619                     STQ_NR2_G_0P5   um28nchllogl35hsl140f_ssgwc0p9v125c
                                                          0.504000  
U5620                     STQ_INV_2       um28nchllogl35hsl140f_ssgwc0p9v125c
                                                          0.504000  
U5621                     STQ_OAI21B_0P5  um28nchllogl35hsl140f_ssgwc0p9v125c
                                                          0.840000  
U5622                     STQ_OAI21_0P5   um28nchllogl35hsl140f_ssgwc0p9v125c
                                                          0.672000  
U5623                     STQ_EO3_3       um28nchllogl35hsl140f_ssgwc0p9v125c
                                                          4.200000  
U5624                     STQ_EO3_2       um28nchllogl35hsl140f_ssgwc0p9v125c
                                                          2.688000  
U5625                     STQ_EN3_3       um28nchllogl35hsl140f_ssgwc0p9v125c
                                                          4.032000  
U5626                     STQ_EN3_3       um28nchllogl35hsl140f_ssgwc0p9v125c
                                                          4.032000  
U5627                     STQ_EN3_6       um28nchllogl35hsl140f_ssgwc0p9v125c
                                                          6.888000  
U5628                     STQ_ND2_G_2     um28nchllogl35hsl140f_ssgwc0p9v125c
                                                          0.840000  
U5629                     STQ_ND3_5       um28nchllogl35hsl140f_ssgwc0p9v125c
                                                          2.688000  
U5630                     STQ_EO3_3       um28nchllogl35hsl140f_ssgwc0p9v125c
                                                          4.200000  
U5631                     STQ_EN3_3       um28nchllogl35hsl140f_ssgwc0p9v125c
                                                          4.032000  
U5632                     STQ_EN3_3       um28nchllogl35hsl140f_ssgwc0p9v125c
                                                          4.032000  
U5633                     STQ_EN2_8       um28nchllogl35hsl140f_ssgwc0p9v125c
                                                          5.880000  
U5634                     STQ_ND3B_V1DG_2 um28nchllogl35hsl140f_ssgwc0p9v125c
                                                          1.344000  
U5635                     STQ_EN3_6       um28nchllogl35hsl140f_ssgwc0p9v125c
                                                          6.888000  
U5636                     STQ_OAI21_0P5   um28nchllogl35hsl140f_ssgwc0p9v125c
                                                          0.672000  
U5637                     STQ_OAI21B_0P5  um28nchllogl35hsl140f_ssgwc0p9v125c
                                                          0.840000  
U5638                     STQ_OAI21B_0P5  um28nchllogl35hsl140f_ssgwc0p9v125c
                                                          0.840000  
U5639                     STQ_EN3_3       um28nchllogl35hsl140f_ssgwc0p9v125c
                                                          4.032000  
U5640                     STQ_EO3_3       um28nchllogl35hsl140f_ssgwc0p9v125c
                                                          4.200000  
U5641                     STQ_OAI21_0P5   um28nchllogl35hsl140f_ssgwc0p9v125c
                                                          0.672000  
U5642                     STQ_OAI21_0P5   um28nchllogl35hsl140f_ssgwc0p9v125c
                                                          0.672000  
U5643                     STQ_ND2_S_5     um28nchllogl35hsl140f_ssgwc0p9v125c
                                                          1.512000  
U5644                     STQ_EO3_1       um28nchllogl35hsl140f_ssgwc0p9v125c
                                                          2.184000  
U5645                     STQ_EN3_6       um28nchllogl35hsl140f_ssgwc0p9v125c
                                                          6.888000  
U5646                     STQ_OAI21_0P5   um28nchllogl35hsl140f_ssgwc0p9v125c
                                                          0.672000  
U5647                     STQ_ND2_G_2     um28nchllogl35hsl140f_ssgwc0p9v125c
                                                          0.840000  
U5648                     STQ_ND2_S_5     um28nchllogl35hsl140f_ssgwc0p9v125c
                                                          1.512000  
U5649                     STQ_OAI21_0P5   um28nchllogl35hsl140f_ssgwc0p9v125c
                                                          0.672000  
U5650                     STQ_EN3_3       um28nchllogl35hsl140f_ssgwc0p9v125c
                                                          4.032000  
U5651                     STQ_EN3_3       um28nchllogl35hsl140f_ssgwc0p9v125c
                                                          4.032000  
U5652                     STQ_INV_3P5     um28nchllogl35hsl140f_ssgwc0p9v125c
                                                          0.840000  
U5653                     STQ_EN3_3       um28nchllogl35hsl140f_ssgwc0p9v125c
                                                          4.032000  
U5654                     STQ_EN3_6       um28nchllogl35hsl140f_ssgwc0p9v125c
                                                          6.888000  
U5655                     STQ_EN3_3       um28nchllogl35hsl140f_ssgwc0p9v125c
                                                          4.032000  
U5656                     STQ_EN3_3       um28nchllogl35hsl140f_ssgwc0p9v125c
                                                          4.032000  
U5657                     STQ_EN2_4       um28nchllogl35hsl140f_ssgwc0p9v125c
                                                          3.024000  
U5658                     STQ_OR2_4       um28nchllogl35hsl140f_ssgwc0p9v125c
                                                          1.512000  
U5659                     STQ_ND3_2       um28nchllogl35hsl140f_ssgwc0p9v125c
                                                          1.176000  
U5660                     STQ_OAI21_0P5   um28nchllogl35hsl140f_ssgwc0p9v125c
                                                          0.672000  
U5661                     STQ_ND2_S_10    um28nchllogl35hsl140f_ssgwc0p9v125c
                                                          2.856000  
U5662                     STQ_EO3_3       um28nchllogl35hsl140f_ssgwc0p9v125c
                                                          4.200000  
U5663                     STQ_INV_2       um28nchllogl35hsl140f_ssgwc0p9v125c
                                                          0.504000  
U5664                     STQ_EN3_3       um28nchllogl35hsl140f_ssgwc0p9v125c
                                                          4.032000  
U5665                     STQ_EN3_3       um28nchllogl35hsl140f_ssgwc0p9v125c
                                                          4.032000  
U5666                     STQ_EN3_3       um28nchllogl35hsl140f_ssgwc0p9v125c
                                                          4.032000  
U5667                     STQ_INV_S_1     um28nchllogl35hsl140f_ssgwc0p9v125c
                                                          0.336000  
U5668                     STQ_NR3B_MG_2   um28nchllogl35hsl140f_ssgwc0p9v125c
                                                          1.344000  
U5669                     STQ_OAI21_0P5   um28nchllogl35hsl140f_ssgwc0p9v125c
                                                          0.672000  
U5670                     STQ_OAI21_0P5   um28nchllogl35hsl140f_ssgwc0p9v125c
                                                          0.672000  
U5671                     STQ_NR2_G_12    um28nchllogl35hsl140f_ssgwc0p9v125c
                                                          4.200000  
U5672                     STQ_INV_3P5     um28nchllogl35hsl140f_ssgwc0p9v125c
                                                          0.840000  
U5673                     STQ_EN3_3       um28nchllogl35hsl140f_ssgwc0p9v125c
                                                          4.032000  
U5674                     STQ_EN3_3       um28nchllogl35hsl140f_ssgwc0p9v125c
                                                          4.032000  
U5675                     STQ_OR2_3       um28nchllogl35hsl140f_ssgwc0p9v125c
                                                          1.344000  
U5676                     STQ_NR2_2       um28nchllogl35hsl140f_ssgwc0p9v125c
                                                          0.840000  
U5677                     STQ_OAI21B_0P5  um28nchllogl35hsl140f_ssgwc0p9v125c
                                                          0.840000  
U5678                     STQ_OA21B_2     um28nchllogl35hsl140f_ssgwc0p9v125c
                                                          1.176000  
U5679                     STQ_ND2_G_2     um28nchllogl35hsl140f_ssgwc0p9v125c
                                                          0.840000  
U5680                     STQ_EN3_3       um28nchllogl35hsl140f_ssgwc0p9v125c
                                                          4.032000  
U5681                     STQ_EN3_3       um28nchllogl35hsl140f_ssgwc0p9v125c
                                                          4.032000  
U5682                     STQ_OAI21_0P5   um28nchllogl35hsl140f_ssgwc0p9v125c
                                                          0.672000  
U5683                     STQ_OAI21_0P5   um28nchllogl35hsl140f_ssgwc0p9v125c
                                                          0.672000  
U5684                     STQ_EN3_3       um28nchllogl35hsl140f_ssgwc0p9v125c
                                                          4.032000  
U5685                     STQ_EN3_3       um28nchllogl35hsl140f_ssgwc0p9v125c
                                                          4.032000  
U5686                     STQ_EN3_3       um28nchllogl35hsl140f_ssgwc0p9v125c
                                                          4.032000  
U5687                     STQ_EN3_3       um28nchllogl35hsl140f_ssgwc0p9v125c
                                                          4.032000  
U5688                     STQ_OAI21_0P5   um28nchllogl35hsl140f_ssgwc0p9v125c
                                                          0.672000  
U5689                     STQ_NR2_1       um28nchllogl35hsl140f_ssgwc0p9v125c
                                                          0.504000  
U5690                     STQ_NR2_2       um28nchllogl35hsl140f_ssgwc0p9v125c
                                                          0.840000  
U5691                     STQ_EN3_3       um28nchllogl35hsl140f_ssgwc0p9v125c
                                                          4.032000  
U5692                     STQ_EN3_3       um28nchllogl35hsl140f_ssgwc0p9v125c
                                                          4.032000  
U5693                     STQ_EO2_3       um28nchllogl35hsl140f_ssgwc0p9v125c
                                                          2.856000  
U5694                     STQ_OR2_4       um28nchllogl35hsl140f_ssgwc0p9v125c
                                                          1.512000  
U5695                     STQ_OAI21_0P5   um28nchllogl35hsl140f_ssgwc0p9v125c
                                                          0.672000  
U5696                     STQ_EO3_3       um28nchllogl35hsl140f_ssgwc0p9v125c
                                                          4.200000  
U5697                     STQ_EO3_3       um28nchllogl35hsl140f_ssgwc0p9v125c
                                                          4.200000  
U5698                     STQ_OR3B_2      um28nchllogl35hsl140f_ssgwc0p9v125c
                                                          1.176000  
U5699                     STQ_EN2_6       um28nchllogl35hsl140f_ssgwc0p9v125c
                                                          4.536000  
U5700                     STQ_EN2_S_2     um28nchllogl35hsl140f_ssgwc0p9v125c
                                                          1.680000  
U5701                     STQ_OAI21_1     um28nchllogl35hsl140f_ssgwc0p9v125c
                                                          0.672000  
U5702                     STQ_OAI21_1     um28nchllogl35hsl140f_ssgwc0p9v125c
                                                          0.672000  
U5703                     STQ_AN4B_1      um28nchllogl35hsl140f_ssgwc0p9v125c
                                                          1.008000  
U5704                     STQ_NR2_G_0P5   um28nchllogl35hsl140f_ssgwc0p9v125c
                                                          0.504000  
U5705                     STQ_NR2_G_0P5   um28nchllogl35hsl140f_ssgwc0p9v125c
                                                          0.504000  
U5706                     STQ_NR2_G_0P5   um28nchllogl35hsl140f_ssgwc0p9v125c
                                                          0.504000  
U5707                     STQ_NR2_G_0P5   um28nchllogl35hsl140f_ssgwc0p9v125c
                                                          0.504000  
U5708                     STQ_NR2_G_0P5   um28nchllogl35hsl140f_ssgwc0p9v125c
                                                          0.504000  
U5709                     STQ_AOI21_0P75  um28nchllogl35hsl140f_ssgwc0p9v125c
                                                          0.672000  
U5710                     STQ_AOI21_0P75  um28nchllogl35hsl140f_ssgwc0p9v125c
                                                          0.672000  
U5711                     STQ_AOI21_0P75  um28nchllogl35hsl140f_ssgwc0p9v125c
                                                          0.672000  
U5712                     STQ_AOI21_0P75  um28nchllogl35hsl140f_ssgwc0p9v125c
                                                          0.672000  
U5713                     STQ_AOI21_0P75  um28nchllogl35hsl140f_ssgwc0p9v125c
                                                          0.672000  
U5714                     STQ_AOI21_0P75  um28nchllogl35hsl140f_ssgwc0p9v125c
                                                          0.672000  
U5715                     STQ_AOI21_0P75  um28nchllogl35hsl140f_ssgwc0p9v125c
                                                          0.672000  
U5716                     STQ_NR2_G_0P8   um28nchllogl35hsl140f_ssgwc0p9v125c
                                                          0.504000  
U5717                     STQ_EN3_3       um28nchllogl35hsl140f_ssgwc0p9v125c
                                                          4.032000  
U5718                     STQ_EN2_8       um28nchllogl35hsl140f_ssgwc0p9v125c
                                                          5.880000  
U5719                     STQ_ND3B_0P5    um28nchllogl35hsl140f_ssgwc0p9v125c
                                                          0.840000  
U5720                     STQ_EN3_3       um28nchllogl35hsl140f_ssgwc0p9v125c
                                                          4.032000  
U5721                     STQ_NR2B_V1DG_1 um28nchllogl35hsl140f_ssgwc0p9v125c
                                                          0.672000  
U5722                     STQ_NR3_G_1P5   um28nchllogl35hsl140f_ssgwc0p9v125c
                                                          1.176000  
U5723                     STQ_EN2_8       um28nchllogl35hsl140f_ssgwc0p9v125c
                                                          5.880000  
U5724                     STQ_EO3_3       um28nchllogl35hsl140f_ssgwc0p9v125c
                                                          4.200000  
U5725                     STQ_EN3_1       um28nchllogl35hsl140f_ssgwc0p9v125c
                                                          2.184000  
U5726                     STQ_EN2_8       um28nchllogl35hsl140f_ssgwc0p9v125c
                                                          5.880000  
U5727                     STQ_EN3_3       um28nchllogl35hsl140f_ssgwc0p9v125c
                                                          4.032000  
U5728                     STQ_NR2_G_0P8   um28nchllogl35hsl140f_ssgwc0p9v125c
                                                          0.504000  
U5729                     STQ_ND3_5       um28nchllogl35hsl140f_ssgwc0p9v125c
                                                          2.688000  
U5730                     STQ_EN2_8       um28nchllogl35hsl140f_ssgwc0p9v125c
                                                          5.880000  
U5731                     STQ_EO3_3       um28nchllogl35hsl140f_ssgwc0p9v125c
                                                          4.200000  
U5732                     STQ_EN3_3       um28nchllogl35hsl140f_ssgwc0p9v125c
                                                          4.032000  
U5733                     STQ_EN3_3       um28nchllogl35hsl140f_ssgwc0p9v125c
                                                          4.032000  
U5734                     STQ_EN3_3       um28nchllogl35hsl140f_ssgwc0p9v125c
                                                          4.032000  
U5735                     STQ_EN2_8       um28nchllogl35hsl140f_ssgwc0p9v125c
                                                          5.880000  
U5736                     STQ_ND2_S_0P8   um28nchllogl35hsl140f_ssgwc0p9v125c
                                                          0.504000  
U5737                     STQ_AN3B_0P5    um28nchllogl35hsl140f_ssgwc0p9v125c
                                                          0.840000  
U5738                     STQ_EN3_3       um28nchllogl35hsl140f_ssgwc0p9v125c
                                                          4.032000  
U5739                     STQ_EO3_3       um28nchllogl35hsl140f_ssgwc0p9v125c
                                                          4.200000  
U5740                     STQ_EO3_3       um28nchllogl35hsl140f_ssgwc0p9v125c
                                                          4.200000  
U5741                     STQ_OR2_2       um28nchllogl35hsl140f_ssgwc0p9v125c
                                                          0.840000  
U5742                     STQ_EN3_3       um28nchllogl35hsl140f_ssgwc0p9v125c
                                                          4.032000  
U5743                     STQ_EN3_3       um28nchllogl35hsl140f_ssgwc0p9v125c
                                                          4.032000  
U5744                     STQ_EO3_3       um28nchllogl35hsl140f_ssgwc0p9v125c
                                                          4.200000  
U5745                     STQ_EO3_3       um28nchllogl35hsl140f_ssgwc0p9v125c
                                                          4.200000  
U5746                     STQ_EO3_3       um28nchllogl35hsl140f_ssgwc0p9v125c
                                                          4.200000  
U5747                     STQ_EO3_3       um28nchllogl35hsl140f_ssgwc0p9v125c
                                                          4.200000  
U5748                     STQ_EN3_6       um28nchllogl35hsl140f_ssgwc0p9v125c
                                                          6.888000  
U5749                     STQ_INV_3P5     um28nchllogl35hsl140f_ssgwc0p9v125c
                                                          0.840000  
U5750                     STQ_EN3_3       um28nchllogl35hsl140f_ssgwc0p9v125c
                                                          4.032000  
U5751                     STQ_EN3_3       um28nchllogl35hsl140f_ssgwc0p9v125c
                                                          4.032000  
U5752                     STQ_OAI21_0P5   um28nchllogl35hsl140f_ssgwc0p9v125c
                                                          0.672000  
U5753                     STQ_NR3_G_2     um28nchllogl35hsl140f_ssgwc0p9v125c
                                                          1.176000  
U5754                     STQ_ND2_G_1     um28nchllogl35hsl140f_ssgwc0p9v125c
                                                          0.504000  
U5755                     STQ_OAI21_0P5   um28nchllogl35hsl140f_ssgwc0p9v125c
                                                          0.672000  
U5756                     STQ_NR3_G_2     um28nchllogl35hsl140f_ssgwc0p9v125c
                                                          1.176000  
U5757                     STQ_OAI21B_0P5  um28nchllogl35hsl140f_ssgwc0p9v125c
                                                          0.840000  
U5758                     STQ_OAI21B_0P5  um28nchllogl35hsl140f_ssgwc0p9v125c
                                                          0.840000  
U5759                     STQ_OAI21B_0P5  um28nchllogl35hsl140f_ssgwc0p9v125c
                                                          0.840000  
U5760                     STQ_OAI21B_0P5  um28nchllogl35hsl140f_ssgwc0p9v125c
                                                          0.840000  
U5761                     STQ_OAI21B_0P5  um28nchllogl35hsl140f_ssgwc0p9v125c
                                                          0.840000  
U5762                     STQ_OAI21B_0P5  um28nchllogl35hsl140f_ssgwc0p9v125c
                                                          0.840000  
U5763                     STQ_EN3_3       um28nchllogl35hsl140f_ssgwc0p9v125c
                                                          4.032000  
U5764                     STQ_EO2_3       um28nchllogl35hsl140f_ssgwc0p9v125c
                                                          2.856000  
U5765                     STQ_OAI21_0P5   um28nchllogl35hsl140f_ssgwc0p9v125c
                                                          0.672000  
U5766                     STQ_OAI21_0P5   um28nchllogl35hsl140f_ssgwc0p9v125c
                                                          0.672000  
U5767                     STQ_OAI21_0P5   um28nchllogl35hsl140f_ssgwc0p9v125c
                                                          0.672000  
U5768                     STQ_ND3_2       um28nchllogl35hsl140f_ssgwc0p9v125c
                                                          1.176000  
U5769                     STQ_ND3_2       um28nchllogl35hsl140f_ssgwc0p9v125c
                                                          1.176000  
U5770                     STQ_NR2_2       um28nchllogl35hsl140f_ssgwc0p9v125c
                                                          0.840000  
U5771                     STQ_INV_2       um28nchllogl35hsl140f_ssgwc0p9v125c
                                                          0.504000  
U5772                     STQ_OAI21_0P5   um28nchllogl35hsl140f_ssgwc0p9v125c
                                                          0.672000  
U5773                     STQ_OAI21_0P5   um28nchllogl35hsl140f_ssgwc0p9v125c
                                                          0.672000  
U5774                     STQ_EN3_3       um28nchllogl35hsl140f_ssgwc0p9v125c
                                                          4.032000  
U5775                     STQ_OAI21_0P5   um28nchllogl35hsl140f_ssgwc0p9v125c
                                                          0.672000  
U5776                     STQ_OAI21_0P5   um28nchllogl35hsl140f_ssgwc0p9v125c
                                                          0.672000  
U5777                     STQ_EO2_3       um28nchllogl35hsl140f_ssgwc0p9v125c
                                                          2.856000  
U5778                     STQ_ND2_G_2     um28nchllogl35hsl140f_ssgwc0p9v125c
                                                          0.840000  
U5779                     STQ_OAI21_0P5   um28nchllogl35hsl140f_ssgwc0p9v125c
                                                          0.672000  
U5780                     STQ_EO3_2       um28nchllogl35hsl140f_ssgwc0p9v125c
                                                          2.688000  
U5781                     STQ_OAI21_0P5   um28nchllogl35hsl140f_ssgwc0p9v125c
                                                          0.672000  
U5782                     STQ_OAI21_0P5   um28nchllogl35hsl140f_ssgwc0p9v125c
                                                          0.672000  
U5783                     STQ_EO3_3       um28nchllogl35hsl140f_ssgwc0p9v125c
                                                          4.200000  
U5784                     STQ_EN3_6       um28nchllogl35hsl140f_ssgwc0p9v125c
                                                          6.888000  
U5785                     STQ_EO3_3       um28nchllogl35hsl140f_ssgwc0p9v125c
                                                          4.200000  
U5786                     STQ_EO3_3       um28nchllogl35hsl140f_ssgwc0p9v125c
                                                          4.200000  
U5787                     STQ_EN2_8       um28nchllogl35hsl140f_ssgwc0p9v125c
                                                          5.880000  
U5788                     STQ_OAI21_0P5   um28nchllogl35hsl140f_ssgwc0p9v125c
                                                          0.672000  
U5789                     STQ_OAI21_0P5   um28nchllogl35hsl140f_ssgwc0p9v125c
                                                          0.672000  
U5790                     STQ_OAI21_0P5   um28nchllogl35hsl140f_ssgwc0p9v125c
                                                          0.672000  
U5791                     STQ_INV_6P5     um28nchllogl35hsl140f_ssgwc0p9v125c
                                                          1.344000  
U5792                     STQ_ND2_S_1     um28nchllogl35hsl140f_ssgwc0p9v125c
                                                          0.504000  
U5793                     STQ_ND2_S_1     um28nchllogl35hsl140f_ssgwc0p9v125c
                                                          0.504000  
U5794                     STQ_EO3_3       um28nchllogl35hsl140f_ssgwc0p9v125c
                                                          4.200000  
U5795                     STQ_EN2_8       um28nchllogl35hsl140f_ssgwc0p9v125c
                                                          5.880000  
U5796                     STQ_EN3_3       um28nchllogl35hsl140f_ssgwc0p9v125c
                                                          4.032000  
U5797                     STQ_EN3_3       um28nchllogl35hsl140f_ssgwc0p9v125c
                                                          4.032000  
U5798                     STQ_EO3_3       um28nchllogl35hsl140f_ssgwc0p9v125c
                                                          4.200000  
U5799                     STQ_OAI21_0P5   um28nchllogl35hsl140f_ssgwc0p9v125c
                                                          0.672000  
U5800                     STQ_OAI21_1     um28nchllogl35hsl140f_ssgwc0p9v125c
                                                          0.672000  
U5801                     STQ_ND3_2       um28nchllogl35hsl140f_ssgwc0p9v125c
                                                          1.176000  
U5802                     STQ_EN3_3       um28nchllogl35hsl140f_ssgwc0p9v125c
                                                          4.032000  
U5803                     STQ_EO3_3       um28nchllogl35hsl140f_ssgwc0p9v125c
                                                          4.200000  
U5804                     STQ_EN2_S_2     um28nchllogl35hsl140f_ssgwc0p9v125c
                                                          1.680000  
U5805                     STQ_EN3_3       um28nchllogl35hsl140f_ssgwc0p9v125c
                                                          4.032000  
U5806                     STQ_OAI21_0P5   um28nchllogl35hsl140f_ssgwc0p9v125c
                                                          0.672000  
U5807                     STQ_OAI21_0P5   um28nchllogl35hsl140f_ssgwc0p9v125c
                                                          0.672000  
U5808                     STQ_OAI21_0P5   um28nchllogl35hsl140f_ssgwc0p9v125c
                                                          0.672000  
U5809                     STQ_OAI21_0P5   um28nchllogl35hsl140f_ssgwc0p9v125c
                                                          0.672000  
U5810                     STQ_OAI21_0P5   um28nchllogl35hsl140f_ssgwc0p9v125c
                                                          0.672000  
U5811                     STQ_OAI21_0P5   um28nchllogl35hsl140f_ssgwc0p9v125c
                                                          0.672000  
U5812                     STQ_OAI21_0P5   um28nchllogl35hsl140f_ssgwc0p9v125c
                                                          0.672000  
U5813                     STQ_OAI21_0P5   um28nchllogl35hsl140f_ssgwc0p9v125c
                                                          0.672000  
U5814                     STQ_OAI21_0P5   um28nchllogl35hsl140f_ssgwc0p9v125c
                                                          0.672000  
U5815                     STQ_OAI21_0P5   um28nchllogl35hsl140f_ssgwc0p9v125c
                                                          0.672000  
U5816                     STQ_EO3_3       um28nchllogl35hsl140f_ssgwc0p9v125c
                                                          4.200000  
U5817                     STQ_OAI21_0P5   um28nchllogl35hsl140f_ssgwc0p9v125c
                                                          0.672000  
U5818                     STQ_OAI21_0P5   um28nchllogl35hsl140f_ssgwc0p9v125c
                                                          0.672000  
U5819                     STQ_NR3_G_2     um28nchllogl35hsl140f_ssgwc0p9v125c
                                                          1.176000  
U5820                     STQ_NR3_G_2     um28nchllogl35hsl140f_ssgwc0p9v125c
                                                          1.176000  
U5821                     STQ_OAI21_0P5   um28nchllogl35hsl140f_ssgwc0p9v125c
                                                          0.672000  
U5822                     STQ_OAI21_0P5   um28nchllogl35hsl140f_ssgwc0p9v125c
                                                          0.672000  
U5823                     STQ_EN3_3       um28nchllogl35hsl140f_ssgwc0p9v125c
                                                          4.032000  
U5824                     STQ_EO3_3       um28nchllogl35hsl140f_ssgwc0p9v125c
                                                          4.200000  
U5825                     STQ_EN3_3       um28nchllogl35hsl140f_ssgwc0p9v125c
                                                          4.032000  
U5826                     STQ_INV_3P5     um28nchllogl35hsl140f_ssgwc0p9v125c
                                                          0.840000  
U5827                     STQ_EN3_3       um28nchllogl35hsl140f_ssgwc0p9v125c
                                                          4.032000  
U5828                     STQ_EN3_3       um28nchllogl35hsl140f_ssgwc0p9v125c
                                                          4.032000  
U5829                     STQ_EO3_3       um28nchllogl35hsl140f_ssgwc0p9v125c
                                                          4.200000  
U5830                     STQ_EN3_3       um28nchllogl35hsl140f_ssgwc0p9v125c
                                                          4.032000  
U5831                     STQ_EN3_3       um28nchllogl35hsl140f_ssgwc0p9v125c
                                                          4.032000  
U5832                     STQ_OAI21_1     um28nchllogl35hsl140f_ssgwc0p9v125c
                                                          0.672000  
U5833                     STQ_INV_S_0P65  um28nchllogl35hsl140f_ssgwc0p9v125c
                                                          0.336000  
U5834                     STQ_EO3_3       um28nchllogl35hsl140f_ssgwc0p9v125c
                                                          4.200000  
U5835                     STQ_EO2_3       um28nchllogl35hsl140f_ssgwc0p9v125c
                                                          2.856000  
U5836                     STQ_EO3_3       um28nchllogl35hsl140f_ssgwc0p9v125c
                                                          4.200000  
U5837                     STQ_EN3_3       um28nchllogl35hsl140f_ssgwc0p9v125c
                                                          4.032000  
U5838                     STQ_AN6_4       um28nchllogl35hsl140f_ssgwc0p9v125c
                                                          3.528000  
U5839                     STQ_EN3_3       um28nchllogl35hsl140f_ssgwc0p9v125c
                                                          4.032000  
U5840                     STQ_EN3_3       um28nchllogl35hsl140f_ssgwc0p9v125c
                                                          4.032000  
U5841                     STQ_EO3_3       um28nchllogl35hsl140f_ssgwc0p9v125c
                                                          4.200000  
U5842                     STQ_INV_1P5     um28nchllogl35hsl140f_ssgwc0p9v125c
                                                          0.504000  
U5843                     STQ_EN3_6       um28nchllogl35hsl140f_ssgwc0p9v125c
                                                          6.888000  
U5844                     STQ_OR2_1       um28nchllogl35hsl140f_ssgwc0p9v125c
                                                          0.672000  
U5845                     STQ_OAI21_1     um28nchllogl35hsl140f_ssgwc0p9v125c
                                                          0.672000  
U5846                     STQ_OAI21_1     um28nchllogl35hsl140f_ssgwc0p9v125c
                                                          0.672000  
U5847                     STQ_EO3_3       um28nchllogl35hsl140f_ssgwc0p9v125c
                                                          4.200000  
U5848                     STQ_EN3_3       um28nchllogl35hsl140f_ssgwc0p9v125c
                                                          4.032000  
U5849                     STQ_EN3_3       um28nchllogl35hsl140f_ssgwc0p9v125c
                                                          4.032000  
U5850                     STQ_NR3_G_1     um28nchllogl35hsl140f_ssgwc0p9v125c
                                                          0.672000  
U5851                     STQ_EO3_2       um28nchllogl35hsl140f_ssgwc0p9v125c
                                                          2.688000  
U5852                     STQ_OAI21_0P5   um28nchllogl35hsl140f_ssgwc0p9v125c
                                                          0.672000  
U5853                     STQ_EN3_3       um28nchllogl35hsl140f_ssgwc0p9v125c
                                                          4.032000  
U5854                     STQ_ND3_2       um28nchllogl35hsl140f_ssgwc0p9v125c
                                                          1.176000  
U5855                     STQ_EN2_S_2     um28nchllogl35hsl140f_ssgwc0p9v125c
                                                          1.680000  
U5856                     STQ_EN2_8       um28nchllogl35hsl140f_ssgwc0p9v125c
                                                          5.880000  
U5857                     STQ_EO2_3       um28nchllogl35hsl140f_ssgwc0p9v125c
                                                          2.856000  
U5858                     STQ_EO3_2       um28nchllogl35hsl140f_ssgwc0p9v125c
                                                          2.688000  
U5859                     STQ_EN2_8       um28nchllogl35hsl140f_ssgwc0p9v125c
                                                          5.880000  
U5860                     STQ_EO2_4       um28nchllogl35hsl140f_ssgwc0p9v125c
                                                          3.024000  
U5861                     STQ_EO3_3       um28nchllogl35hsl140f_ssgwc0p9v125c
                                                          4.200000  
U5862                     STQ_EO3_2       um28nchllogl35hsl140f_ssgwc0p9v125c
                                                          2.688000  
U5863                     STQ_EN2_S_2     um28nchllogl35hsl140f_ssgwc0p9v125c
                                                          1.680000  
U5864                     STQ_INV_2       um28nchllogl35hsl140f_ssgwc0p9v125c
                                                          0.504000  
U5865                     STQ_INV_2       um28nchllogl35hsl140f_ssgwc0p9v125c
                                                          0.504000  
U5866                     STQ_EO3_2       um28nchllogl35hsl140f_ssgwc0p9v125c
                                                          2.688000  
U5867                     STQ_EN3_3       um28nchllogl35hsl140f_ssgwc0p9v125c
                                                          4.032000  
U5868                     STQ_EO3_2       um28nchllogl35hsl140f_ssgwc0p9v125c
                                                          2.688000  
U5869                     STQ_EN3_3       um28nchllogl35hsl140f_ssgwc0p9v125c
                                                          4.032000  
U5870                     STQ_EN3_3       um28nchllogl35hsl140f_ssgwc0p9v125c
                                                          4.032000  
U5871                     STQ_EO2_3       um28nchllogl35hsl140f_ssgwc0p9v125c
                                                          2.856000  
U5872                     STQ_EN3_3       um28nchllogl35hsl140f_ssgwc0p9v125c
                                                          4.032000  
U5873                     STQ_EN2_6       um28nchllogl35hsl140f_ssgwc0p9v125c
                                                          4.536000  
U5874                     STQ_ND2_S_5     um28nchllogl35hsl140f_ssgwc0p9v125c
                                                          1.512000  
U5875                     STQ_INV_3P5     um28nchllogl35hsl140f_ssgwc0p9v125c
                                                          0.840000  
U5876                     STQ_EN3_3       um28nchllogl35hsl140f_ssgwc0p9v125c
                                                          4.032000  
U5877                     STQ_EN3_3       um28nchllogl35hsl140f_ssgwc0p9v125c
                                                          4.032000  
U5878                     STQ_EO3_3       um28nchllogl35hsl140f_ssgwc0p9v125c
                                                          4.200000  
U5879                     STQ_EO3_3       um28nchllogl35hsl140f_ssgwc0p9v125c
                                                          4.200000  
U5880                     STQ_EN3_3       um28nchllogl35hsl140f_ssgwc0p9v125c
                                                          4.032000  
U5881                     STQ_EO3_2       um28nchllogl35hsl140f_ssgwc0p9v125c
                                                          2.688000  
U5882                     STQ_INV_3P5     um28nchllogl35hsl140f_ssgwc0p9v125c
                                                          0.840000  
U5883                     STQ_EO2_3       um28nchllogl35hsl140f_ssgwc0p9v125c
                                                          2.856000  
U5884                     STQ_EO2_3       um28nchllogl35hsl140f_ssgwc0p9v125c
                                                          2.856000  
U5885                     STQ_EN3_1       um28nchllogl35hsl140f_ssgwc0p9v125c
                                                          2.184000  
U5886                     STQ_NR3_G_1     um28nchllogl35hsl140f_ssgwc0p9v125c
                                                          0.672000  
U5887                     STQ_EO2_3       um28nchllogl35hsl140f_ssgwc0p9v125c
                                                          2.856000  
U5888                     STQ_MUXI2_MG_0P75
                                          um28nchllogl35hsl140f_ssgwc0p9v125c
                                                          1.008000  
U5889                     STQ_NR2_1       um28nchllogl35hsl140f_ssgwc0p9v125c
                                                          0.504000  
U5890                     STQ_NR2_1       um28nchllogl35hsl140f_ssgwc0p9v125c
                                                          0.504000  
U5891                     STQ_NR2_1       um28nchllogl35hsl140f_ssgwc0p9v125c
                                                          0.504000  
U5892                     STQ_MUXI2_MG_0P75
                                          um28nchllogl35hsl140f_ssgwc0p9v125c
                                                          1.008000  
U5893                     STQ_OAI21_1     um28nchllogl35hsl140f_ssgwc0p9v125c
                                                          0.672000  
U5894                     STQ_ND3_2       um28nchllogl35hsl140f_ssgwc0p9v125c
                                                          1.176000  
U5895                     STQ_NR3_G_2     um28nchllogl35hsl140f_ssgwc0p9v125c
                                                          1.176000  
U5896                     STQ_AN4B_1      um28nchllogl35hsl140f_ssgwc0p9v125c
                                                          1.008000  
U5897                     STQ_EO3_3       um28nchllogl35hsl140f_ssgwc0p9v125c
                                                          4.200000  
U5898                     STQ_EO2_3       um28nchllogl35hsl140f_ssgwc0p9v125c
                                                          2.856000  
U5899                     STQ_EO3_2       um28nchllogl35hsl140f_ssgwc0p9v125c
                                                          2.688000  
U5900                     STQ_AN4B_1      um28nchllogl35hsl140f_ssgwc0p9v125c
                                                          1.008000  
U5901                     STQ_AN4B_1      um28nchllogl35hsl140f_ssgwc0p9v125c
                                                          1.008000  
U5902                     STQ_MUXI2_MG_0P75
                                          um28nchllogl35hsl140f_ssgwc0p9v125c
                                                          1.008000  
U5903                     STQ_OA2BB2_1    um28nchllogl35hsl140f_ssgwc0p9v125c
                                                          1.008000  
U5904                     STQ_AN4B_1      um28nchllogl35hsl140f_ssgwc0p9v125c
                                                          1.008000  
U5905                     STQ_AN4B_1      um28nchllogl35hsl140f_ssgwc0p9v125c
                                                          1.008000  
U5906                     STQ_AN4B_1      um28nchllogl35hsl140f_ssgwc0p9v125c
                                                          1.008000  
U5907                     STQ_NR3_G_1     um28nchllogl35hsl140f_ssgwc0p9v125c
                                                          0.672000  
U5908                     STQ_NR3_G_1     um28nchllogl35hsl140f_ssgwc0p9v125c
                                                          0.672000  
U5909                     STQ_NR3_G_1     um28nchllogl35hsl140f_ssgwc0p9v125c
                                                          0.672000  
U5910                     STQ_NR3_G_1     um28nchllogl35hsl140f_ssgwc0p9v125c
                                                          0.672000  
U5911                     STQ_EO2_3       um28nchllogl35hsl140f_ssgwc0p9v125c
                                                          2.856000  
U5912                     STQ_EO2_3       um28nchllogl35hsl140f_ssgwc0p9v125c
                                                          2.856000  
U5913                     STQ_EO3_3       um28nchllogl35hsl140f_ssgwc0p9v125c
                                                          4.200000  
U5914                     STQ_EO2_3       um28nchllogl35hsl140f_ssgwc0p9v125c
                                                          2.856000  
U5915                     STQ_EO3_2       um28nchllogl35hsl140f_ssgwc0p9v125c
                                                          2.688000  
U5916                     STQ_EO3_2       um28nchllogl35hsl140f_ssgwc0p9v125c
                                                          2.688000  
U5917                     STQ_OA2BB2_1    um28nchllogl35hsl140f_ssgwc0p9v125c
                                                          1.008000  
U5918                     STQ_EO2_3       um28nchllogl35hsl140f_ssgwc0p9v125c
                                                          2.856000  
U5919                     STQ_EO2_3       um28nchllogl35hsl140f_ssgwc0p9v125c
                                                          2.856000  
U5920                     STQ_EO3_3       um28nchllogl35hsl140f_ssgwc0p9v125c
                                                          4.200000  
U5921                     STQ_NR4_0P5     um28nchllogl35hsl140f_ssgwc0p9v125c
                                                          0.840000  
U5922                     STQ_MUXI2_MG_0P75
                                          um28nchllogl35hsl140f_ssgwc0p9v125c
                                                          1.008000  
U5923                     STQ_EO2_3       um28nchllogl35hsl140f_ssgwc0p9v125c
                                                          2.856000  
U5924                     STQ_EO3_2       um28nchllogl35hsl140f_ssgwc0p9v125c
                                                          2.688000  
U5925                     STQ_EO3_2       um28nchllogl35hsl140f_ssgwc0p9v125c
                                                          2.688000  
U5926                     STQ_EO2_3       um28nchllogl35hsl140f_ssgwc0p9v125c
                                                          2.856000  
U5927                     STQ_EO2_3       um28nchllogl35hsl140f_ssgwc0p9v125c
                                                          2.856000  
U5928                     STQ_EO2_3       um28nchllogl35hsl140f_ssgwc0p9v125c
                                                          2.856000  
U5929                     STQ_EO2_3       um28nchllogl35hsl140f_ssgwc0p9v125c
                                                          2.856000  
U5930                     STQ_EO2_3       um28nchllogl35hsl140f_ssgwc0p9v125c
                                                          2.856000  
U5931                     STQ_EO2_3       um28nchllogl35hsl140f_ssgwc0p9v125c
                                                          2.856000  
U5932                     STQ_EO2_3       um28nchllogl35hsl140f_ssgwc0p9v125c
                                                          2.856000  
U5933                     STQ_EO2_3       um28nchllogl35hsl140f_ssgwc0p9v125c
                                                          2.856000  
U5934                     STQ_EO2_3       um28nchllogl35hsl140f_ssgwc0p9v125c
                                                          2.856000  
U5935                     STQ_EO3_2       um28nchllogl35hsl140f_ssgwc0p9v125c
                                                          2.688000  
U5936                     STQ_OR2_1       um28nchllogl35hsl140f_ssgwc0p9v125c
                                                          0.672000  
U5937                     STQ_ND2B_1      um28nchllogl35hsl140f_ssgwc0p9v125c
                                                          0.672000  
U5938                     STQ_ND2B_1      um28nchllogl35hsl140f_ssgwc0p9v125c
                                                          0.672000  
U5939                     STQ_ND2B_1      um28nchllogl35hsl140f_ssgwc0p9v125c
                                                          0.672000  
U5940                     STQ_ND2B_1      um28nchllogl35hsl140f_ssgwc0p9v125c
                                                          0.672000  
U5941                     STQ_ND2B_1      um28nchllogl35hsl140f_ssgwc0p9v125c
                                                          0.672000  
U5942                     STQ_ND2_G_1     um28nchllogl35hsl140f_ssgwc0p9v125c
                                                          0.504000  
U5943                     STQ_AN3B_1      um28nchllogl35hsl140f_ssgwc0p9v125c
                                                          0.840000  
U5944                     STQ_ND2B_1      um28nchllogl35hsl140f_ssgwc0p9v125c
                                                          0.672000  
U5945                     STQ_ND2_G_1     um28nchllogl35hsl140f_ssgwc0p9v125c
                                                          0.504000  
U5946                     STQ_OA2BB2_1    um28nchllogl35hsl140f_ssgwc0p9v125c
                                                          1.008000  
U5947                     STQ_MUXI2_MG_0P75
                                          um28nchllogl35hsl140f_ssgwc0p9v125c
                                                          1.008000  
U5948                     STQ_MUXI2_MG_0P75
                                          um28nchllogl35hsl140f_ssgwc0p9v125c
                                                          1.008000  
U5949                     STQ_INV_S_1     um28nchllogl35hsl140f_ssgwc0p9v125c
                                                          0.336000  
U5950                     STQ_EO3_2       um28nchllogl35hsl140f_ssgwc0p9v125c
                                                          2.688000  
U5951                     STQ_EO3_3       um28nchllogl35hsl140f_ssgwc0p9v125c
                                                          4.200000  
U5952                     STQ_EO3_3       um28nchllogl35hsl140f_ssgwc0p9v125c
                                                          4.200000  
U5953                     STQ_EO3_2       um28nchllogl35hsl140f_ssgwc0p9v125c
                                                          2.688000  
U5954                     STQ_EO3_3       um28nchllogl35hsl140f_ssgwc0p9v125c
                                                          4.200000  
U5955                     STQ_EN2_S_2     um28nchllogl35hsl140f_ssgwc0p9v125c
                                                          1.680000  
U5956                     STQ_EN2_S_2     um28nchllogl35hsl140f_ssgwc0p9v125c
                                                          1.680000  
U5957                     STQ_EO2_1       um28nchllogl35hsl140f_ssgwc0p9v125c
                                                          1.512000  
U5958                     STQ_EO2_S_2     um28nchllogl35hsl140f_ssgwc0p9v125c
                                                          1.512000  
U5959                     STQ_EN2_4       um28nchllogl35hsl140f_ssgwc0p9v125c
                                                          3.024000  
U5960                     STQ_EO2_S_2     um28nchllogl35hsl140f_ssgwc0p9v125c
                                                          1.512000  
U5961                     STQ_EO2_3       um28nchllogl35hsl140f_ssgwc0p9v125c
                                                          2.856000  
U5962                     STQ_INV_S_1     um28nchllogl35hsl140f_ssgwc0p9v125c
                                                          0.336000  
U5963                     STQ_EO2_S_2     um28nchllogl35hsl140f_ssgwc0p9v125c
                                                          1.512000  
U5964                     STQ_EO2_3       um28nchllogl35hsl140f_ssgwc0p9v125c
                                                          2.856000  
U5965                     STQ_EO2_2       um28nchllogl35hsl140f_ssgwc0p9v125c
                                                          1.680000  
U5966                     STQ_EO2_3       um28nchllogl35hsl140f_ssgwc0p9v125c
                                                          2.856000  
U5967                     STQ_INV_S_1     um28nchllogl35hsl140f_ssgwc0p9v125c
                                                          0.336000  
U5968                     STQ_INV_S_1     um28nchllogl35hsl140f_ssgwc0p9v125c
                                                          0.336000  
U5969                     STQ_EO2_S_2     um28nchllogl35hsl140f_ssgwc0p9v125c
                                                          1.512000  
U5970                     STQ_EO2_S_2     um28nchllogl35hsl140f_ssgwc0p9v125c
                                                          1.512000  
U5971                     STQ_INV_S_1     um28nchllogl35hsl140f_ssgwc0p9v125c
                                                          0.336000  
U5972                     STQ_INV_S_1     um28nchllogl35hsl140f_ssgwc0p9v125c
                                                          0.336000  
U5973                     STQ_EO2_3       um28nchllogl35hsl140f_ssgwc0p9v125c
                                                          2.856000  
U5974                     STQ_EO3_2       um28nchllogl35hsl140f_ssgwc0p9v125c
                                                          2.688000  
U5975                     STQ_EO2_S_2     um28nchllogl35hsl140f_ssgwc0p9v125c
                                                          1.512000  
U5976                     STQ_INV_S_1     um28nchllogl35hsl140f_ssgwc0p9v125c
                                                          0.336000  
U5977                     STQ_INV_S_1     um28nchllogl35hsl140f_ssgwc0p9v125c
                                                          0.336000  
U5978                     STQ_EO3_3       um28nchllogl35hsl140f_ssgwc0p9v125c
                                                          4.200000  
U5979                     STQ_EO2_S_2     um28nchllogl35hsl140f_ssgwc0p9v125c
                                                          1.512000  
U5980                     STQ_EN2_S_2     um28nchllogl35hsl140f_ssgwc0p9v125c
                                                          1.680000  
U5981                     STQ_EO2_S_2     um28nchllogl35hsl140f_ssgwc0p9v125c
                                                          1.512000  
U5982                     STQ_INV_S_1     um28nchllogl35hsl140f_ssgwc0p9v125c
                                                          0.336000  
U5983                     STQ_EN2_8       um28nchllogl35hsl140f_ssgwc0p9v125c
                                                          5.880000  
U5984                     STQ_EO3_3       um28nchllogl35hsl140f_ssgwc0p9v125c
                                                          4.200000  
U5985                     STQ_EO2_S_2     um28nchllogl35hsl140f_ssgwc0p9v125c
                                                          1.512000  
U5986                     STQ_EO3_2       um28nchllogl35hsl140f_ssgwc0p9v125c
                                                          2.688000  
U5987                     STQ_EO2_3       um28nchllogl35hsl140f_ssgwc0p9v125c
                                                          2.856000  
U5988                     STQ_INV_S_1     um28nchllogl35hsl140f_ssgwc0p9v125c
                                                          0.336000  
U5989                     STQ_EN2_S_2     um28nchllogl35hsl140f_ssgwc0p9v125c
                                                          1.680000  
U5990                     STQ_EO2_S_2     um28nchllogl35hsl140f_ssgwc0p9v125c
                                                          1.512000  
U5991                     STQ_EO3_2       um28nchllogl35hsl140f_ssgwc0p9v125c
                                                          2.688000  
U5992                     STQ_EO2_S_2     um28nchllogl35hsl140f_ssgwc0p9v125c
                                                          1.512000  
U5993                     STQ_INV_S_1     um28nchllogl35hsl140f_ssgwc0p9v125c
                                                          0.336000  
U5994                     STQ_EN2_4       um28nchllogl35hsl140f_ssgwc0p9v125c
                                                          3.024000  
U5995                     STQ_EO2_S_2     um28nchllogl35hsl140f_ssgwc0p9v125c
                                                          1.512000  
U5996                     STQ_EO2_S_2     um28nchllogl35hsl140f_ssgwc0p9v125c
                                                          1.512000  
U5997                     STQ_EO3_3       um28nchllogl35hsl140f_ssgwc0p9v125c
                                                          4.200000  
U5998                     STQ_EO2_S_2     um28nchllogl35hsl140f_ssgwc0p9v125c
                                                          1.512000  
U5999                     STQ_INV_S_1     um28nchllogl35hsl140f_ssgwc0p9v125c
                                                          0.336000  
U6000                     STQ_EO3_2       um28nchllogl35hsl140f_ssgwc0p9v125c
                                                          2.688000  
U6001                     STQ_EO3_3       um28nchllogl35hsl140f_ssgwc0p9v125c
                                                          4.200000  
U6002                     STQ_EO2_S_2     um28nchllogl35hsl140f_ssgwc0p9v125c
                                                          1.512000  
U6003                     STQ_EO2_S_2     um28nchllogl35hsl140f_ssgwc0p9v125c
                                                          1.512000  
U6004                     STQ_EO2_3       um28nchllogl35hsl140f_ssgwc0p9v125c
                                                          2.856000  
U6005                     STQ_EO2_1       um28nchllogl35hsl140f_ssgwc0p9v125c
                                                          1.512000  
U6006                     STQ_EO2_S_2     um28nchllogl35hsl140f_ssgwc0p9v125c
                                                          1.512000  
U6007                     STQ_EO2_S_2     um28nchllogl35hsl140f_ssgwc0p9v125c
                                                          1.512000  
U6008                     STQ_EO2_3       um28nchllogl35hsl140f_ssgwc0p9v125c
                                                          2.856000  
U6009                     STQ_EO2_S_2     um28nchllogl35hsl140f_ssgwc0p9v125c
                                                          1.512000  
U6010                     STQ_EO3_2       um28nchllogl35hsl140f_ssgwc0p9v125c
                                                          2.688000  
U6011                     STQ_EN2_S_2     um28nchllogl35hsl140f_ssgwc0p9v125c
                                                          1.680000  
U6012                     STQ_NR3_G_1     um28nchllogl35hsl140f_ssgwc0p9v125c
                                                          0.672000  
U6013                     STQ_INV_S_1     um28nchllogl35hsl140f_ssgwc0p9v125c
                                                          0.336000  
U6014                     STQ_NR2_G_0P8   um28nchllogl35hsl140f_ssgwc0p9v125c
                                                          0.504000  
U6015                     STQ_NR2_G_0P8   um28nchllogl35hsl140f_ssgwc0p9v125c
                                                          0.504000  
U6016                     STQ_ND4_1       um28nchllogl35hsl140f_ssgwc0p9v125c
                                                          0.840000  
U6017                     STQ_INV_S_1     um28nchllogl35hsl140f_ssgwc0p9v125c
                                                          0.336000  
U6018                     STQ_INV_S_1     um28nchllogl35hsl140f_ssgwc0p9v125c
                                                          0.336000  
U6019                     STQ_INV_S_1     um28nchllogl35hsl140f_ssgwc0p9v125c
                                                          0.336000  
U6020                     STQ_INV_S_1     um28nchllogl35hsl140f_ssgwc0p9v125c
                                                          0.336000  
U6021                     STQ_INV_S_1     um28nchllogl35hsl140f_ssgwc0p9v125c
                                                          0.336000  
U6022                     STQ_INV_S_1     um28nchllogl35hsl140f_ssgwc0p9v125c
                                                          0.336000  
U6023                     STQ_NR2_G_0P8   um28nchllogl35hsl140f_ssgwc0p9v125c
                                                          0.504000  
U6024                     STQ_ND3_1       um28nchllogl35hsl140f_ssgwc0p9v125c
                                                          0.672000  
U6025                     STQ_OAI21_0P5   um28nchllogl35hsl140f_ssgwc0p9v125c
                                                          0.672000  
U6026                     STQ_ND2B_V1DG_1 um28nchllogl35hsl140f_ssgwc0p9v125c
                                                          0.672000  
U6027                     STQ_NR2_G_0P5   um28nchllogl35hsl140f_ssgwc0p9v125c
                                                          0.504000  
U6028                     STQ_NR4_1       um28nchllogl35hsl140f_ssgwc0p9v125c
                                                          0.840000  
U6029                     STQ_INV_S_1     um28nchllogl35hsl140f_ssgwc0p9v125c
                                                          0.336000  
U6030                     STQ_OR3B_1      um28nchllogl35hsl140f_ssgwc0p9v125c
                                                          0.840000  
U6031                     STQ_NR4_1       um28nchllogl35hsl140f_ssgwc0p9v125c
                                                          0.840000  
U6032                     STQ_ND3_1       um28nchllogl35hsl140f_ssgwc0p9v125c
                                                          0.672000  
U6033                     STQ_ND2_S_0P8   um28nchllogl35hsl140f_ssgwc0p9v125c
                                                          0.504000  
U6034                     STQ_ND3_1       um28nchllogl35hsl140f_ssgwc0p9v125c
                                                          0.672000  
U6035                     STQ_ND3_0P5     um28nchllogl35hsl140f_ssgwc0p9v125c
                                                          0.672000  
U6036                     STQ_OR2_1       um28nchllogl35hsl140f_ssgwc0p9v125c
                                                          0.672000  
U6037                     STQ_INV_S_1     um28nchllogl35hsl140f_ssgwc0p9v125c
                                                          0.336000  
U6038                     STQ_NR4_1       um28nchllogl35hsl140f_ssgwc0p9v125c
                                                          0.840000  
U6039                     STQ_INV_S_1     um28nchllogl35hsl140f_ssgwc0p9v125c
                                                          0.336000  
U6040                     STQ_INV_S_1     um28nchllogl35hsl140f_ssgwc0p9v125c
                                                          0.336000  
U6041                     STQ_OR2_1       um28nchllogl35hsl140f_ssgwc0p9v125c
                                                          0.672000  
U6042                     STQ_INV_S_1     um28nchllogl35hsl140f_ssgwc0p9v125c
                                                          0.336000  
U6043                     STQ_ND3_1       um28nchllogl35hsl140f_ssgwc0p9v125c
                                                          0.672000  
U6044                     STQ_NR4_1       um28nchllogl35hsl140f_ssgwc0p9v125c
                                                          0.840000  
U6045                     STQ_ND2_S_0P8   um28nchllogl35hsl140f_ssgwc0p9v125c
                                                          0.504000  
U6046                     STQ_NR3_G_1     um28nchllogl35hsl140f_ssgwc0p9v125c
                                                          0.672000  
U6047                     STQ_ND2_G_1     um28nchllogl35hsl140f_ssgwc0p9v125c
                                                          0.504000  
U6048                     STQ_NR4_0P5     um28nchllogl35hsl140f_ssgwc0p9v125c
                                                          0.840000  
U6049                     STQ_ND2_S_1     um28nchllogl35hsl140f_ssgwc0p9v125c
                                                          0.504000  
U6050                     STQ_NR2_G_0P8   um28nchllogl35hsl140f_ssgwc0p9v125c
                                                          0.504000  
U6051                     STQ_OR4B_1      um28nchllogl35hsl140f_ssgwc0p9v125c
                                                          1.008000  
U6052                     STQ_INV_S_1     um28nchllogl35hsl140f_ssgwc0p9v125c
                                                          0.336000  
U6053                     STQ_NR3_G_1     um28nchllogl35hsl140f_ssgwc0p9v125c
                                                          0.672000  
U6054                     STQ_INV_S_1     um28nchllogl35hsl140f_ssgwc0p9v125c
                                                          0.336000  
U6055                     STQ_NR2_G_0P8   um28nchllogl35hsl140f_ssgwc0p9v125c
                                                          0.504000  
U6056                     STQ_INV_S_1     um28nchllogl35hsl140f_ssgwc0p9v125c
                                                          0.336000  
U6057                     STQ_NR4_1       um28nchllogl35hsl140f_ssgwc0p9v125c
                                                          0.840000  
U6058                     STQ_ND3_1       um28nchllogl35hsl140f_ssgwc0p9v125c
                                                          0.672000  
U6059                     STQ_NR2_G_0P8   um28nchllogl35hsl140f_ssgwc0p9v125c
                                                          0.504000  
U6060                     STQ_INV_S_1     um28nchllogl35hsl140f_ssgwc0p9v125c
                                                          0.336000  
U6061                     STQ_NR2_G_0P5   um28nchllogl35hsl140f_ssgwc0p9v125c
                                                          0.504000  
U6062                     STQ_NR2B_1      um28nchllogl35hsl140f_ssgwc0p9v125c
                                                          0.672000  
U6063                     STQ_INV_S_1     um28nchllogl35hsl140f_ssgwc0p9v125c
                                                          0.336000  
U6064                     STQ_ND2B_V1DG_1 um28nchllogl35hsl140f_ssgwc0p9v125c
                                                          0.672000  
U6065                     STQ_INV_S_1     um28nchllogl35hsl140f_ssgwc0p9v125c
                                                          0.336000  
U6066                     STQ_NR2B_1      um28nchllogl35hsl140f_ssgwc0p9v125c
                                                          0.672000  
U6067                     STQ_NR2_G_0P8   um28nchllogl35hsl140f_ssgwc0p9v125c
                                                          0.504000  
U6068                     STQ_INV_S_0P65  um28nchllogl35hsl140f_ssgwc0p9v125c
                                                          0.336000  
U6069                     STQ_ND2B_1      um28nchllogl35hsl140f_ssgwc0p9v125c
                                                          0.672000  
U6070                     STQ_INV_S_1     um28nchllogl35hsl140f_ssgwc0p9v125c
                                                          0.336000  
U6071                     STQ_OR2_1       um28nchllogl35hsl140f_ssgwc0p9v125c
                                                          0.672000  
U6072                     STQ_ND2_S_0P8   um28nchllogl35hsl140f_ssgwc0p9v125c
                                                          0.504000  
U6073                     STQ_INV_S_1     um28nchllogl35hsl140f_ssgwc0p9v125c
                                                          0.336000  
U6074                     STQ_INV_S_1     um28nchllogl35hsl140f_ssgwc0p9v125c
                                                          0.336000  
U6075                     STQ_NR3_G_1     um28nchllogl35hsl140f_ssgwc0p9v125c
                                                          0.672000  
U6076                     STQ_INV_S_0P65  um28nchllogl35hsl140f_ssgwc0p9v125c
                                                          0.336000  
U6077                     STQ_ND4_0P5     um28nchllogl35hsl140f_ssgwc0p9v125c
                                                          0.840000  
U6078                     STQ_INV_S_0P65  um28nchllogl35hsl140f_ssgwc0p9v125c
                                                          0.336000  
U6079                     STQ_ND3_0P5     um28nchllogl35hsl140f_ssgwc0p9v125c
                                                          0.672000  
U6080                     STQ_INV_S_1     um28nchllogl35hsl140f_ssgwc0p9v125c
                                                          0.336000  
U6081                     STQ_INV_S_1     um28nchllogl35hsl140f_ssgwc0p9v125c
                                                          0.336000  
U6082                     STQ_ND2_G_1     um28nchllogl35hsl140f_ssgwc0p9v125c
                                                          0.504000  
U6083                     STQ_INV_S_1     um28nchllogl35hsl140f_ssgwc0p9v125c
                                                          0.336000  
U6084                     STQ_INV_S_1     um28nchllogl35hsl140f_ssgwc0p9v125c
                                                          0.336000  
U6085                     STQ_INV_S_0P65  um28nchllogl35hsl140f_ssgwc0p9v125c
                                                          0.336000  
U6086                     STQ_NR2_1       um28nchllogl35hsl140f_ssgwc0p9v125c
                                                          0.504000  
U6087                     STQ_ND2B_MM_1   um28nchllogl35hsl140f_ssgwc0p9v125c
                                                          0.672000  
U6088                     STQ_INV_S_1     um28nchllogl35hsl140f_ssgwc0p9v125c
                                                          0.336000  
U6089                     STQ_ND2_G_1     um28nchllogl35hsl140f_ssgwc0p9v125c
                                                          0.504000  
U6090                     STQ_NR2_G_0P5   um28nchllogl35hsl140f_ssgwc0p9v125c
                                                          0.504000  
U6091                     STQ_OR4B_1      um28nchllogl35hsl140f_ssgwc0p9v125c
                                                          1.008000  
U6092                     STQ_ND2_G_1     um28nchllogl35hsl140f_ssgwc0p9v125c
                                                          0.504000  
U6093                     STQ_AN3B_1      um28nchllogl35hsl140f_ssgwc0p9v125c
                                                          0.840000  
U6094                     STQ_INV_S_1     um28nchllogl35hsl140f_ssgwc0p9v125c
                                                          0.336000  
U6095                     STQ_ND2_S_0P8   um28nchllogl35hsl140f_ssgwc0p9v125c
                                                          0.504000  
U6096                     STQ_INV_S_1     um28nchllogl35hsl140f_ssgwc0p9v125c
                                                          0.336000  
U6097                     STQ_ND2_S_0P8   um28nchllogl35hsl140f_ssgwc0p9v125c
                                                          0.504000  
U6098                     STQ_INV_S_1     um28nchllogl35hsl140f_ssgwc0p9v125c
                                                          0.336000  
U6099                     STQ_ND3_1       um28nchllogl35hsl140f_ssgwc0p9v125c
                                                          0.672000  
U6100                     STQ_NR4_1       um28nchllogl35hsl140f_ssgwc0p9v125c
                                                          0.840000  
U6101                     STQ_INV_S_1     um28nchllogl35hsl140f_ssgwc0p9v125c
                                                          0.336000  
U6102                     STQ_NR2_G_0P8   um28nchllogl35hsl140f_ssgwc0p9v125c
                                                          0.504000  
U6103                     STQ_ND2B_V1DG_1 um28nchllogl35hsl140f_ssgwc0p9v125c
                                                          0.672000  
U6104                     STQ_INV_S_1     um28nchllogl35hsl140f_ssgwc0p9v125c
                                                          0.336000  
U6105                     STQ_NR2_G_0P5   um28nchllogl35hsl140f_ssgwc0p9v125c
                                                          0.504000  
U6106                     STQ_ND2_G_1     um28nchllogl35hsl140f_ssgwc0p9v125c
                                                          0.504000  
U6107                     STQ_INV_S_0P65  um28nchllogl35hsl140f_ssgwc0p9v125c
                                                          0.336000  
U6108                     STQ_INV_S_1     um28nchllogl35hsl140f_ssgwc0p9v125c
                                                          0.336000  
U6109                     STQ_NR2_G_0P5   um28nchllogl35hsl140f_ssgwc0p9v125c
                                                          0.504000  
U6110                     STQ_ND2B_1      um28nchllogl35hsl140f_ssgwc0p9v125c
                                                          0.672000  
U6111                     STQ_ND2B_1      um28nchllogl35hsl140f_ssgwc0p9v125c
                                                          0.672000  
U6112                     STQ_ND2_G_1     um28nchllogl35hsl140f_ssgwc0p9v125c
                                                          0.504000  
U6113                     STQ_INV_S_1     um28nchllogl35hsl140f_ssgwc0p9v125c
                                                          0.336000  
U6114                     STQ_NR3_G_1     um28nchllogl35hsl140f_ssgwc0p9v125c
                                                          0.672000  
U6115                     STQ_OR3B_1      um28nchllogl35hsl140f_ssgwc0p9v125c
                                                          0.840000  
U6116                     STQ_NR3_G_0P8   um28nchllogl35hsl140f_ssgwc0p9v125c
                                                          0.672000  
U6117                     STQ_INV_S_0P65  um28nchllogl35hsl140f_ssgwc0p9v125c
                                                          0.336000  
U6118                     STQ_INV_S_0P65  um28nchllogl35hsl140f_ssgwc0p9v125c
                                                          0.336000  
U6119                     STQ_ND4_0P5     um28nchllogl35hsl140f_ssgwc0p9v125c
                                                          0.840000  
U6120                     STQ_OR4B_2      um28nchllogl35hsl140f_ssgwc0p9v125c
                                                          1.344000  
U6121                     STQ_INV_S_1     um28nchllogl35hsl140f_ssgwc0p9v125c
                                                          0.336000  
U6122                     STQ_OAI21_0P5   um28nchllogl35hsl140f_ssgwc0p9v125c
                                                          0.672000  
U6123                     STQ_ND2B_1      um28nchllogl35hsl140f_ssgwc0p9v125c
                                                          0.672000  
U6124                     STQ_OAI21_0P5   um28nchllogl35hsl140f_ssgwc0p9v125c
                                                          0.672000  
U6125                     STQ_INV_S_1     um28nchllogl35hsl140f_ssgwc0p9v125c
                                                          0.336000  
U6126                     STQ_ND2B_1      um28nchllogl35hsl140f_ssgwc0p9v125c
                                                          0.672000  
U6127                     STQ_INV_S_1     um28nchllogl35hsl140f_ssgwc0p9v125c
                                                          0.336000  
U6128                     STQ_NR3_G_1     um28nchllogl35hsl140f_ssgwc0p9v125c
                                                          0.672000  
U6129                     STQ_INV_S_0P65  um28nchllogl35hsl140f_ssgwc0p9v125c
                                                          0.336000  
U6130                     STQ_ND4_1       um28nchllogl35hsl140f_ssgwc0p9v125c
                                                          0.840000  
U6131                     STQ_INV_S_1     um28nchllogl35hsl140f_ssgwc0p9v125c
                                                          0.336000  
U6132                     STQ_ND2_S_0P8   um28nchllogl35hsl140f_ssgwc0p9v125c
                                                          0.504000  
U6133                     STQ_NR3_G_0P8   um28nchllogl35hsl140f_ssgwc0p9v125c
                                                          0.672000  
U6134                     STQ_INV_S_1     um28nchllogl35hsl140f_ssgwc0p9v125c
                                                          0.336000  
U6135                     STQ_INV_S_1     um28nchllogl35hsl140f_ssgwc0p9v125c
                                                          0.336000  
U6136                     STQ_ND2B_1      um28nchllogl35hsl140f_ssgwc0p9v125c
                                                          0.672000  
U6137                     STQ_OAI21_0P5   um28nchllogl35hsl140f_ssgwc0p9v125c
                                                          0.672000  
U6138                     STQ_INV_S_1     um28nchllogl35hsl140f_ssgwc0p9v125c
                                                          0.336000  
U6139                     STQ_OR3B_1      um28nchllogl35hsl140f_ssgwc0p9v125c
                                                          0.840000  
U6140                     STQ_NR4_0P5     um28nchllogl35hsl140f_ssgwc0p9v125c
                                                          0.840000  
U6141                     STQ_INV_S_1     um28nchllogl35hsl140f_ssgwc0p9v125c
                                                          0.336000  
U6142                     STQ_NR4_1       um28nchllogl35hsl140f_ssgwc0p9v125c
                                                          0.840000  
U6143                     STQ_INV_S_1     um28nchllogl35hsl140f_ssgwc0p9v125c
                                                          0.336000  
U6144                     STQ_NR4_1       um28nchllogl35hsl140f_ssgwc0p9v125c
                                                          0.840000  
U6145                     STQ_INV_S_1     um28nchllogl35hsl140f_ssgwc0p9v125c
                                                          0.336000  
U6146                     STQ_INV_S_1     um28nchllogl35hsl140f_ssgwc0p9v125c
                                                          0.336000  
U6147                     STQ_NR2_G_0P5   um28nchllogl35hsl140f_ssgwc0p9v125c
                                                          0.504000  
U6148                     STQ_OR3B_1      um28nchllogl35hsl140f_ssgwc0p9v125c
                                                          0.840000  
U6149                     STQ_ND3_0P5     um28nchllogl35hsl140f_ssgwc0p9v125c
                                                          0.672000  
U6150                     STQ_ND2_S_0P8   um28nchllogl35hsl140f_ssgwc0p9v125c
                                                          0.504000  
U6151                     STQ_INV_S_1     um28nchllogl35hsl140f_ssgwc0p9v125c
                                                          0.336000  
U6152                     STQ_ND2_G_1     um28nchllogl35hsl140f_ssgwc0p9v125c
                                                          0.504000  
U6153                     STQ_MUXI2_MG_0P75
                                          um28nchllogl35hsl140f_ssgwc0p9v125c
                                                          1.008000  
U6154                     STQ_INV_S_1     um28nchllogl35hsl140f_ssgwc0p9v125c
                                                          0.336000  
U6155                     STQ_ND2_S_0P8   um28nchllogl35hsl140f_ssgwc0p9v125c
                                                          0.504000  
U6156                     STQ_ND3_0P5     um28nchllogl35hsl140f_ssgwc0p9v125c
                                                          0.672000  
U6157                     STQ_INV_S_1     um28nchllogl35hsl140f_ssgwc0p9v125c
                                                          0.336000  
U6158                     STQ_ND2B_MM_1   um28nchllogl35hsl140f_ssgwc0p9v125c
                                                          0.672000  
U6159                     STQ_INV_S_1     um28nchllogl35hsl140f_ssgwc0p9v125c
                                                          0.336000  
U6160                     STQ_ND2B_1      um28nchllogl35hsl140f_ssgwc0p9v125c
                                                          0.672000  
U6161                     STQ_INV_S_0P65  um28nchllogl35hsl140f_ssgwc0p9v125c
                                                          0.336000  
U6162                     STQ_NR2_1P5     um28nchllogl35hsl140f_ssgwc0p9v125c
                                                          0.840000  
U6163                     STQ_NR2_G_0P5   um28nchllogl35hsl140f_ssgwc0p9v125c
                                                          0.504000  
U6164                     STQ_NR4_1       um28nchllogl35hsl140f_ssgwc0p9v125c
                                                          0.840000  
U6165                     STQ_NR3_G_0P8   um28nchllogl35hsl140f_ssgwc0p9v125c
                                                          0.672000  
U6166                     STQ_ND2_G_1     um28nchllogl35hsl140f_ssgwc0p9v125c
                                                          0.504000  
U6167                     STQ_NR2_G_0P5   um28nchllogl35hsl140f_ssgwc0p9v125c
                                                          0.504000  
U6168                     STQ_INV_S_1     um28nchllogl35hsl140f_ssgwc0p9v125c
                                                          0.336000  
U6169                     STQ_NR4_1       um28nchllogl35hsl140f_ssgwc0p9v125c
                                                          0.840000  
U6170                     STQ_INV_S_1     um28nchllogl35hsl140f_ssgwc0p9v125c
                                                          0.336000  
U6171                     STQ_INV_S_1     um28nchllogl35hsl140f_ssgwc0p9v125c
                                                          0.336000  
U6172                     STQ_INV_S_0P65  um28nchllogl35hsl140f_ssgwc0p9v125c
                                                          0.336000  
U6173                     STQ_INV_S_1     um28nchllogl35hsl140f_ssgwc0p9v125c
                                                          0.336000  
U6174                     STQ_NR2_G_0P5   um28nchllogl35hsl140f_ssgwc0p9v125c
                                                          0.504000  
U6175                     STQ_ND3_0P5     um28nchllogl35hsl140f_ssgwc0p9v125c
                                                          0.672000  
U6176                     STQ_NR2_G_0P5   um28nchllogl35hsl140f_ssgwc0p9v125c
                                                          0.504000  
U6177                     STQ_INV_S_0P65  um28nchllogl35hsl140f_ssgwc0p9v125c
                                                          0.336000  
U6178                     STQ_INV_S_1     um28nchllogl35hsl140f_ssgwc0p9v125c
                                                          0.336000  
U6179                     STQ_INV_S_1     um28nchllogl35hsl140f_ssgwc0p9v125c
                                                          0.336000  
U6180                     STQ_INV_S_0P65  um28nchllogl35hsl140f_ssgwc0p9v125c
                                                          0.336000  
U6181                     STQ_NR3_G_0P8   um28nchllogl35hsl140f_ssgwc0p9v125c
                                                          0.672000  
U6182                     STQ_ND2_G_1     um28nchllogl35hsl140f_ssgwc0p9v125c
                                                          0.504000  
U6183                     STQ_OR2_1       um28nchllogl35hsl140f_ssgwc0p9v125c
                                                          0.672000  
U6184                     STQ_ND4_1       um28nchllogl35hsl140f_ssgwc0p9v125c
                                                          0.840000  
U6185                     STQ_NR3_G_1P5   um28nchllogl35hsl140f_ssgwc0p9v125c
                                                          1.176000  
U6186                     STQ_NR2_G_0P8   um28nchllogl35hsl140f_ssgwc0p9v125c
                                                          0.504000  
U6187                     STQ_ND2_G_1     um28nchllogl35hsl140f_ssgwc0p9v125c
                                                          0.504000  
U6188                     STQ_INV_S_0P65  um28nchllogl35hsl140f_ssgwc0p9v125c
                                                          0.336000  
U6189                     STQ_OR4B_1      um28nchllogl35hsl140f_ssgwc0p9v125c
                                                          1.008000  
U6190                     STQ_AN4B_1      um28nchllogl35hsl140f_ssgwc0p9v125c
                                                          1.008000  
U6191                     STQ_INV_S_1     um28nchllogl35hsl140f_ssgwc0p9v125c
                                                          0.336000  
U6192                     STQ_ND2_S_0P8   um28nchllogl35hsl140f_ssgwc0p9v125c
                                                          0.504000  
U6193                     STQ_ND3_0P5     um28nchllogl35hsl140f_ssgwc0p9v125c
                                                          0.672000  
U6194                     STQ_NR2_G_0P5   um28nchllogl35hsl140f_ssgwc0p9v125c
                                                          0.504000  
U6195                     STQ_ND2_G_1     um28nchllogl35hsl140f_ssgwc0p9v125c
                                                          0.504000  
U6196                     STQ_NR2B_1      um28nchllogl35hsl140f_ssgwc0p9v125c
                                                          0.672000  
U6197                     STQ_INV_S_1     um28nchllogl35hsl140f_ssgwc0p9v125c
                                                          0.336000  
U6198                     STQ_NR2_G_0P5   um28nchllogl35hsl140f_ssgwc0p9v125c
                                                          0.504000  
U6199                     STQ_AN3_1       um28nchllogl35hsl140f_ssgwc0p9v125c
                                                          0.840000  
U6200                     STQ_INV_S_1     um28nchllogl35hsl140f_ssgwc0p9v125c
                                                          0.336000  
U6201                     STQ_ND4_1       um28nchllogl35hsl140f_ssgwc0p9v125c
                                                          0.840000  
U6202                     STQ_NR2_G_0P8   um28nchllogl35hsl140f_ssgwc0p9v125c
                                                          0.504000  
U6203                     STQ_INV_S_0P65  um28nchllogl35hsl140f_ssgwc0p9v125c
                                                          0.336000  
U6204                     STQ_ND2_S_0P8   um28nchllogl35hsl140f_ssgwc0p9v125c
                                                          0.504000  
U6205                     STQ_OAI21_0P5   um28nchllogl35hsl140f_ssgwc0p9v125c
                                                          0.672000  
U6206                     STQ_ND2_S_0P8   um28nchllogl35hsl140f_ssgwc0p9v125c
                                                          0.504000  
U6207                     STQ_ND2_S_0P8   um28nchllogl35hsl140f_ssgwc0p9v125c
                                                          0.504000  
U6208                     STQ_NR2_G_0P5   um28nchllogl35hsl140f_ssgwc0p9v125c
                                                          0.504000  
U6209                     STQ_NR3_G_1     um28nchllogl35hsl140f_ssgwc0p9v125c
                                                          0.672000  
U6210                     STQ_ND2B_1      um28nchllogl35hsl140f_ssgwc0p9v125c
                                                          0.672000  
U6211                     STQ_ND2B_1      um28nchllogl35hsl140f_ssgwc0p9v125c
                                                          0.672000  
U6212                     STQ_OAI21_0P5   um28nchllogl35hsl140f_ssgwc0p9v125c
                                                          0.672000  
U6213                     STQ_NR2_G_0P8   um28nchllogl35hsl140f_ssgwc0p9v125c
                                                          0.504000  
U6214                     STQ_INV_S_1     um28nchllogl35hsl140f_ssgwc0p9v125c
                                                          0.336000  
U6215                     STQ_INV_S_1     um28nchllogl35hsl140f_ssgwc0p9v125c
                                                          0.336000  
U6216                     STQ_OR3B_2      um28nchllogl35hsl140f_ssgwc0p9v125c
                                                          1.176000  
U6217                     STQ_NR2_1P5     um28nchllogl35hsl140f_ssgwc0p9v125c
                                                          0.840000  
U6218                     STQ_INV_S_1     um28nchllogl35hsl140f_ssgwc0p9v125c
                                                          0.336000  
U6219                     STQ_NR2_1P5     um28nchllogl35hsl140f_ssgwc0p9v125c
                                                          0.840000  
U6220                     STQ_INV_S_1     um28nchllogl35hsl140f_ssgwc0p9v125c
                                                          0.336000  
U6221                     STQ_INV_S_0P65  um28nchllogl35hsl140f_ssgwc0p9v125c
                                                          0.336000  
U6222                     STQ_INV_S_1     um28nchllogl35hsl140f_ssgwc0p9v125c
                                                          0.336000  
U6223                     STQ_NR2_1P5     um28nchllogl35hsl140f_ssgwc0p9v125c
                                                          0.840000  
U6224                     STQ_INV_S_1     um28nchllogl35hsl140f_ssgwc0p9v125c
                                                          0.336000  
U6225                     STQ_INV_S_1     um28nchllogl35hsl140f_ssgwc0p9v125c
                                                          0.336000  
U6226                     STQ_NR2_1P5     um28nchllogl35hsl140f_ssgwc0p9v125c
                                                          0.840000  
U6227                     STQ_ND2B_1      um28nchllogl35hsl140f_ssgwc0p9v125c
                                                          0.672000  
U6228                     STQ_INV_S_0P65  um28nchllogl35hsl140f_ssgwc0p9v125c
                                                          0.336000  
U6229                     STQ_INV_S_1     um28nchllogl35hsl140f_ssgwc0p9v125c
                                                          0.336000  
U6230                     STQ_NR3_G_0P8   um28nchllogl35hsl140f_ssgwc0p9v125c
                                                          0.672000  
U6231                     STQ_INV_S_1     um28nchllogl35hsl140f_ssgwc0p9v125c
                                                          0.336000  
U6232                     STQ_INV_S_1     um28nchllogl35hsl140f_ssgwc0p9v125c
                                                          0.336000  
U6233                     STQ_ND2B_1      um28nchllogl35hsl140f_ssgwc0p9v125c
                                                          0.672000  
U6234                     STQ_ND2B_1      um28nchllogl35hsl140f_ssgwc0p9v125c
                                                          0.672000  
U6235                     STQ_INV_S_1     um28nchllogl35hsl140f_ssgwc0p9v125c
                                                          0.336000  
U6236                     STQ_INV_S_0P65  um28nchllogl35hsl140f_ssgwc0p9v125c
                                                          0.336000  
U6237                     STQ_INV_S_0P65  um28nchllogl35hsl140f_ssgwc0p9v125c
                                                          0.336000  
U6238                     STQ_ND2B_1      um28nchllogl35hsl140f_ssgwc0p9v125c
                                                          0.672000  
U6239                     STQ_OAI21_0P5   um28nchllogl35hsl140f_ssgwc0p9v125c
                                                          0.672000  
U6240                     STQ_OAI21_0P5   um28nchllogl35hsl140f_ssgwc0p9v125c
                                                          0.672000  
U6241                     STQ_ND2_G_1     um28nchllogl35hsl140f_ssgwc0p9v125c
                                                          0.504000  
U6242                     STQ_OAI21_0P5   um28nchllogl35hsl140f_ssgwc0p9v125c
                                                          0.672000  
U6243                     STQ_INV_S_0P65  um28nchllogl35hsl140f_ssgwc0p9v125c
                                                          0.336000  
U6244                     STQ_ND2_G_1     um28nchllogl35hsl140f_ssgwc0p9v125c
                                                          0.504000  
U6245                     STQ_OR3B_1      um28nchllogl35hsl140f_ssgwc0p9v125c
                                                          0.840000  
U6246                     STQ_OAI21_0P5   um28nchllogl35hsl140f_ssgwc0p9v125c
                                                          0.672000  
U6247                     STQ_ND2B_1      um28nchllogl35hsl140f_ssgwc0p9v125c
                                                          0.672000  
U6248                     STQ_OAI21_0P5   um28nchllogl35hsl140f_ssgwc0p9v125c
                                                          0.672000  
U6249                     STQ_ND2B_1      um28nchllogl35hsl140f_ssgwc0p9v125c
                                                          0.672000  
U6250                     STQ_INV_S_1     um28nchllogl35hsl140f_ssgwc0p9v125c
                                                          0.336000  
U6251                     STQ_INV_S_0P65  um28nchllogl35hsl140f_ssgwc0p9v125c
                                                          0.336000  
U6252                     STQ_INV_S_1     um28nchllogl35hsl140f_ssgwc0p9v125c
                                                          0.336000  
U6253                     STQ_MUXI2_MG_0P75
                                          um28nchllogl35hsl140f_ssgwc0p9v125c
                                                          1.008000  
U6254                     STQ_OR3B_1      um28nchllogl35hsl140f_ssgwc0p9v125c
                                                          0.840000  
U6255                     STQ_NR3_G_0P8   um28nchllogl35hsl140f_ssgwc0p9v125c
                                                          0.672000  
U6256                     STQ_NR3_G_0P8   um28nchllogl35hsl140f_ssgwc0p9v125c
                                                          0.672000  
U6257                     STQ_INV_S_1     um28nchllogl35hsl140f_ssgwc0p9v125c
                                                          0.336000  
U6258                     STQ_INV_S_1     um28nchllogl35hsl140f_ssgwc0p9v125c
                                                          0.336000  
U6259                     STQ_INV_S_1     um28nchllogl35hsl140f_ssgwc0p9v125c
                                                          0.336000  
U6260                     STQ_ND2_G_1     um28nchllogl35hsl140f_ssgwc0p9v125c
                                                          0.504000  
U6261                     STQ_OR2_1       um28nchllogl35hsl140f_ssgwc0p9v125c
                                                          0.672000  
U6262                     STQ_INV_S_1     um28nchllogl35hsl140f_ssgwc0p9v125c
                                                          0.336000  
U6263                     STQ_OR3B_1      um28nchllogl35hsl140f_ssgwc0p9v125c
                                                          0.840000  
U6264                     STQ_NR4_1       um28nchllogl35hsl140f_ssgwc0p9v125c
                                                          0.840000  
U6265                     STQ_INV_S_1     um28nchllogl35hsl140f_ssgwc0p9v125c
                                                          0.336000  
U6266                     STQ_NR4_1       um28nchllogl35hsl140f_ssgwc0p9v125c
                                                          0.840000  
U6267                     STQ_AN3B_1      um28nchllogl35hsl140f_ssgwc0p9v125c
                                                          0.840000  
U6268                     STQ_ND3B_0P5    um28nchllogl35hsl140f_ssgwc0p9v125c
                                                          0.840000  
U6269                     STQ_INV_S_1     um28nchllogl35hsl140f_ssgwc0p9v125c
                                                          0.336000  
U6270                     STQ_ND2B_MM_1   um28nchllogl35hsl140f_ssgwc0p9v125c
                                                          0.672000  
U6271                     STQ_INV_S_1     um28nchllogl35hsl140f_ssgwc0p9v125c
                                                          0.336000  
U6272                     STQ_ND2_G_1     um28nchllogl35hsl140f_ssgwc0p9v125c
                                                          0.504000  
U6273                     STQ_INV_S_1     um28nchllogl35hsl140f_ssgwc0p9v125c
                                                          0.336000  
U6274                     STQ_ND4_0P5     um28nchllogl35hsl140f_ssgwc0p9v125c
                                                          0.840000  
U6275                     STQ_INV_S_0P65  um28nchllogl35hsl140f_ssgwc0p9v125c
                                                          0.336000  
U6276                     STQ_INV_S_1     um28nchllogl35hsl140f_ssgwc0p9v125c
                                                          0.336000  
U6277                     STQ_INV_S_1     um28nchllogl35hsl140f_ssgwc0p9v125c
                                                          0.336000  
U6278                     STQ_INV_S_1     um28nchllogl35hsl140f_ssgwc0p9v125c
                                                          0.336000  
U6279                     STQ_OR3B_1      um28nchllogl35hsl140f_ssgwc0p9v125c
                                                          0.840000  
U6280                     STQ_ND3_0P5     um28nchllogl35hsl140f_ssgwc0p9v125c
                                                          0.672000  
U6281                     STQ_ND3_0P5     um28nchllogl35hsl140f_ssgwc0p9v125c
                                                          0.672000  
U6282                     STQ_ND2_G_1     um28nchllogl35hsl140f_ssgwc0p9v125c
                                                          0.504000  
U6283                     STQ_OR2_1       um28nchllogl35hsl140f_ssgwc0p9v125c
                                                          0.672000  
U6284                     STQ_ND2B_1      um28nchllogl35hsl140f_ssgwc0p9v125c
                                                          0.672000  
U6285                     STQ_ND2B_1      um28nchllogl35hsl140f_ssgwc0p9v125c
                                                          0.672000  
U6286                     STQ_ND2B_1      um28nchllogl35hsl140f_ssgwc0p9v125c
                                                          0.672000  
U6287                     STQ_NR2_G_0P5   um28nchllogl35hsl140f_ssgwc0p9v125c
                                                          0.504000  
U6288                     STQ_ND2B_1      um28nchllogl35hsl140f_ssgwc0p9v125c
                                                          0.672000  
U6289                     STQ_INV_S_1     um28nchllogl35hsl140f_ssgwc0p9v125c
                                                          0.336000  
U6290                     STQ_NR3_G_0P8   um28nchllogl35hsl140f_ssgwc0p9v125c
                                                          0.672000  
U6291                     STQ_ND2B_1      um28nchllogl35hsl140f_ssgwc0p9v125c
                                                          0.672000  
U6292                     STQ_ND2B_1      um28nchllogl35hsl140f_ssgwc0p9v125c
                                                          0.672000  
U6293                     STQ_OAI21_0P5   um28nchllogl35hsl140f_ssgwc0p9v125c
                                                          0.672000  
U6294                     STQ_ND2B_1      um28nchllogl35hsl140f_ssgwc0p9v125c
                                                          0.672000  
U6295                     STQ_OAI21_0P5   um28nchllogl35hsl140f_ssgwc0p9v125c
                                                          0.672000  
U6296                     STQ_OAI21_0P5   um28nchllogl35hsl140f_ssgwc0p9v125c
                                                          0.672000  
U6297                     STQ_ND2_G_1     um28nchllogl35hsl140f_ssgwc0p9v125c
                                                          0.504000  
U6298                     STQ_INV_S_1     um28nchllogl35hsl140f_ssgwc0p9v125c
                                                          0.336000  
U6299                     STQ_INV_S_0P65  um28nchllogl35hsl140f_ssgwc0p9v125c
                                                          0.336000  
U6300                     STQ_OAI21_0P5   um28nchllogl35hsl140f_ssgwc0p9v125c
                                                          0.672000  
U6301                     STQ_ND2_G_1     um28nchllogl35hsl140f_ssgwc0p9v125c
                                                          0.504000  
U6302                     STQ_INV_S_0P65  um28nchllogl35hsl140f_ssgwc0p9v125c
                                                          0.336000  
U6303                     STQ_OAI21_0P5   um28nchllogl35hsl140f_ssgwc0p9v125c
                                                          0.672000  
U6304                     STQ_INV_S_1     um28nchllogl35hsl140f_ssgwc0p9v125c
                                                          0.336000  
U6305                     STQ_ND2B_1      um28nchllogl35hsl140f_ssgwc0p9v125c
                                                          0.672000  
U6306                     STQ_OR4B_1      um28nchllogl35hsl140f_ssgwc0p9v125c
                                                          1.008000  
U6307                     STQ_NR4_1       um28nchllogl35hsl140f_ssgwc0p9v125c
                                                          0.840000  
U6308                     STQ_INV_S_1     um28nchllogl35hsl140f_ssgwc0p9v125c
                                                          0.336000  
U6309                     STQ_NR4_1       um28nchllogl35hsl140f_ssgwc0p9v125c
                                                          0.840000  
U6310                     STQ_OR4B_1      um28nchllogl35hsl140f_ssgwc0p9v125c
                                                          1.008000  
U6311                     STQ_NR4_1       um28nchllogl35hsl140f_ssgwc0p9v125c
                                                          0.840000  
U6312                     STQ_NR4_1       um28nchllogl35hsl140f_ssgwc0p9v125c
                                                          0.840000  
U6313                     STQ_INV_S_0P65  um28nchllogl35hsl140f_ssgwc0p9v125c
                                                          0.336000  
U6314                     STQ_OR4B_1      um28nchllogl35hsl140f_ssgwc0p9v125c
                                                          1.008000  
U6315                     STQ_OR2_1       um28nchllogl35hsl140f_ssgwc0p9v125c
                                                          0.672000  
U6316                     STQ_OR3B_1      um28nchllogl35hsl140f_ssgwc0p9v125c
                                                          0.840000  
U6317                     STQ_INV_S_1     um28nchllogl35hsl140f_ssgwc0p9v125c
                                                          0.336000  
U6318                     STQ_INV_S_1     um28nchllogl35hsl140f_ssgwc0p9v125c
                                                          0.336000  
U6319                     STQ_NR2_G_0P5   um28nchllogl35hsl140f_ssgwc0p9v125c
                                                          0.504000  
U6320                     STQ_NR2_G_0P8   um28nchllogl35hsl140f_ssgwc0p9v125c
                                                          0.504000  
U6321                     STQ_NR2B_1      um28nchllogl35hsl140f_ssgwc0p9v125c
                                                          0.672000  
U6322                     STQ_OR4B_1      um28nchllogl35hsl140f_ssgwc0p9v125c
                                                          1.008000  
U6323                     STQ_NR2_G_0P8   um28nchllogl35hsl140f_ssgwc0p9v125c
                                                          0.504000  
U6324                     STQ_INV_S_0P65  um28nchllogl35hsl140f_ssgwc0p9v125c
                                                          0.336000  
U6325                     STQ_INV_S_1     um28nchllogl35hsl140f_ssgwc0p9v125c
                                                          0.336000  
U6326                     STQ_NR3_G_1     um28nchllogl35hsl140f_ssgwc0p9v125c
                                                          0.672000  
U6327                     STQ_OR3B_1      um28nchllogl35hsl140f_ssgwc0p9v125c
                                                          0.840000  
U6328                     STQ_ND3_0P5     um28nchllogl35hsl140f_ssgwc0p9v125c
                                                          0.672000  
U6329                     STQ_NR4_0P5     um28nchllogl35hsl140f_ssgwc0p9v125c
                                                          0.840000  
U6330                     STQ_AOI22_1     um28nchllogl35hsl140f_ssgwc0p9v125c
                                                          0.840000  
U6331                     STQ_INV_S_0P65  um28nchllogl35hsl140f_ssgwc0p9v125c
                                                          0.336000  
U6332                     STQ_AN4B_1      um28nchllogl35hsl140f_ssgwc0p9v125c
                                                          1.008000  
U6333                     STQ_AN3_1       um28nchllogl35hsl140f_ssgwc0p9v125c
                                                          0.840000  
U6334                     STQ_NR3_G_1     um28nchllogl35hsl140f_ssgwc0p9v125c
                                                          0.672000  
U6335                     STQ_ND2_G_1     um28nchllogl35hsl140f_ssgwc0p9v125c
                                                          0.504000  
U6336                     STQ_ND3_0P5     um28nchllogl35hsl140f_ssgwc0p9v125c
                                                          0.672000  
U6337                     STQ_NR3_G_1P5   um28nchllogl35hsl140f_ssgwc0p9v125c
                                                          1.176000  
U6338                     STQ_ND3_0P5     um28nchllogl35hsl140f_ssgwc0p9v125c
                                                          0.672000  
U6339                     STQ_OR3B_1      um28nchllogl35hsl140f_ssgwc0p9v125c
                                                          0.840000  
U6340                     STQ_NR2B_1      um28nchllogl35hsl140f_ssgwc0p9v125c
                                                          0.672000  
U6341                     STQ_INV_S_0P65  um28nchllogl35hsl140f_ssgwc0p9v125c
                                                          0.336000  
U6342                     STQ_INV_S_0P65  um28nchllogl35hsl140f_ssgwc0p9v125c
                                                          0.336000  
U6343                     STQ_INV_S_0P65  um28nchllogl35hsl140f_ssgwc0p9v125c
                                                          0.336000  
U6344                     STQ_INV_S_0P65  um28nchllogl35hsl140f_ssgwc0p9v125c
                                                          0.336000  
U6345                     STQ_OR4B_1      um28nchllogl35hsl140f_ssgwc0p9v125c
                                                          1.008000  
U6346                     STQ_NR2_G_0P8   um28nchllogl35hsl140f_ssgwc0p9v125c
                                                          0.504000  
U6347                     STQ_INV_S_1     um28nchllogl35hsl140f_ssgwc0p9v125c
                                                          0.336000  
U6348                     STQ_ND2_S_0P8   um28nchllogl35hsl140f_ssgwc0p9v125c
                                                          0.504000  
U6349                     STQ_ND2_G_1     um28nchllogl35hsl140f_ssgwc0p9v125c
                                                          0.504000  
U6350                     STQ_NR4_1       um28nchllogl35hsl140f_ssgwc0p9v125c
                                                          0.840000  
U6351                     STQ_NR2_G_0P5   um28nchllogl35hsl140f_ssgwc0p9v125c
                                                          0.504000  
U6352                     STQ_ND4_0P5     um28nchllogl35hsl140f_ssgwc0p9v125c
                                                          0.840000  
U6353                     STQ_NR4_1       um28nchllogl35hsl140f_ssgwc0p9v125c
                                                          0.840000  
U6354                     STQ_AN4B_1      um28nchllogl35hsl140f_ssgwc0p9v125c
                                                          1.008000  
U6355                     STQ_INV_S_0P65  um28nchllogl35hsl140f_ssgwc0p9v125c
                                                          0.336000  
U6356                     STQ_NR2_G_0P8   um28nchllogl35hsl140f_ssgwc0p9v125c
                                                          0.504000  
U6357                     STQ_NR2_G_0P5   um28nchllogl35hsl140f_ssgwc0p9v125c
                                                          0.504000  
U6358                     STQ_ND4B_1      um28nchllogl35hsl140f_ssgwc0p9v125c
                                                          1.008000  
U6359                     STQ_OR4B_1      um28nchllogl35hsl140f_ssgwc0p9v125c
                                                          1.008000  
U6360                     STQ_NR2_G_0P8   um28nchllogl35hsl140f_ssgwc0p9v125c
                                                          0.504000  
U6361                     STQ_ND3_0P5     um28nchllogl35hsl140f_ssgwc0p9v125c
                                                          0.672000  
U6362                     STQ_OR3B_1      um28nchllogl35hsl140f_ssgwc0p9v125c
                                                          0.840000  
U6363                     STQ_NR2_G_0P8   um28nchllogl35hsl140f_ssgwc0p9v125c
                                                          0.504000  
U6364                     STQ_NR4_1       um28nchllogl35hsl140f_ssgwc0p9v125c
                                                          0.840000  
U6365                     STQ_INV_S_1     um28nchllogl35hsl140f_ssgwc0p9v125c
                                                          0.336000  
U6366                     STQ_INV_S_1     um28nchllogl35hsl140f_ssgwc0p9v125c
                                                          0.336000  
U6367                     STQ_INV_S_1     um28nchllogl35hsl140f_ssgwc0p9v125c
                                                          0.336000  
U6368                     STQ_ND2B_2      um28nchllogl35hsl140f_ssgwc0p9v125c
                                                          1.008000  
U6369                     STQ_INV_S_1     um28nchllogl35hsl140f_ssgwc0p9v125c
                                                          0.336000  
U6370                     STQ_INV_S_1     um28nchllogl35hsl140f_ssgwc0p9v125c
                                                          0.336000  
U6371                     STQ_OR3B_1      um28nchllogl35hsl140f_ssgwc0p9v125c
                                                          0.840000  
U6372                     STQ_INV_S_1     um28nchllogl35hsl140f_ssgwc0p9v125c
                                                          0.336000  
U6373                     STQ_NR3_G_1     um28nchllogl35hsl140f_ssgwc0p9v125c
                                                          0.672000  
U6374                     STQ_INV_S_0P65  um28nchllogl35hsl140f_ssgwc0p9v125c
                                                          0.336000  
U6375                     STQ_ND3_0P5     um28nchllogl35hsl140f_ssgwc0p9v125c
                                                          0.672000  
U6376                     STQ_INV_S_1     um28nchllogl35hsl140f_ssgwc0p9v125c
                                                          0.336000  
U6377                     STQ_NR4_1       um28nchllogl35hsl140f_ssgwc0p9v125c
                                                          0.840000  
U6378                     STQ_NR4_0P5     um28nchllogl35hsl140f_ssgwc0p9v125c
                                                          0.840000  
U6379                     STQ_AN3B_1      um28nchllogl35hsl140f_ssgwc0p9v125c
                                                          0.840000  
U6380                     STQ_NR3_G_1     um28nchllogl35hsl140f_ssgwc0p9v125c
                                                          0.672000  
U6381                     STQ_INV_S_0P65  um28nchllogl35hsl140f_ssgwc0p9v125c
                                                          0.336000  
U6382                     STQ_INV_S_1     um28nchllogl35hsl140f_ssgwc0p9v125c
                                                          0.336000  
U6383                     STQ_INV_S_0P65  um28nchllogl35hsl140f_ssgwc0p9v125c
                                                          0.336000  
U6384                     STQ_NR2_G_0P8   um28nchllogl35hsl140f_ssgwc0p9v125c
                                                          0.504000  
U6385                     STQ_AN3B_1      um28nchllogl35hsl140f_ssgwc0p9v125c
                                                          0.840000  
U6386                     STQ_INV_S_0P65  um28nchllogl35hsl140f_ssgwc0p9v125c
                                                          0.336000  
U6387                     STQ_INV_S_0P65  um28nchllogl35hsl140f_ssgwc0p9v125c
                                                          0.336000  
U6388                     STQ_OR4B_1      um28nchllogl35hsl140f_ssgwc0p9v125c
                                                          1.008000  
U6389                     STQ_INV_S_0P65  um28nchllogl35hsl140f_ssgwc0p9v125c
                                                          0.336000  
U6390                     STQ_NR4_1       um28nchllogl35hsl140f_ssgwc0p9v125c
                                                          0.840000  
U6391                     STQ_AN4B_1      um28nchllogl35hsl140f_ssgwc0p9v125c
                                                          1.008000  
U6392                     STQ_INV_S_0P65  um28nchllogl35hsl140f_ssgwc0p9v125c
                                                          0.336000  
U6393                     STQ_OR3B_1      um28nchllogl35hsl140f_ssgwc0p9v125c
                                                          0.840000  
U6394                     STQ_INV_S_0P65  um28nchllogl35hsl140f_ssgwc0p9v125c
                                                          0.336000  
U6395                     STQ_INV_S_1     um28nchllogl35hsl140f_ssgwc0p9v125c
                                                          0.336000  
U6396                     STQ_ND2_G_1     um28nchllogl35hsl140f_ssgwc0p9v125c
                                                          0.504000  
U6397                     STQ_MUXI2_MG_0P75
                                          um28nchllogl35hsl140f_ssgwc0p9v125c
                                                          1.008000  
U6398                     STQ_INV_S_1     um28nchllogl35hsl140f_ssgwc0p9v125c
                                                          0.336000  
U6399                     STQ_MUXI2_MG_0P75
                                          um28nchllogl35hsl140f_ssgwc0p9v125c
                                                          1.008000  
U6400                     STQ_INV_S_0P65  um28nchllogl35hsl140f_ssgwc0p9v125c
                                                          0.336000  
--------------------------------------------------------------------------------
Total 3981 cells                                          6199.871944
1
