 
****************************************
Report : cell
Design : ENCODER
Version: Q-2019.12-SP5-5
Date   : Wed Apr  1 14:23:52 2026
****************************************

Attributes:
    b - black box (unknown)
    h - hierarchical
    n - noncombinational
    r - removable
    u - contains unmapped logic

Cell                      Reference       Library             Area  Attributes
--------------------------------------------------------------------------------
U2118                     STQ_EO3_0P5     um28nchllogl35hsl140f_ssgwc0p9v125c
                                                          1.512000  
U2119                     STQ_EO3_0P5     um28nchllogl35hsl140f_ssgwc0p9v125c
                                                          1.512000  
U2120                     STQ_EO3_1       um28nchllogl35hsl140f_ssgwc0p9v125c
                                                          2.184000  
U2121                     STQ_EO3_0P5     um28nchllogl35hsl140f_ssgwc0p9v125c
                                                          1.512000  
U2122                     STQ_EO3_0P5     um28nchllogl35hsl140f_ssgwc0p9v125c
                                                          1.512000  
U2123                     STQ_EO2_S_0P5   um28nchllogl35hsl140f_ssgwc0p9v125c
                                                          1.512000  
U2124                     STQ_EO2_S_0P5   um28nchllogl35hsl140f_ssgwc0p9v125c
                                                          1.512000  
U2125                     STQ_EO2_S_0P5   um28nchllogl35hsl140f_ssgwc0p9v125c
                                                          1.512000  
U2126                     STQ_EO2_S_0P5   um28nchllogl35hsl140f_ssgwc0p9v125c
                                                          1.512000  
U2127                     STQ_EO2_1       um28nchllogl35hsl140f_ssgwc0p9v125c
                                                          1.512000  
U2128                     STQ_EO2_S_0P5   um28nchllogl35hsl140f_ssgwc0p9v125c
                                                          1.512000  
U2129                     STQ_EO2_1       um28nchllogl35hsl140f_ssgwc0p9v125c
                                                          1.512000  
U2130                     STQ_EO2_1       um28nchllogl35hsl140f_ssgwc0p9v125c
                                                          1.512000  
U2131                     STQ_EO2_1       um28nchllogl35hsl140f_ssgwc0p9v125c
                                                          1.512000  
U2132                     STQ_EO2_1       um28nchllogl35hsl140f_ssgwc0p9v125c
                                                          1.512000  
U2133                     STQ_EO2_1       um28nchllogl35hsl140f_ssgwc0p9v125c
                                                          1.512000  
U2134                     STQ_EO2_1       um28nchllogl35hsl140f_ssgwc0p9v125c
                                                          1.512000  
U2135                     STQ_EO2_1       um28nchllogl35hsl140f_ssgwc0p9v125c
                                                          1.512000  
U2136                     STQ_EO2_1       um28nchllogl35hsl140f_ssgwc0p9v125c
                                                          1.512000  
U2137                     STQ_EO2_1       um28nchllogl35hsl140f_ssgwc0p9v125c
                                                          1.512000  
U2138                     STQ_EO2_1       um28nchllogl35hsl140f_ssgwc0p9v125c
                                                          1.512000  
U2139                     STQ_EO2_1       um28nchllogl35hsl140f_ssgwc0p9v125c
                                                          1.512000  
U2140                     STQ_EO2_1       um28nchllogl35hsl140f_ssgwc0p9v125c
                                                          1.512000  
U2141                     STQ_EO2_1       um28nchllogl35hsl140f_ssgwc0p9v125c
                                                          1.512000  
U2142                     STQ_EO2_1       um28nchllogl35hsl140f_ssgwc0p9v125c
                                                          1.512000  
U2143                     STQ_EO2_1       um28nchllogl35hsl140f_ssgwc0p9v125c
                                                          1.512000  
U2144                     STQ_EO2_1       um28nchllogl35hsl140f_ssgwc0p9v125c
                                                          1.512000  
U2145                     STQ_EO2_1       um28nchllogl35hsl140f_ssgwc0p9v125c
                                                          1.512000  
U2146                     STQ_EO2_1       um28nchllogl35hsl140f_ssgwc0p9v125c
                                                          1.512000  
U2147                     STQ_EO2_1       um28nchllogl35hsl140f_ssgwc0p9v125c
                                                          1.512000  
U2148                     STQ_EO2_1       um28nchllogl35hsl140f_ssgwc0p9v125c
                                                          1.512000  
U2149                     STQ_EO2_1       um28nchllogl35hsl140f_ssgwc0p9v125c
                                                          1.512000  
U2150                     STQ_EO2_1       um28nchllogl35hsl140f_ssgwc0p9v125c
                                                          1.512000  
U2151                     STQ_EO2_1       um28nchllogl35hsl140f_ssgwc0p9v125c
                                                          1.512000  
U2152                     STQ_EO2_1       um28nchllogl35hsl140f_ssgwc0p9v125c
                                                          1.512000  
U2153                     STQ_EO2_1       um28nchllogl35hsl140f_ssgwc0p9v125c
                                                          1.512000  
U2154                     STQ_EO2_1       um28nchllogl35hsl140f_ssgwc0p9v125c
                                                          1.512000  
U2155                     STQ_EO2_1       um28nchllogl35hsl140f_ssgwc0p9v125c
                                                          1.512000  
U2156                     STQ_EO2_1       um28nchllogl35hsl140f_ssgwc0p9v125c
                                                          1.512000  
U2157                     STQ_EO2_1       um28nchllogl35hsl140f_ssgwc0p9v125c
                                                          1.512000  
U2158                     STQ_EO2_1       um28nchllogl35hsl140f_ssgwc0p9v125c
                                                          1.512000  
U2159                     STQ_EO2_1       um28nchllogl35hsl140f_ssgwc0p9v125c
                                                          1.512000  
U2160                     STQ_EO2_1       um28nchllogl35hsl140f_ssgwc0p9v125c
                                                          1.512000  
U2161                     STQ_EO2_1       um28nchllogl35hsl140f_ssgwc0p9v125c
                                                          1.512000  
U2162                     STQ_EO2_1       um28nchllogl35hsl140f_ssgwc0p9v125c
                                                          1.512000  
U2163                     STQ_EO2_1       um28nchllogl35hsl140f_ssgwc0p9v125c
                                                          1.512000  
U2164                     STQ_EO2_1       um28nchllogl35hsl140f_ssgwc0p9v125c
                                                          1.512000  
U2165                     STQ_EO2_1       um28nchllogl35hsl140f_ssgwc0p9v125c
                                                          1.512000  
U2166                     STQ_EO2_1       um28nchllogl35hsl140f_ssgwc0p9v125c
                                                          1.512000  
U2167                     STQ_EO2_1       um28nchllogl35hsl140f_ssgwc0p9v125c
                                                          1.512000  
U2168                     STQ_EO2_1       um28nchllogl35hsl140f_ssgwc0p9v125c
                                                          1.512000  
U2169                     STQ_EO2_1       um28nchllogl35hsl140f_ssgwc0p9v125c
                                                          1.512000  
U2170                     STQ_EO2_1       um28nchllogl35hsl140f_ssgwc0p9v125c
                                                          1.512000  
U2171                     STQ_EO2_1       um28nchllogl35hsl140f_ssgwc0p9v125c
                                                          1.512000  
U2172                     STQ_EO2_1       um28nchllogl35hsl140f_ssgwc0p9v125c
                                                          1.512000  
U2173                     STQ_EO2_1       um28nchllogl35hsl140f_ssgwc0p9v125c
                                                          1.512000  
U2174                     STQ_EO2_1       um28nchllogl35hsl140f_ssgwc0p9v125c
                                                          1.512000  
U2175                     STQ_EO2_1       um28nchllogl35hsl140f_ssgwc0p9v125c
                                                          1.512000  
U2176                     STQ_EO2_1       um28nchllogl35hsl140f_ssgwc0p9v125c
                                                          1.512000  
U2177                     STQ_EO2_1       um28nchllogl35hsl140f_ssgwc0p9v125c
                                                          1.512000  
U2178                     STQ_EO2_1       um28nchllogl35hsl140f_ssgwc0p9v125c
                                                          1.512000  
U2179                     STQ_EO2_1       um28nchllogl35hsl140f_ssgwc0p9v125c
                                                          1.512000  
U2180                     STQ_EO2_1       um28nchllogl35hsl140f_ssgwc0p9v125c
                                                          1.512000  
U2181                     STQ_EO2_1       um28nchllogl35hsl140f_ssgwc0p9v125c
                                                          1.512000  
U2182                     STQ_EO2_1       um28nchllogl35hsl140f_ssgwc0p9v125c
                                                          1.512000  
U2183                     STQ_EO2_1       um28nchllogl35hsl140f_ssgwc0p9v125c
                                                          1.512000  
U2184                     STQ_EO2_1       um28nchllogl35hsl140f_ssgwc0p9v125c
                                                          1.512000  
U2185                     STQ_EO2_1       um28nchllogl35hsl140f_ssgwc0p9v125c
                                                          1.512000  
U2186                     STQ_EO2_1       um28nchllogl35hsl140f_ssgwc0p9v125c
                                                          1.512000  
U2187                     STQ_EO2_1       um28nchllogl35hsl140f_ssgwc0p9v125c
                                                          1.512000  
U2188                     STQ_EO2_1       um28nchllogl35hsl140f_ssgwc0p9v125c
                                                          1.512000  
U2189                     STQ_EO2_1       um28nchllogl35hsl140f_ssgwc0p9v125c
                                                          1.512000  
U2190                     STQ_EO2_1       um28nchllogl35hsl140f_ssgwc0p9v125c
                                                          1.512000  
U2191                     STQ_EO2_1       um28nchllogl35hsl140f_ssgwc0p9v125c
                                                          1.512000  
U2192                     STQ_EO2_1       um28nchllogl35hsl140f_ssgwc0p9v125c
                                                          1.512000  
U2193                     STQ_EO2_1       um28nchllogl35hsl140f_ssgwc0p9v125c
                                                          1.512000  
U2194                     STQ_EO2_1       um28nchllogl35hsl140f_ssgwc0p9v125c
                                                          1.512000  
U2195                     STQ_EO2_1       um28nchllogl35hsl140f_ssgwc0p9v125c
                                                          1.512000  
U2196                     STQ_EO2_1       um28nchllogl35hsl140f_ssgwc0p9v125c
                                                          1.512000  
U2197                     STQ_EO2_1       um28nchllogl35hsl140f_ssgwc0p9v125c
                                                          1.512000  
U2198                     STQ_EO2_1       um28nchllogl35hsl140f_ssgwc0p9v125c
                                                          1.512000  
U2199                     STQ_EO2_1       um28nchllogl35hsl140f_ssgwc0p9v125c
                                                          1.512000  
U2200                     STQ_EO2_1       um28nchllogl35hsl140f_ssgwc0p9v125c
                                                          1.512000  
U2201                     STQ_EO2_1       um28nchllogl35hsl140f_ssgwc0p9v125c
                                                          1.512000  
U2202                     STQ_EO2_1       um28nchllogl35hsl140f_ssgwc0p9v125c
                                                          1.512000  
U2203                     STQ_EO2_1       um28nchllogl35hsl140f_ssgwc0p9v125c
                                                          1.512000  
U2204                     STQ_EO2_1       um28nchllogl35hsl140f_ssgwc0p9v125c
                                                          1.512000  
U2205                     STQ_EO2_1       um28nchllogl35hsl140f_ssgwc0p9v125c
                                                          1.512000  
U2206                     STQ_EO2_1       um28nchllogl35hsl140f_ssgwc0p9v125c
                                                          1.512000  
U2207                     STQ_EO2_1       um28nchllogl35hsl140f_ssgwc0p9v125c
                                                          1.512000  
U2208                     STQ_EO2_1       um28nchllogl35hsl140f_ssgwc0p9v125c
                                                          1.512000  
U2209                     STQ_EO2_1       um28nchllogl35hsl140f_ssgwc0p9v125c
                                                          1.512000  
U2210                     STQ_EO2_1       um28nchllogl35hsl140f_ssgwc0p9v125c
                                                          1.512000  
U2211                     STQ_EO2_1       um28nchllogl35hsl140f_ssgwc0p9v125c
                                                          1.512000  
U2212                     STQ_EO2_1       um28nchllogl35hsl140f_ssgwc0p9v125c
                                                          1.512000  
U2213                     STQ_EO2_1       um28nchllogl35hsl140f_ssgwc0p9v125c
                                                          1.512000  
U2214                     STQ_EO2_1       um28nchllogl35hsl140f_ssgwc0p9v125c
                                                          1.512000  
U2215                     STQ_EO2_1       um28nchllogl35hsl140f_ssgwc0p9v125c
                                                          1.512000  
U2216                     STQ_EO2_1       um28nchllogl35hsl140f_ssgwc0p9v125c
                                                          1.512000  
U2217                     STQ_EO2_1       um28nchllogl35hsl140f_ssgwc0p9v125c
                                                          1.512000  
U2218                     STQ_EO2_1       um28nchllogl35hsl140f_ssgwc0p9v125c
                                                          1.512000  
U2219                     STQ_EO2_1       um28nchllogl35hsl140f_ssgwc0p9v125c
                                                          1.512000  
U2220                     STQ_EO2_1       um28nchllogl35hsl140f_ssgwc0p9v125c
                                                          1.512000  
U2221                     STQ_EO2_1       um28nchllogl35hsl140f_ssgwc0p9v125c
                                                          1.512000  
U2222                     STQ_EO2_1       um28nchllogl35hsl140f_ssgwc0p9v125c
                                                          1.512000  
U2223                     STQ_EO2_1       um28nchllogl35hsl140f_ssgwc0p9v125c
                                                          1.512000  
U2224                     STQ_EO2_1       um28nchllogl35hsl140f_ssgwc0p9v125c
                                                          1.512000  
U2225                     STQ_EO2_1       um28nchllogl35hsl140f_ssgwc0p9v125c
                                                          1.512000  
U2226                     STQ_EO2_1       um28nchllogl35hsl140f_ssgwc0p9v125c
                                                          1.512000  
U2227                     STQ_EO2_1       um28nchllogl35hsl140f_ssgwc0p9v125c
                                                          1.512000  
U2228                     STQ_EO2_1       um28nchllogl35hsl140f_ssgwc0p9v125c
                                                          1.512000  
U2229                     STQ_EO2_1       um28nchllogl35hsl140f_ssgwc0p9v125c
                                                          1.512000  
U2230                     STQ_EO2_1       um28nchllogl35hsl140f_ssgwc0p9v125c
                                                          1.512000  
U2231                     STQ_EO2_1       um28nchllogl35hsl140f_ssgwc0p9v125c
                                                          1.512000  
U2232                     STQ_EO2_1       um28nchllogl35hsl140f_ssgwc0p9v125c
                                                          1.512000  
U2233                     STQ_EO2_1       um28nchllogl35hsl140f_ssgwc0p9v125c
                                                          1.512000  
U2234                     STQ_EO2_1       um28nchllogl35hsl140f_ssgwc0p9v125c
                                                          1.512000  
U2235                     STQ_EO2_1       um28nchllogl35hsl140f_ssgwc0p9v125c
                                                          1.512000  
U2236                     STQ_EO2_1       um28nchllogl35hsl140f_ssgwc0p9v125c
                                                          1.512000  
U2237                     STQ_EO2_1       um28nchllogl35hsl140f_ssgwc0p9v125c
                                                          1.512000  
U2238                     STQ_EO2_1       um28nchllogl35hsl140f_ssgwc0p9v125c
                                                          1.512000  
U2239                     STQ_EO2_1       um28nchllogl35hsl140f_ssgwc0p9v125c
                                                          1.512000  
U2240                     STQ_EO2_1       um28nchllogl35hsl140f_ssgwc0p9v125c
                                                          1.512000  
U2241                     STQ_EO2_1       um28nchllogl35hsl140f_ssgwc0p9v125c
                                                          1.512000  
U2242                     STQ_EO2_1       um28nchllogl35hsl140f_ssgwc0p9v125c
                                                          1.512000  
U2243                     STQ_EO2_1       um28nchllogl35hsl140f_ssgwc0p9v125c
                                                          1.512000  
U2244                     STQ_EO2_1       um28nchllogl35hsl140f_ssgwc0p9v125c
                                                          1.512000  
U2245                     STQ_EO2_1       um28nchllogl35hsl140f_ssgwc0p9v125c
                                                          1.512000  
U2246                     STQ_EO2_1       um28nchllogl35hsl140f_ssgwc0p9v125c
                                                          1.512000  
U2247                     STQ_EO2_1       um28nchllogl35hsl140f_ssgwc0p9v125c
                                                          1.512000  
U2248                     STQ_EO2_1       um28nchllogl35hsl140f_ssgwc0p9v125c
                                                          1.512000  
U2249                     STQ_EO2_1       um28nchllogl35hsl140f_ssgwc0p9v125c
                                                          1.512000  
U2250                     STQ_EO2_1       um28nchllogl35hsl140f_ssgwc0p9v125c
                                                          1.512000  
U2251                     STQ_EO2_1       um28nchllogl35hsl140f_ssgwc0p9v125c
                                                          1.512000  
U2252                     STQ_EO2_1       um28nchllogl35hsl140f_ssgwc0p9v125c
                                                          1.512000  
U2253                     STQ_EO2_1       um28nchllogl35hsl140f_ssgwc0p9v125c
                                                          1.512000  
U2254                     STQ_EO2_1       um28nchllogl35hsl140f_ssgwc0p9v125c
                                                          1.512000  
U2255                     STQ_EO2_1       um28nchllogl35hsl140f_ssgwc0p9v125c
                                                          1.512000  
U2256                     STQ_EO2_1       um28nchllogl35hsl140f_ssgwc0p9v125c
                                                          1.512000  
U2257                     STQ_EO2_1       um28nchllogl35hsl140f_ssgwc0p9v125c
                                                          1.512000  
U2258                     STQ_EO2_1       um28nchllogl35hsl140f_ssgwc0p9v125c
                                                          1.512000  
U2259                     STQ_EO2_1       um28nchllogl35hsl140f_ssgwc0p9v125c
                                                          1.512000  
U2260                     STQ_EO2_1       um28nchllogl35hsl140f_ssgwc0p9v125c
                                                          1.512000  
U2261                     STQ_EO2_1       um28nchllogl35hsl140f_ssgwc0p9v125c
                                                          1.512000  
U2262                     STQ_EO2_1       um28nchllogl35hsl140f_ssgwc0p9v125c
                                                          1.512000  
U2263                     STQ_EO2_1       um28nchllogl35hsl140f_ssgwc0p9v125c
                                                          1.512000  
U2264                     STQ_EO2_1       um28nchllogl35hsl140f_ssgwc0p9v125c
                                                          1.512000  
U2265                     STQ_EO2_1       um28nchllogl35hsl140f_ssgwc0p9v125c
                                                          1.512000  
U2266                     STQ_EO2_1       um28nchllogl35hsl140f_ssgwc0p9v125c
                                                          1.512000  
U2267                     STQ_EO2_1       um28nchllogl35hsl140f_ssgwc0p9v125c
                                                          1.512000  
U2268                     STQ_EO2_1       um28nchllogl35hsl140f_ssgwc0p9v125c
                                                          1.512000  
U2269                     STQ_EO2_1       um28nchllogl35hsl140f_ssgwc0p9v125c
                                                          1.512000  
U2270                     STQ_EO2_1       um28nchllogl35hsl140f_ssgwc0p9v125c
                                                          1.512000  
U2271                     STQ_EO2_1       um28nchllogl35hsl140f_ssgwc0p9v125c
                                                          1.512000  
U2272                     STQ_EO2_1       um28nchllogl35hsl140f_ssgwc0p9v125c
                                                          1.512000  
U2273                     STQ_EO2_1       um28nchllogl35hsl140f_ssgwc0p9v125c
                                                          1.512000  
U2274                     STQ_EO2_1       um28nchllogl35hsl140f_ssgwc0p9v125c
                                                          1.512000  
U2275                     STQ_EO2_1       um28nchllogl35hsl140f_ssgwc0p9v125c
                                                          1.512000  
U2276                     STQ_EO2_1       um28nchllogl35hsl140f_ssgwc0p9v125c
                                                          1.512000  
U2277                     STQ_EO2_1       um28nchllogl35hsl140f_ssgwc0p9v125c
                                                          1.512000  
U2278                     STQ_EO2_1       um28nchllogl35hsl140f_ssgwc0p9v125c
                                                          1.512000  
U2279                     STQ_EO2_1       um28nchllogl35hsl140f_ssgwc0p9v125c
                                                          1.512000  
U2280                     STQ_EO2_1       um28nchllogl35hsl140f_ssgwc0p9v125c
                                                          1.512000  
U2281                     STQ_EO2_1       um28nchllogl35hsl140f_ssgwc0p9v125c
                                                          1.512000  
U2282                     STQ_EO2_1       um28nchllogl35hsl140f_ssgwc0p9v125c
                                                          1.512000  
U2283                     STQ_EO2_1       um28nchllogl35hsl140f_ssgwc0p9v125c
                                                          1.512000  
U2284                     STQ_EO2_1       um28nchllogl35hsl140f_ssgwc0p9v125c
                                                          1.512000  
U2285                     STQ_EO2_1       um28nchllogl35hsl140f_ssgwc0p9v125c
                                                          1.512000  
U2286                     STQ_EO2_1       um28nchllogl35hsl140f_ssgwc0p9v125c
                                                          1.512000  
U2287                     STQ_EO2_1       um28nchllogl35hsl140f_ssgwc0p9v125c
                                                          1.512000  
U2288                     STQ_EO2_1       um28nchllogl35hsl140f_ssgwc0p9v125c
                                                          1.512000  
U2289                     STQ_EO2_1       um28nchllogl35hsl140f_ssgwc0p9v125c
                                                          1.512000  
U2290                     STQ_EO2_1       um28nchllogl35hsl140f_ssgwc0p9v125c
                                                          1.512000  
U2291                     STQ_EO2_1       um28nchllogl35hsl140f_ssgwc0p9v125c
                                                          1.512000  
U2292                     STQ_EO2_1       um28nchllogl35hsl140f_ssgwc0p9v125c
                                                          1.512000  
U2293                     STQ_EO2_1       um28nchllogl35hsl140f_ssgwc0p9v125c
                                                          1.512000  
U2294                     STQ_EO2_1       um28nchllogl35hsl140f_ssgwc0p9v125c
                                                          1.512000  
U2295                     STQ_EO2_1       um28nchllogl35hsl140f_ssgwc0p9v125c
                                                          1.512000  
U2296                     STQ_EO2_1       um28nchllogl35hsl140f_ssgwc0p9v125c
                                                          1.512000  
U2297                     STQ_EO2_1       um28nchllogl35hsl140f_ssgwc0p9v125c
                                                          1.512000  
U2298                     STQ_EO2_1       um28nchllogl35hsl140f_ssgwc0p9v125c
                                                          1.512000  
U2299                     STQ_EO2_1       um28nchllogl35hsl140f_ssgwc0p9v125c
                                                          1.512000  
U2300                     STQ_EO2_1       um28nchllogl35hsl140f_ssgwc0p9v125c
                                                          1.512000  
U2301                     STQ_EO2_1       um28nchllogl35hsl140f_ssgwc0p9v125c
                                                          1.512000  
U2302                     STQ_EO2_1       um28nchllogl35hsl140f_ssgwc0p9v125c
                                                          1.512000  
U2303                     STQ_EO2_1       um28nchllogl35hsl140f_ssgwc0p9v125c
                                                          1.512000  
U2304                     STQ_EO2_1       um28nchllogl35hsl140f_ssgwc0p9v125c
                                                          1.512000  
U2305                     STQ_EO2_1       um28nchllogl35hsl140f_ssgwc0p9v125c
                                                          1.512000  
U2306                     STQ_EO2_1       um28nchllogl35hsl140f_ssgwc0p9v125c
                                                          1.512000  
U2307                     STQ_EO2_1       um28nchllogl35hsl140f_ssgwc0p9v125c
                                                          1.512000  
U2308                     STQ_EO2_1       um28nchllogl35hsl140f_ssgwc0p9v125c
                                                          1.512000  
U2309                     STQ_EO2_1       um28nchllogl35hsl140f_ssgwc0p9v125c
                                                          1.512000  
U2310                     STQ_EO2_1       um28nchllogl35hsl140f_ssgwc0p9v125c
                                                          1.512000  
U2311                     STQ_EO2_1       um28nchllogl35hsl140f_ssgwc0p9v125c
                                                          1.512000  
U2312                     STQ_EO2_1       um28nchllogl35hsl140f_ssgwc0p9v125c
                                                          1.512000  
U2313                     STQ_EO2_1       um28nchllogl35hsl140f_ssgwc0p9v125c
                                                          1.512000  
U2314                     STQ_EO2_1       um28nchllogl35hsl140f_ssgwc0p9v125c
                                                          1.512000  
U2315                     STQ_EO2_1       um28nchllogl35hsl140f_ssgwc0p9v125c
                                                          1.512000  
U2316                     STQ_EO2_1       um28nchllogl35hsl140f_ssgwc0p9v125c
                                                          1.512000  
U2317                     STQ_EO2_1       um28nchllogl35hsl140f_ssgwc0p9v125c
                                                          1.512000  
U2318                     STQ_EO2_1       um28nchllogl35hsl140f_ssgwc0p9v125c
                                                          1.512000  
U2319                     STQ_EO2_1       um28nchllogl35hsl140f_ssgwc0p9v125c
                                                          1.512000  
U2320                     STQ_EO2_1       um28nchllogl35hsl140f_ssgwc0p9v125c
                                                          1.512000  
U2321                     STQ_EO2_1       um28nchllogl35hsl140f_ssgwc0p9v125c
                                                          1.512000  
U2322                     STQ_EO2_1       um28nchllogl35hsl140f_ssgwc0p9v125c
                                                          1.512000  
U2323                     STQ_EO2_1       um28nchllogl35hsl140f_ssgwc0p9v125c
                                                          1.512000  
U2324                     STQ_EO2_1       um28nchllogl35hsl140f_ssgwc0p9v125c
                                                          1.512000  
U2325                     STQ_EO2_1       um28nchllogl35hsl140f_ssgwc0p9v125c
                                                          1.512000  
U2326                     STQ_EO2_1       um28nchllogl35hsl140f_ssgwc0p9v125c
                                                          1.512000  
U2327                     STQ_EO2_1       um28nchllogl35hsl140f_ssgwc0p9v125c
                                                          1.512000  
U2328                     STQ_EO2_1       um28nchllogl35hsl140f_ssgwc0p9v125c
                                                          1.512000  
U2329                     STQ_EO2_1       um28nchllogl35hsl140f_ssgwc0p9v125c
                                                          1.512000  
U2330                     STQ_EO2_1       um28nchllogl35hsl140f_ssgwc0p9v125c
                                                          1.512000  
U2331                     STQ_EO2_1       um28nchllogl35hsl140f_ssgwc0p9v125c
                                                          1.512000  
U2332                     STQ_EO2_1       um28nchllogl35hsl140f_ssgwc0p9v125c
                                                          1.512000  
U2333                     STQ_EO2_1       um28nchllogl35hsl140f_ssgwc0p9v125c
                                                          1.512000  
U2334                     STQ_EO2_1       um28nchllogl35hsl140f_ssgwc0p9v125c
                                                          1.512000  
U2335                     STQ_EO2_1       um28nchllogl35hsl140f_ssgwc0p9v125c
                                                          1.512000  
U2336                     STQ_EO2_1       um28nchllogl35hsl140f_ssgwc0p9v125c
                                                          1.512000  
U2337                     STQ_EO2_1       um28nchllogl35hsl140f_ssgwc0p9v125c
                                                          1.512000  
U2338                     STQ_EO2_1       um28nchllogl35hsl140f_ssgwc0p9v125c
                                                          1.512000  
U2339                     STQ_EO2_1       um28nchllogl35hsl140f_ssgwc0p9v125c
                                                          1.512000  
U2340                     STQ_EO2_1       um28nchllogl35hsl140f_ssgwc0p9v125c
                                                          1.512000  
U2341                     STQ_EO2_1       um28nchllogl35hsl140f_ssgwc0p9v125c
                                                          1.512000  
U2342                     STQ_EO2_1       um28nchllogl35hsl140f_ssgwc0p9v125c
                                                          1.512000  
U2343                     STQ_EO2_1       um28nchllogl35hsl140f_ssgwc0p9v125c
                                                          1.512000  
U2344                     STQ_EO2_1       um28nchllogl35hsl140f_ssgwc0p9v125c
                                                          1.512000  
U2345                     STQ_EO2_1       um28nchllogl35hsl140f_ssgwc0p9v125c
                                                          1.512000  
U2346                     STQ_EO2_1       um28nchllogl35hsl140f_ssgwc0p9v125c
                                                          1.512000  
U2347                     STQ_EO2_1       um28nchllogl35hsl140f_ssgwc0p9v125c
                                                          1.512000  
U2348                     STQ_EO2_1       um28nchllogl35hsl140f_ssgwc0p9v125c
                                                          1.512000  
U2349                     STQ_EO2_1       um28nchllogl35hsl140f_ssgwc0p9v125c
                                                          1.512000  
U2350                     STQ_EO2_1       um28nchllogl35hsl140f_ssgwc0p9v125c
                                                          1.512000  
U2351                     STQ_EO2_1       um28nchllogl35hsl140f_ssgwc0p9v125c
                                                          1.512000  
U2352                     STQ_EO2_1       um28nchllogl35hsl140f_ssgwc0p9v125c
                                                          1.512000  
U2353                     STQ_EO2_1       um28nchllogl35hsl140f_ssgwc0p9v125c
                                                          1.512000  
U2354                     STQ_EO2_1       um28nchllogl35hsl140f_ssgwc0p9v125c
                                                          1.512000  
U2355                     STQ_EO2_1       um28nchllogl35hsl140f_ssgwc0p9v125c
                                                          1.512000  
U2356                     STQ_EO2_1       um28nchllogl35hsl140f_ssgwc0p9v125c
                                                          1.512000  
U2357                     STQ_EO2_1       um28nchllogl35hsl140f_ssgwc0p9v125c
                                                          1.512000  
U2358                     STQ_EO2_S_0P5   um28nchllogl35hsl140f_ssgwc0p9v125c
                                                          1.512000  
U2359                     STQ_EO2_S_0P5   um28nchllogl35hsl140f_ssgwc0p9v125c
                                                          1.512000  
U2360                     STQ_EO2_S_0P5   um28nchllogl35hsl140f_ssgwc0p9v125c
                                                          1.512000  
U2361                     STQ_EO2_S_0P5   um28nchllogl35hsl140f_ssgwc0p9v125c
                                                          1.512000  
U2362                     STQ_EO2_S_0P5   um28nchllogl35hsl140f_ssgwc0p9v125c
                                                          1.512000  
U2363                     STQ_EO2_S_0P5   um28nchllogl35hsl140f_ssgwc0p9v125c
                                                          1.512000  
U2364                     STQ_EO2_S_0P5   um28nchllogl35hsl140f_ssgwc0p9v125c
                                                          1.512000  
U2365                     STQ_EO2_S_0P5   um28nchllogl35hsl140f_ssgwc0p9v125c
                                                          1.512000  
U2366                     STQ_EO2_S_0P5   um28nchllogl35hsl140f_ssgwc0p9v125c
                                                          1.512000  
U2367                     STQ_EO2_S_0P5   um28nchllogl35hsl140f_ssgwc0p9v125c
                                                          1.512000  
U2368                     STQ_EO2_S_0P5   um28nchllogl35hsl140f_ssgwc0p9v125c
                                                          1.512000  
U2369                     STQ_EO2_S_0P5   um28nchllogl35hsl140f_ssgwc0p9v125c
                                                          1.512000  
U2370                     STQ_EO2_S_0P5   um28nchllogl35hsl140f_ssgwc0p9v125c
                                                          1.512000  
U2371                     STQ_EO2_S_0P5   um28nchllogl35hsl140f_ssgwc0p9v125c
                                                          1.512000  
U2372                     STQ_EO2_S_0P5   um28nchllogl35hsl140f_ssgwc0p9v125c
                                                          1.512000  
U2373                     STQ_EO2_S_0P5   um28nchllogl35hsl140f_ssgwc0p9v125c
                                                          1.512000  
U2374                     STQ_EO2_S_0P5   um28nchllogl35hsl140f_ssgwc0p9v125c
                                                          1.512000  
U2375                     STQ_EO2_S_0P5   um28nchllogl35hsl140f_ssgwc0p9v125c
                                                          1.512000  
U2376                     STQ_EO2_S_0P5   um28nchllogl35hsl140f_ssgwc0p9v125c
                                                          1.512000  
U2377                     STQ_EO2_S_0P5   um28nchllogl35hsl140f_ssgwc0p9v125c
                                                          1.512000  
U2378                     STQ_EO2_S_0P5   um28nchllogl35hsl140f_ssgwc0p9v125c
                                                          1.512000  
U2379                     STQ_EO2_S_0P5   um28nchllogl35hsl140f_ssgwc0p9v125c
                                                          1.512000  
U2380                     STQ_EO2_S_0P5   um28nchllogl35hsl140f_ssgwc0p9v125c
                                                          1.512000  
U2381                     STQ_EO2_S_0P5   um28nchllogl35hsl140f_ssgwc0p9v125c
                                                          1.512000  
U2382                     STQ_EO2_S_0P5   um28nchllogl35hsl140f_ssgwc0p9v125c
                                                          1.512000  
U2383                     STQ_EO2_S_0P5   um28nchllogl35hsl140f_ssgwc0p9v125c
                                                          1.512000  
U2384                     STQ_EO2_S_0P5   um28nchllogl35hsl140f_ssgwc0p9v125c
                                                          1.512000  
U2385                     STQ_EO2_S_0P5   um28nchllogl35hsl140f_ssgwc0p9v125c
                                                          1.512000  
U2386                     STQ_EO2_S_0P5   um28nchllogl35hsl140f_ssgwc0p9v125c
                                                          1.512000  
U2387                     STQ_EO2_S_0P5   um28nchllogl35hsl140f_ssgwc0p9v125c
                                                          1.512000  
U2388                     STQ_EO2_S_0P5   um28nchllogl35hsl140f_ssgwc0p9v125c
                                                          1.512000  
U2389                     STQ_EO2_S_0P5   um28nchllogl35hsl140f_ssgwc0p9v125c
                                                          1.512000  
U2390                     STQ_EO2_S_0P5   um28nchllogl35hsl140f_ssgwc0p9v125c
                                                          1.512000  
U2391                     STQ_EO2_S_0P5   um28nchllogl35hsl140f_ssgwc0p9v125c
                                                          1.512000  
U2392                     STQ_EO2_S_0P5   um28nchllogl35hsl140f_ssgwc0p9v125c
                                                          1.512000  
U2393                     STQ_EO2_S_0P5   um28nchllogl35hsl140f_ssgwc0p9v125c
                                                          1.512000  
U2394                     STQ_EO2_S_0P5   um28nchllogl35hsl140f_ssgwc0p9v125c
                                                          1.512000  
U2395                     STQ_EO2_S_0P5   um28nchllogl35hsl140f_ssgwc0p9v125c
                                                          1.512000  
U2396                     STQ_EO2_S_0P5   um28nchllogl35hsl140f_ssgwc0p9v125c
                                                          1.512000  
U2397                     STQ_EO2_S_0P5   um28nchllogl35hsl140f_ssgwc0p9v125c
                                                          1.512000  
U2398                     STQ_EO2_S_0P5   um28nchllogl35hsl140f_ssgwc0p9v125c
                                                          1.512000  
U2399                     STQ_EO2_S_0P5   um28nchllogl35hsl140f_ssgwc0p9v125c
                                                          1.512000  
U2400                     STQ_EO2_S_0P5   um28nchllogl35hsl140f_ssgwc0p9v125c
                                                          1.512000  
U2401                     STQ_EO2_S_0P5   um28nchllogl35hsl140f_ssgwc0p9v125c
                                                          1.512000  
U2402                     STQ_EO2_S_0P5   um28nchllogl35hsl140f_ssgwc0p9v125c
                                                          1.512000  
U2403                     STQ_EO2_S_0P5   um28nchllogl35hsl140f_ssgwc0p9v125c
                                                          1.512000  
U2404                     STQ_EO2_S_0P5   um28nchllogl35hsl140f_ssgwc0p9v125c
                                                          1.512000  
U2405                     STQ_EO3_0P5     um28nchllogl35hsl140f_ssgwc0p9v125c
                                                          1.512000  
U2406                     STQ_EO3_0P5     um28nchllogl35hsl140f_ssgwc0p9v125c
                                                          1.512000  
U2407                     STQ_EO2_S_0P5   um28nchllogl35hsl140f_ssgwc0p9v125c
                                                          1.512000  
U2408                     STQ_EO2_S_0P5   um28nchllogl35hsl140f_ssgwc0p9v125c
                                                          1.512000  
U2409                     STQ_EO2_S_0P5   um28nchllogl35hsl140f_ssgwc0p9v125c
                                                          1.512000  
U2410                     STQ_EO2_S_0P5   um28nchllogl35hsl140f_ssgwc0p9v125c
                                                          1.512000  
U2411                     STQ_EO2_S_0P5   um28nchllogl35hsl140f_ssgwc0p9v125c
                                                          1.512000  
U2412                     STQ_EO2_S_0P5   um28nchllogl35hsl140f_ssgwc0p9v125c
                                                          1.512000  
U2413                     STQ_EO2_S_0P5   um28nchllogl35hsl140f_ssgwc0p9v125c
                                                          1.512000  
U2414                     STQ_EO2_S_0P5   um28nchllogl35hsl140f_ssgwc0p9v125c
                                                          1.512000  
U2415                     STQ_EO2_S_0P5   um28nchllogl35hsl140f_ssgwc0p9v125c
                                                          1.512000  
U2416                     STQ_EO2_S_0P5   um28nchllogl35hsl140f_ssgwc0p9v125c
                                                          1.512000  
U2417                     STQ_EO2_S_0P5   um28nchllogl35hsl140f_ssgwc0p9v125c
                                                          1.512000  
U2418                     STQ_EO2_S_0P5   um28nchllogl35hsl140f_ssgwc0p9v125c
                                                          1.512000  
U2419                     STQ_EO2_S_0P5   um28nchllogl35hsl140f_ssgwc0p9v125c
                                                          1.512000  
U2420                     STQ_EO2_S_0P5   um28nchllogl35hsl140f_ssgwc0p9v125c
                                                          1.512000  
U2421                     STQ_EO2_S_0P5   um28nchllogl35hsl140f_ssgwc0p9v125c
                                                          1.512000  
U2422                     STQ_EO2_S_0P5   um28nchllogl35hsl140f_ssgwc0p9v125c
                                                          1.512000  
U2423                     STQ_EO2_S_0P5   um28nchllogl35hsl140f_ssgwc0p9v125c
                                                          1.512000  
U2424                     STQ_EO2_S_0P5   um28nchllogl35hsl140f_ssgwc0p9v125c
                                                          1.512000  
U2425                     STQ_EO2_S_0P5   um28nchllogl35hsl140f_ssgwc0p9v125c
                                                          1.512000  
U2426                     STQ_EO2_S_0P5   um28nchllogl35hsl140f_ssgwc0p9v125c
                                                          1.512000  
U2427                     STQ_EO2_S_0P5   um28nchllogl35hsl140f_ssgwc0p9v125c
                                                          1.512000  
U2428                     STQ_EO3_0P5     um28nchllogl35hsl140f_ssgwc0p9v125c
                                                          1.512000  
U2429                     STQ_EO2_S_0P5   um28nchllogl35hsl140f_ssgwc0p9v125c
                                                          1.512000  
U2430                     STQ_EO2_S_0P5   um28nchllogl35hsl140f_ssgwc0p9v125c
                                                          1.512000  
U2431                     STQ_EO2_S_0P5   um28nchllogl35hsl140f_ssgwc0p9v125c
                                                          1.512000  
U2432                     STQ_EO2_S_0P5   um28nchllogl35hsl140f_ssgwc0p9v125c
                                                          1.512000  
U2433                     STQ_EO2_S_0P5   um28nchllogl35hsl140f_ssgwc0p9v125c
                                                          1.512000  
U2434                     STQ_EO2_S_0P5   um28nchllogl35hsl140f_ssgwc0p9v125c
                                                          1.512000  
U2435                     STQ_EO2_S_0P5   um28nchllogl35hsl140f_ssgwc0p9v125c
                                                          1.512000  
U2436                     STQ_EO2_S_0P5   um28nchllogl35hsl140f_ssgwc0p9v125c
                                                          1.512000  
U2437                     STQ_EO2_S_0P5   um28nchllogl35hsl140f_ssgwc0p9v125c
                                                          1.512000  
U2438                     STQ_EO2_S_0P5   um28nchllogl35hsl140f_ssgwc0p9v125c
                                                          1.512000  
U2439                     STQ_EO2_S_0P5   um28nchllogl35hsl140f_ssgwc0p9v125c
                                                          1.512000  
U2440                     STQ_EO2_S_0P5   um28nchllogl35hsl140f_ssgwc0p9v125c
                                                          1.512000  
U2441                     STQ_EO2_S_0P5   um28nchllogl35hsl140f_ssgwc0p9v125c
                                                          1.512000  
U2442                     STQ_EO2_S_0P5   um28nchllogl35hsl140f_ssgwc0p9v125c
                                                          1.512000  
U2443                     STQ_EO2_S_0P5   um28nchllogl35hsl140f_ssgwc0p9v125c
                                                          1.512000  
U2444                     STQ_EO2_S_0P5   um28nchllogl35hsl140f_ssgwc0p9v125c
                                                          1.512000  
U2445                     STQ_EO2_S_0P5   um28nchllogl35hsl140f_ssgwc0p9v125c
                                                          1.512000  
U2446                     STQ_EO2_S_0P5   um28nchllogl35hsl140f_ssgwc0p9v125c
                                                          1.512000  
U2447                     STQ_EO2_S_0P5   um28nchllogl35hsl140f_ssgwc0p9v125c
                                                          1.512000  
U2448                     STQ_EO2_S_0P5   um28nchllogl35hsl140f_ssgwc0p9v125c
                                                          1.512000  
U2449                     STQ_EO2_S_0P5   um28nchllogl35hsl140f_ssgwc0p9v125c
                                                          1.512000  
U2450                     STQ_EO2_S_0P5   um28nchllogl35hsl140f_ssgwc0p9v125c
                                                          1.512000  
U2451                     STQ_EO2_S_0P5   um28nchllogl35hsl140f_ssgwc0p9v125c
                                                          1.512000  
U2452                     STQ_EO2_S_0P5   um28nchllogl35hsl140f_ssgwc0p9v125c
                                                          1.512000  
U2453                     STQ_EO2_S_0P5   um28nchllogl35hsl140f_ssgwc0p9v125c
                                                          1.512000  
U2454                     STQ_EO2_S_0P5   um28nchllogl35hsl140f_ssgwc0p9v125c
                                                          1.512000  
U2455                     STQ_EO2_S_0P5   um28nchllogl35hsl140f_ssgwc0p9v125c
                                                          1.512000  
U2456                     STQ_EO2_S_0P5   um28nchllogl35hsl140f_ssgwc0p9v125c
                                                          1.512000  
U2457                     STQ_EO2_S_0P5   um28nchllogl35hsl140f_ssgwc0p9v125c
                                                          1.512000  
U2458                     STQ_EO2_S_0P5   um28nchllogl35hsl140f_ssgwc0p9v125c
                                                          1.512000  
U2459                     STQ_EO2_S_0P5   um28nchllogl35hsl140f_ssgwc0p9v125c
                                                          1.512000  
U2460                     STQ_EO2_S_0P5   um28nchllogl35hsl140f_ssgwc0p9v125c
                                                          1.512000  
U2461                     STQ_EO2_S_0P5   um28nchllogl35hsl140f_ssgwc0p9v125c
                                                          1.512000  
U2462                     STQ_EO2_S_0P5   um28nchllogl35hsl140f_ssgwc0p9v125c
                                                          1.512000  
U2463                     STQ_EO2_S_0P5   um28nchllogl35hsl140f_ssgwc0p9v125c
                                                          1.512000  
U2464                     STQ_EO2_S_0P5   um28nchllogl35hsl140f_ssgwc0p9v125c
                                                          1.512000  
U2465                     STQ_EO2_S_0P5   um28nchllogl35hsl140f_ssgwc0p9v125c
                                                          1.512000  
U2466                     STQ_EO2_S_0P5   um28nchllogl35hsl140f_ssgwc0p9v125c
                                                          1.512000  
U2467                     STQ_EO2_S_0P5   um28nchllogl35hsl140f_ssgwc0p9v125c
                                                          1.512000  
U2468                     STQ_EO2_S_0P5   um28nchllogl35hsl140f_ssgwc0p9v125c
                                                          1.512000  
U2469                     STQ_EO2_S_0P5   um28nchllogl35hsl140f_ssgwc0p9v125c
                                                          1.512000  
U2470                     STQ_EO2_S_0P5   um28nchllogl35hsl140f_ssgwc0p9v125c
                                                          1.512000  
U2471                     STQ_EO2_S_0P5   um28nchllogl35hsl140f_ssgwc0p9v125c
                                                          1.512000  
U2472                     STQ_EO2_S_0P5   um28nchllogl35hsl140f_ssgwc0p9v125c
                                                          1.512000  
U2473                     STQ_EO2_S_0P5   um28nchllogl35hsl140f_ssgwc0p9v125c
                                                          1.512000  
U2474                     STQ_EO2_S_0P5   um28nchllogl35hsl140f_ssgwc0p9v125c
                                                          1.512000  
U2475                     STQ_EO2_S_0P5   um28nchllogl35hsl140f_ssgwc0p9v125c
                                                          1.512000  
U2476                     STQ_EO2_S_0P5   um28nchllogl35hsl140f_ssgwc0p9v125c
                                                          1.512000  
U2477                     STQ_EO3_0P5     um28nchllogl35hsl140f_ssgwc0p9v125c
                                                          1.512000  
U2478                     STQ_EO3_0P5     um28nchllogl35hsl140f_ssgwc0p9v125c
                                                          1.512000  
U2479                     STQ_EO3_0P5     um28nchllogl35hsl140f_ssgwc0p9v125c
                                                          1.512000  
U2480                     STQ_EO3_0P5     um28nchllogl35hsl140f_ssgwc0p9v125c
                                                          1.512000  
U2481                     STQ_EO3_0P5     um28nchllogl35hsl140f_ssgwc0p9v125c
                                                          1.512000  
U2482                     STQ_EO2_S_2     um28nchllogl35hsl140f_ssgwc0p9v125c
                                                          1.512000  
U2483                     STQ_EO2_S_2     um28nchllogl35hsl140f_ssgwc0p9v125c
                                                          1.512000  
U2484                     STQ_EO2_S_2     um28nchllogl35hsl140f_ssgwc0p9v125c
                                                          1.512000  
U2485                     STQ_EO2_S_2     um28nchllogl35hsl140f_ssgwc0p9v125c
                                                          1.512000  
U2486                     STQ_EO2_S_2     um28nchllogl35hsl140f_ssgwc0p9v125c
                                                          1.512000  
U2487                     STQ_EO2_S_2     um28nchllogl35hsl140f_ssgwc0p9v125c
                                                          1.512000  
U2488                     STQ_EO2_S_2     um28nchllogl35hsl140f_ssgwc0p9v125c
                                                          1.512000  
U2489                     STQ_EO3_0P5     um28nchllogl35hsl140f_ssgwc0p9v125c
                                                          1.512000  
U2490                     STQ_EO2_S_2     um28nchllogl35hsl140f_ssgwc0p9v125c
                                                          1.512000  
U2491                     STQ_EO2_S_2     um28nchllogl35hsl140f_ssgwc0p9v125c
                                                          1.512000  
U2492                     STQ_EO3_0P5     um28nchllogl35hsl140f_ssgwc0p9v125c
                                                          1.512000  
U2493                     STQ_EO3_0P5     um28nchllogl35hsl140f_ssgwc0p9v125c
                                                          1.512000  
U2494                     STQ_EO2_S_0P5   um28nchllogl35hsl140f_ssgwc0p9v125c
                                                          1.512000  
U2495                     STQ_EO3_0P5     um28nchllogl35hsl140f_ssgwc0p9v125c
                                                          1.512000  
U2496                     STQ_EO3_0P5     um28nchllogl35hsl140f_ssgwc0p9v125c
                                                          1.512000  
U2497                     STQ_EO2_S_2     um28nchllogl35hsl140f_ssgwc0p9v125c
                                                          1.512000  
U2498                     STQ_EO2_S_2     um28nchllogl35hsl140f_ssgwc0p9v125c
                                                          1.512000  
U2499                     STQ_EO2_S_2     um28nchllogl35hsl140f_ssgwc0p9v125c
                                                          1.512000  
U2500                     STQ_EO2_S_2     um28nchllogl35hsl140f_ssgwc0p9v125c
                                                          1.512000  
U2501                     STQ_EO2_S_2     um28nchllogl35hsl140f_ssgwc0p9v125c
                                                          1.512000  
U2502                     STQ_EO3_0P5     um28nchllogl35hsl140f_ssgwc0p9v125c
                                                          1.512000  
U2503                     STQ_EO2_S_2     um28nchllogl35hsl140f_ssgwc0p9v125c
                                                          1.512000  
U2504                     STQ_EO2_S_2     um28nchllogl35hsl140f_ssgwc0p9v125c
                                                          1.512000  
U2505                     STQ_EO3_0P5     um28nchllogl35hsl140f_ssgwc0p9v125c
                                                          1.512000  
U2506                     STQ_EO2_S_2     um28nchllogl35hsl140f_ssgwc0p9v125c
                                                          1.512000  
U2507                     STQ_EO2_S_2     um28nchllogl35hsl140f_ssgwc0p9v125c
                                                          1.512000  
U2508                     STQ_EO2_S_2     um28nchllogl35hsl140f_ssgwc0p9v125c
                                                          1.512000  
U2509                     STQ_EO2_S_2     um28nchllogl35hsl140f_ssgwc0p9v125c
                                                          1.512000  
U2510                     STQ_EO2_S_2     um28nchllogl35hsl140f_ssgwc0p9v125c
                                                          1.512000  
U2511                     STQ_EO3_0P5     um28nchllogl35hsl140f_ssgwc0p9v125c
                                                          1.512000  
U2512                     STQ_EO2_S_2     um28nchllogl35hsl140f_ssgwc0p9v125c
                                                          1.512000  
U2513                     STQ_EO2_S_2     um28nchllogl35hsl140f_ssgwc0p9v125c
                                                          1.512000  
U2514                     STQ_EO2_S_2     um28nchllogl35hsl140f_ssgwc0p9v125c
                                                          1.512000  
U2515                     STQ_EO2_S_2     um28nchllogl35hsl140f_ssgwc0p9v125c
                                                          1.512000  
U2516                     STQ_EO2_S_2     um28nchllogl35hsl140f_ssgwc0p9v125c
                                                          1.512000  
U2517                     STQ_EO2_S_2     um28nchllogl35hsl140f_ssgwc0p9v125c
                                                          1.512000  
U2518                     STQ_EO2_S_2     um28nchllogl35hsl140f_ssgwc0p9v125c
                                                          1.512000  
U2519                     STQ_EO2_S_2     um28nchllogl35hsl140f_ssgwc0p9v125c
                                                          1.512000  
U2520                     STQ_EO2_S_2     um28nchllogl35hsl140f_ssgwc0p9v125c
                                                          1.512000  
U2521                     STQ_EO2_S_2     um28nchllogl35hsl140f_ssgwc0p9v125c
                                                          1.512000  
U2522                     STQ_EO2_S_2     um28nchllogl35hsl140f_ssgwc0p9v125c
                                                          1.512000  
U2523                     STQ_EO2_S_2     um28nchllogl35hsl140f_ssgwc0p9v125c
                                                          1.512000  
U2524                     STQ_EO2_S_2     um28nchllogl35hsl140f_ssgwc0p9v125c
                                                          1.512000  
U2525                     STQ_EO2_S_2     um28nchllogl35hsl140f_ssgwc0p9v125c
                                                          1.512000  
U2526                     STQ_EO2_S_2     um28nchllogl35hsl140f_ssgwc0p9v125c
                                                          1.512000  
U2527                     STQ_EO3_0P5     um28nchllogl35hsl140f_ssgwc0p9v125c
                                                          1.512000  
U2528                     STQ_EO3_0P5     um28nchllogl35hsl140f_ssgwc0p9v125c
                                                          1.512000  
U2529                     STQ_EO2_S_2     um28nchllogl35hsl140f_ssgwc0p9v125c
                                                          1.512000  
U2530                     STQ_EO2_S_2     um28nchllogl35hsl140f_ssgwc0p9v125c
                                                          1.512000  
U2531                     STQ_EO2_S_2     um28nchllogl35hsl140f_ssgwc0p9v125c
                                                          1.512000  
U2532                     STQ_EO2_S_2     um28nchllogl35hsl140f_ssgwc0p9v125c
                                                          1.512000  
U2533                     STQ_EO2_S_2     um28nchllogl35hsl140f_ssgwc0p9v125c
                                                          1.512000  
U2534                     STQ_EO2_S_2     um28nchllogl35hsl140f_ssgwc0p9v125c
                                                          1.512000  
U2535                     STQ_EO2_S_2     um28nchllogl35hsl140f_ssgwc0p9v125c
                                                          1.512000  
U2536                     STQ_EO2_S_2     um28nchllogl35hsl140f_ssgwc0p9v125c
                                                          1.512000  
U2537                     STQ_EO2_S_2     um28nchllogl35hsl140f_ssgwc0p9v125c
                                                          1.512000  
U2538                     STQ_EO2_S_2     um28nchllogl35hsl140f_ssgwc0p9v125c
                                                          1.512000  
U2539                     STQ_EO2_S_2     um28nchllogl35hsl140f_ssgwc0p9v125c
                                                          1.512000  
U2540                     STQ_EO2_S_2     um28nchllogl35hsl140f_ssgwc0p9v125c
                                                          1.512000  
U2541                     STQ_EO2_S_2     um28nchllogl35hsl140f_ssgwc0p9v125c
                                                          1.512000  
U2542                     STQ_EO2_S_2     um28nchllogl35hsl140f_ssgwc0p9v125c
                                                          1.512000  
U2543                     STQ_EO3_0P5     um28nchllogl35hsl140f_ssgwc0p9v125c
                                                          1.512000  
U2544                     STQ_EO2_S_2     um28nchllogl35hsl140f_ssgwc0p9v125c
                                                          1.512000  
U2545                     STQ_EO2_S_2     um28nchllogl35hsl140f_ssgwc0p9v125c
                                                          1.512000  
U2546                     STQ_EO2_S_2     um28nchllogl35hsl140f_ssgwc0p9v125c
                                                          1.512000  
U2547                     STQ_EO2_S_2     um28nchllogl35hsl140f_ssgwc0p9v125c
                                                          1.512000  
U2548                     STQ_EO2_S_2     um28nchllogl35hsl140f_ssgwc0p9v125c
                                                          1.512000  
U2549                     STQ_EO2_S_2     um28nchllogl35hsl140f_ssgwc0p9v125c
                                                          1.512000  
U2550                     STQ_EO2_S_2     um28nchllogl35hsl140f_ssgwc0p9v125c
                                                          1.512000  
U2551                     STQ_EO2_S_2     um28nchllogl35hsl140f_ssgwc0p9v125c
                                                          1.512000  
U2552                     STQ_EO2_S_2     um28nchllogl35hsl140f_ssgwc0p9v125c
                                                          1.512000  
U2553                     STQ_EO2_S_2     um28nchllogl35hsl140f_ssgwc0p9v125c
                                                          1.512000  
U2554                     STQ_EO2_S_2     um28nchllogl35hsl140f_ssgwc0p9v125c
                                                          1.512000  
U2555                     STQ_EO2_S_2     um28nchllogl35hsl140f_ssgwc0p9v125c
                                                          1.512000  
U2556                     STQ_EO2_S_2     um28nchllogl35hsl140f_ssgwc0p9v125c
                                                          1.512000  
U2557                     STQ_EO3_0P5     um28nchllogl35hsl140f_ssgwc0p9v125c
                                                          1.512000  
U2558                     STQ_EO2_S_2     um28nchllogl35hsl140f_ssgwc0p9v125c
                                                          1.512000  
U2559                     STQ_EO2_S_2     um28nchllogl35hsl140f_ssgwc0p9v125c
                                                          1.512000  
U2560                     STQ_EO2_S_2     um28nchllogl35hsl140f_ssgwc0p9v125c
                                                          1.512000  
U2561                     STQ_EO2_S_2     um28nchllogl35hsl140f_ssgwc0p9v125c
                                                          1.512000  
U2562                     STQ_EO2_S_2     um28nchllogl35hsl140f_ssgwc0p9v125c
                                                          1.512000  
U2563                     STQ_EO2_S_2     um28nchllogl35hsl140f_ssgwc0p9v125c
                                                          1.512000  
U2564                     STQ_EO2_S_2     um28nchllogl35hsl140f_ssgwc0p9v125c
                                                          1.512000  
U2565                     STQ_EO2_S_2     um28nchllogl35hsl140f_ssgwc0p9v125c
                                                          1.512000  
U2566                     STQ_EO2_S_2     um28nchllogl35hsl140f_ssgwc0p9v125c
                                                          1.512000  
U2567                     STQ_EO2_S_2     um28nchllogl35hsl140f_ssgwc0p9v125c
                                                          1.512000  
U2568                     STQ_EO2_S_2     um28nchllogl35hsl140f_ssgwc0p9v125c
                                                          1.512000  
U2569                     STQ_EO2_S_2     um28nchllogl35hsl140f_ssgwc0p9v125c
                                                          1.512000  
U2570                     STQ_EO2_S_2     um28nchllogl35hsl140f_ssgwc0p9v125c
                                                          1.512000  
U2571                     STQ_EO2_S_2     um28nchllogl35hsl140f_ssgwc0p9v125c
                                                          1.512000  
U2572                     STQ_EO2_S_2     um28nchllogl35hsl140f_ssgwc0p9v125c
                                                          1.512000  
U2573                     STQ_EO3_0P5     um28nchllogl35hsl140f_ssgwc0p9v125c
                                                          1.512000  
U2574                     STQ_EO2_S_2     um28nchllogl35hsl140f_ssgwc0p9v125c
                                                          1.512000  
U2575                     STQ_EO2_S_2     um28nchllogl35hsl140f_ssgwc0p9v125c
                                                          1.512000  
U2576                     STQ_EO2_S_2     um28nchllogl35hsl140f_ssgwc0p9v125c
                                                          1.512000  
U2577                     STQ_EO2_S_2     um28nchllogl35hsl140f_ssgwc0p9v125c
                                                          1.512000  
U2578                     STQ_EO3_0P5     um28nchllogl35hsl140f_ssgwc0p9v125c
                                                          1.512000  
U2579                     STQ_EO2_S_2     um28nchllogl35hsl140f_ssgwc0p9v125c
                                                          1.512000  
U2580                     STQ_EO2_S_2     um28nchllogl35hsl140f_ssgwc0p9v125c
                                                          1.512000  
U2581                     STQ_EO2_S_2     um28nchllogl35hsl140f_ssgwc0p9v125c
                                                          1.512000  
U2582                     STQ_EO2_S_2     um28nchllogl35hsl140f_ssgwc0p9v125c
                                                          1.512000  
U2583                     STQ_EO2_S_2     um28nchllogl35hsl140f_ssgwc0p9v125c
                                                          1.512000  
U2584                     STQ_EO2_S_2     um28nchllogl35hsl140f_ssgwc0p9v125c
                                                          1.512000  
U2585                     STQ_EO2_S_2     um28nchllogl35hsl140f_ssgwc0p9v125c
                                                          1.512000  
U2586                     STQ_EO2_S_2     um28nchllogl35hsl140f_ssgwc0p9v125c
                                                          1.512000  
U2587                     STQ_EO2_S_2     um28nchllogl35hsl140f_ssgwc0p9v125c
                                                          1.512000  
U2588                     STQ_EO2_S_2     um28nchllogl35hsl140f_ssgwc0p9v125c
                                                          1.512000  
U2589                     STQ_EO2_S_2     um28nchllogl35hsl140f_ssgwc0p9v125c
                                                          1.512000  
U2590                     STQ_EO2_S_2     um28nchllogl35hsl140f_ssgwc0p9v125c
                                                          1.512000  
U2591                     STQ_EO2_S_2     um28nchllogl35hsl140f_ssgwc0p9v125c
                                                          1.512000  
U2592                     STQ_EO2_S_2     um28nchllogl35hsl140f_ssgwc0p9v125c
                                                          1.512000  
U2593                     STQ_EO2_S_2     um28nchllogl35hsl140f_ssgwc0p9v125c
                                                          1.512000  
U2594                     STQ_EO2_S_2     um28nchllogl35hsl140f_ssgwc0p9v125c
                                                          1.512000  
U2595                     STQ_EO2_S_2     um28nchllogl35hsl140f_ssgwc0p9v125c
                                                          1.512000  
U2596                     STQ_EO2_S_2     um28nchllogl35hsl140f_ssgwc0p9v125c
                                                          1.512000  
U2597                     STQ_EO3_0P5     um28nchllogl35hsl140f_ssgwc0p9v125c
                                                          1.512000  
U2598                     STQ_EO3_0P5     um28nchllogl35hsl140f_ssgwc0p9v125c
                                                          1.512000  
U2599                     STQ_EO3_2       um28nchllogl35hsl140f_ssgwc0p9v125c
                                                          2.688000  
U2600                     STQ_EO3_0P5     um28nchllogl35hsl140f_ssgwc0p9v125c
                                                          1.512000  
U2601                     STQ_EO2_S_2     um28nchllogl35hsl140f_ssgwc0p9v125c
                                                          1.512000  
U2602                     STQ_EO2_S_2     um28nchllogl35hsl140f_ssgwc0p9v125c
                                                          1.512000  
U2603                     STQ_EO2_S_2     um28nchllogl35hsl140f_ssgwc0p9v125c
                                                          1.512000  
U2604                     STQ_EO2_S_2     um28nchllogl35hsl140f_ssgwc0p9v125c
                                                          1.512000  
U2605                     STQ_EO3_0P5     um28nchllogl35hsl140f_ssgwc0p9v125c
                                                          1.512000  
U2606                     STQ_EO2_S_2     um28nchllogl35hsl140f_ssgwc0p9v125c
                                                          1.512000  
U2607                     STQ_EO2_S_2     um28nchllogl35hsl140f_ssgwc0p9v125c
                                                          1.512000  
U2608                     STQ_EO3_0P5     um28nchllogl35hsl140f_ssgwc0p9v125c
                                                          1.512000  
U2609                     STQ_EO3_0P5     um28nchllogl35hsl140f_ssgwc0p9v125c
                                                          1.512000  
U2610                     STQ_EO2_S_0P5   um28nchllogl35hsl140f_ssgwc0p9v125c
                                                          1.512000  
U2611                     STQ_EO3_0P5     um28nchllogl35hsl140f_ssgwc0p9v125c
                                                          1.512000  
U2612                     STQ_EO3_0P5     um28nchllogl35hsl140f_ssgwc0p9v125c
                                                          1.512000  
U2613                     STQ_EO2_S_2     um28nchllogl35hsl140f_ssgwc0p9v125c
                                                          1.512000  
U2614                     STQ_EO2_S_2     um28nchllogl35hsl140f_ssgwc0p9v125c
                                                          1.512000  
U2615                     STQ_EO3_0P5     um28nchllogl35hsl140f_ssgwc0p9v125c
                                                          1.512000  
U2616                     STQ_EO2_S_2     um28nchllogl35hsl140f_ssgwc0p9v125c
                                                          1.512000  
U2617                     STQ_EO3_0P5     um28nchllogl35hsl140f_ssgwc0p9v125c
                                                          1.512000  
U2618                     STQ_EO2_S_2     um28nchllogl35hsl140f_ssgwc0p9v125c
                                                          1.512000  
U2619                     STQ_EO2_S_2     um28nchllogl35hsl140f_ssgwc0p9v125c
                                                          1.512000  
U2620                     STQ_EO3_0P5     um28nchllogl35hsl140f_ssgwc0p9v125c
                                                          1.512000  
U2621                     STQ_EO2_S_2     um28nchllogl35hsl140f_ssgwc0p9v125c
                                                          1.512000  
U2622                     STQ_EO2_S_2     um28nchllogl35hsl140f_ssgwc0p9v125c
                                                          1.512000  
U2623                     STQ_EO2_S_2     um28nchllogl35hsl140f_ssgwc0p9v125c
                                                          1.512000  
U2624                     STQ_EO2_S_2     um28nchllogl35hsl140f_ssgwc0p9v125c
                                                          1.512000  
U2625                     STQ_EO2_S_2     um28nchllogl35hsl140f_ssgwc0p9v125c
                                                          1.512000  
U2626                     STQ_EO2_S_2     um28nchllogl35hsl140f_ssgwc0p9v125c
                                                          1.512000  
U2627                     STQ_EO2_S_2     um28nchllogl35hsl140f_ssgwc0p9v125c
                                                          1.512000  
U2628                     STQ_EO3_0P5     um28nchllogl35hsl140f_ssgwc0p9v125c
                                                          1.512000  
U2629                     STQ_EO3_0P5     um28nchllogl35hsl140f_ssgwc0p9v125c
                                                          1.512000  
U2630                     STQ_EO2_S_2     um28nchllogl35hsl140f_ssgwc0p9v125c
                                                          1.512000  
U2631                     STQ_EO2_S_2     um28nchllogl35hsl140f_ssgwc0p9v125c
                                                          1.512000  
U2632                     STQ_EO2_S_2     um28nchllogl35hsl140f_ssgwc0p9v125c
                                                          1.512000  
U2633                     STQ_EO2_S_2     um28nchllogl35hsl140f_ssgwc0p9v125c
                                                          1.512000  
U2634                     STQ_EO3_0P5     um28nchllogl35hsl140f_ssgwc0p9v125c
                                                          1.512000  
U2635                     STQ_EO3_0P5     um28nchllogl35hsl140f_ssgwc0p9v125c
                                                          1.512000  
U2636                     STQ_EO2_S_2     um28nchllogl35hsl140f_ssgwc0p9v125c
                                                          1.512000  
U2637                     STQ_EO2_S_2     um28nchllogl35hsl140f_ssgwc0p9v125c
                                                          1.512000  
U2638                     STQ_EO2_S_2     um28nchllogl35hsl140f_ssgwc0p9v125c
                                                          1.512000  
U2639                     STQ_EO2_S_2     um28nchllogl35hsl140f_ssgwc0p9v125c
                                                          1.512000  
U2640                     STQ_EO2_S_2     um28nchllogl35hsl140f_ssgwc0p9v125c
                                                          1.512000  
U2641                     STQ_EO2_S_2     um28nchllogl35hsl140f_ssgwc0p9v125c
                                                          1.512000  
U2642                     STQ_EO2_S_2     um28nchllogl35hsl140f_ssgwc0p9v125c
                                                          1.512000  
U2643                     STQ_EO3_0P5     um28nchllogl35hsl140f_ssgwc0p9v125c
                                                          1.512000  
U2644                     STQ_EO2_S_2     um28nchllogl35hsl140f_ssgwc0p9v125c
                                                          1.512000  
U2645                     STQ_EO2_S_2     um28nchllogl35hsl140f_ssgwc0p9v125c
                                                          1.512000  
U2646                     STQ_EO2_S_2     um28nchllogl35hsl140f_ssgwc0p9v125c
                                                          1.512000  
U2647                     STQ_EO2_S_2     um28nchllogl35hsl140f_ssgwc0p9v125c
                                                          1.512000  
U2648                     STQ_EO2_S_2     um28nchllogl35hsl140f_ssgwc0p9v125c
                                                          1.512000  
U2649                     STQ_EO2_S_2     um28nchllogl35hsl140f_ssgwc0p9v125c
                                                          1.512000  
U2650                     STQ_EO2_S_2     um28nchllogl35hsl140f_ssgwc0p9v125c
                                                          1.512000  
U2651                     STQ_EO2_S_2     um28nchllogl35hsl140f_ssgwc0p9v125c
                                                          1.512000  
U2652                     STQ_EO2_S_2     um28nchllogl35hsl140f_ssgwc0p9v125c
                                                          1.512000  
U2653                     STQ_EO2_S_2     um28nchllogl35hsl140f_ssgwc0p9v125c
                                                          1.512000  
U2654                     STQ_EO2_S_2     um28nchllogl35hsl140f_ssgwc0p9v125c
                                                          1.512000  
U2655                     STQ_EO2_S_2     um28nchllogl35hsl140f_ssgwc0p9v125c
                                                          1.512000  
U2656                     STQ_EO2_S_2     um28nchllogl35hsl140f_ssgwc0p9v125c
                                                          1.512000  
U2657                     STQ_EO2_S_2     um28nchllogl35hsl140f_ssgwc0p9v125c
                                                          1.512000  
U2658                     STQ_EO3_0P5     um28nchllogl35hsl140f_ssgwc0p9v125c
                                                          1.512000  
U2659                     STQ_EO2_S_0P5   um28nchllogl35hsl140f_ssgwc0p9v125c
                                                          1.512000  
U2660                     STQ_EO2_S_2     um28nchllogl35hsl140f_ssgwc0p9v125c
                                                          1.512000  
U2661                     STQ_EO2_S_2     um28nchllogl35hsl140f_ssgwc0p9v125c
                                                          1.512000  
U2662                     STQ_EO3_0P5     um28nchllogl35hsl140f_ssgwc0p9v125c
                                                          1.512000  
U2663                     STQ_EO2_S_2     um28nchllogl35hsl140f_ssgwc0p9v125c
                                                          1.512000  
U2664                     STQ_EO2_S_2     um28nchllogl35hsl140f_ssgwc0p9v125c
                                                          1.512000  
U2665                     STQ_EO2_S_2     um28nchllogl35hsl140f_ssgwc0p9v125c
                                                          1.512000  
U2666                     STQ_EO2_S_2     um28nchllogl35hsl140f_ssgwc0p9v125c
                                                          1.512000  
U2667                     STQ_EO3_0P5     um28nchllogl35hsl140f_ssgwc0p9v125c
                                                          1.512000  
U2668                     STQ_EO2_S_2     um28nchllogl35hsl140f_ssgwc0p9v125c
                                                          1.512000  
U2669                     STQ_EO3_0P5     um28nchllogl35hsl140f_ssgwc0p9v125c
                                                          1.512000  
U2670                     STQ_EO2_S_2     um28nchllogl35hsl140f_ssgwc0p9v125c
                                                          1.512000  
U2671                     STQ_EO2_S_2     um28nchllogl35hsl140f_ssgwc0p9v125c
                                                          1.512000  
U2672                     STQ_EO3_0P5     um28nchllogl35hsl140f_ssgwc0p9v125c
                                                          1.512000  
U2673                     STQ_EO2_S_2     um28nchllogl35hsl140f_ssgwc0p9v125c
                                                          1.512000  
U2674                     STQ_EO2_S_2     um28nchllogl35hsl140f_ssgwc0p9v125c
                                                          1.512000  
U2675                     STQ_EO2_S_2     um28nchllogl35hsl140f_ssgwc0p9v125c
                                                          1.512000  
U2676                     STQ_EO3_0P5     um28nchllogl35hsl140f_ssgwc0p9v125c
                                                          1.512000  
U2677                     STQ_EO3_0P5     um28nchllogl35hsl140f_ssgwc0p9v125c
                                                          1.512000  
U2678                     STQ_EO2_S_2     um28nchllogl35hsl140f_ssgwc0p9v125c
                                                          1.512000  
U2679                     STQ_EO2_S_2     um28nchllogl35hsl140f_ssgwc0p9v125c
                                                          1.512000  
U2680                     STQ_EO2_S_2     um28nchllogl35hsl140f_ssgwc0p9v125c
                                                          1.512000  
U2681                     STQ_EO2_S_2     um28nchllogl35hsl140f_ssgwc0p9v125c
                                                          1.512000  
U2682                     STQ_EO2_S_2     um28nchllogl35hsl140f_ssgwc0p9v125c
                                                          1.512000  
U2683                     STQ_EO2_S_2     um28nchllogl35hsl140f_ssgwc0p9v125c
                                                          1.512000  
U2684                     STQ_EO2_S_2     um28nchllogl35hsl140f_ssgwc0p9v125c
                                                          1.512000  
U2685                     STQ_EO2_S_2     um28nchllogl35hsl140f_ssgwc0p9v125c
                                                          1.512000  
U2686                     STQ_EO3_0P5     um28nchllogl35hsl140f_ssgwc0p9v125c
                                                          1.512000  
U2687                     STQ_EO2_S_2     um28nchllogl35hsl140f_ssgwc0p9v125c
                                                          1.512000  
U2688                     STQ_EO2_S_2     um28nchllogl35hsl140f_ssgwc0p9v125c
                                                          1.512000  
U2689                     STQ_EO3_0P5     um28nchllogl35hsl140f_ssgwc0p9v125c
                                                          1.512000  
U2690                     STQ_EO3_0P5     um28nchllogl35hsl140f_ssgwc0p9v125c
                                                          1.512000  
U2691                     STQ_EO2_S_2     um28nchllogl35hsl140f_ssgwc0p9v125c
                                                          1.512000  
U2692                     STQ_EO2_S_2     um28nchllogl35hsl140f_ssgwc0p9v125c
                                                          1.512000  
U2693                     STQ_EO2_S_2     um28nchllogl35hsl140f_ssgwc0p9v125c
                                                          1.512000  
U2694                     STQ_EO2_S_2     um28nchllogl35hsl140f_ssgwc0p9v125c
                                                          1.512000  
U2695                     STQ_EO2_S_2     um28nchllogl35hsl140f_ssgwc0p9v125c
                                                          1.512000  
U2696                     STQ_EO2_S_2     um28nchllogl35hsl140f_ssgwc0p9v125c
                                                          1.512000  
U2697                     STQ_EO2_S_2     um28nchllogl35hsl140f_ssgwc0p9v125c
                                                          1.512000  
U2698                     STQ_EO2_S_2     um28nchllogl35hsl140f_ssgwc0p9v125c
                                                          1.512000  
U2699                     STQ_EO2_S_2     um28nchllogl35hsl140f_ssgwc0p9v125c
                                                          1.512000  
U2700                     STQ_EO2_S_2     um28nchllogl35hsl140f_ssgwc0p9v125c
                                                          1.512000  
U2701                     STQ_EO2_S_2     um28nchllogl35hsl140f_ssgwc0p9v125c
                                                          1.512000  
U2702                     STQ_EO3_0P5     um28nchllogl35hsl140f_ssgwc0p9v125c
                                                          1.512000  
U2703                     STQ_EO2_S_2     um28nchllogl35hsl140f_ssgwc0p9v125c
                                                          1.512000  
U2704                     STQ_EO3_0P5     um28nchllogl35hsl140f_ssgwc0p9v125c
                                                          1.512000  
U2705                     STQ_EO2_S_2     um28nchllogl35hsl140f_ssgwc0p9v125c
                                                          1.512000  
U2706                     STQ_EO3_0P5     um28nchllogl35hsl140f_ssgwc0p9v125c
                                                          1.512000  
U2707                     STQ_EO2_S_2     um28nchllogl35hsl140f_ssgwc0p9v125c
                                                          1.512000  
U2708                     STQ_EO2_S_2     um28nchllogl35hsl140f_ssgwc0p9v125c
                                                          1.512000  
U2709                     STQ_EO2_S_2     um28nchllogl35hsl140f_ssgwc0p9v125c
                                                          1.512000  
U2710                     STQ_EO3_0P5     um28nchllogl35hsl140f_ssgwc0p9v125c
                                                          1.512000  
U2711                     STQ_EO3_0P5     um28nchllogl35hsl140f_ssgwc0p9v125c
                                                          1.512000  
U2712                     STQ_EO3_0P5     um28nchllogl35hsl140f_ssgwc0p9v125c
                                                          1.512000  
U2713                     STQ_EO2_S_0P5   um28nchllogl35hsl140f_ssgwc0p9v125c
                                                          1.512000  
U2714                     STQ_EO3_0P5     um28nchllogl35hsl140f_ssgwc0p9v125c
                                                          1.512000  
U2715                     STQ_EO2_S_2     um28nchllogl35hsl140f_ssgwc0p9v125c
                                                          1.512000  
U2716                     STQ_EO3_0P5     um28nchllogl35hsl140f_ssgwc0p9v125c
                                                          1.512000  
U2717                     STQ_EO2_S_2     um28nchllogl35hsl140f_ssgwc0p9v125c
                                                          1.512000  
U2718                     STQ_EO2_S_2     um28nchllogl35hsl140f_ssgwc0p9v125c
                                                          1.512000  
U2719                     STQ_EO3_0P5     um28nchllogl35hsl140f_ssgwc0p9v125c
                                                          1.512000  
U2720                     STQ_EO3_0P5     um28nchllogl35hsl140f_ssgwc0p9v125c
                                                          1.512000  
U2721                     STQ_EO3_0P5     um28nchllogl35hsl140f_ssgwc0p9v125c
                                                          1.512000  
U2722                     STQ_EO2_S_2     um28nchllogl35hsl140f_ssgwc0p9v125c
                                                          1.512000  
U2723                     STQ_EO2_S_2     um28nchllogl35hsl140f_ssgwc0p9v125c
                                                          1.512000  
U2724                     STQ_EO3_0P5     um28nchllogl35hsl140f_ssgwc0p9v125c
                                                          1.512000  
U2725                     STQ_EO2_S_2     um28nchllogl35hsl140f_ssgwc0p9v125c
                                                          1.512000  
U2726                     STQ_EO2_S_2     um28nchllogl35hsl140f_ssgwc0p9v125c
                                                          1.512000  
U2727                     STQ_EO2_S_2     um28nchllogl35hsl140f_ssgwc0p9v125c
                                                          1.512000  
U2728                     STQ_EO2_S_2     um28nchllogl35hsl140f_ssgwc0p9v125c
                                                          1.512000  
U2729                     STQ_EO2_S_2     um28nchllogl35hsl140f_ssgwc0p9v125c
                                                          1.512000  
U2730                     STQ_EO2_S_2     um28nchllogl35hsl140f_ssgwc0p9v125c
                                                          1.512000  
U2731                     STQ_EO2_S_2     um28nchllogl35hsl140f_ssgwc0p9v125c
                                                          1.512000  
U2732                     STQ_EO2_S_2     um28nchllogl35hsl140f_ssgwc0p9v125c
                                                          1.512000  
U2733                     STQ_EO2_S_2     um28nchllogl35hsl140f_ssgwc0p9v125c
                                                          1.512000  
U2734                     STQ_EO2_S_2     um28nchllogl35hsl140f_ssgwc0p9v125c
                                                          1.512000  
U2735                     STQ_EO3_0P5     um28nchllogl35hsl140f_ssgwc0p9v125c
                                                          1.512000  
U2736                     STQ_EO3_0P5     um28nchllogl35hsl140f_ssgwc0p9v125c
                                                          1.512000  
U2737                     STQ_EO2_S_2     um28nchllogl35hsl140f_ssgwc0p9v125c
                                                          1.512000  
U2738                     STQ_EO2_S_2     um28nchllogl35hsl140f_ssgwc0p9v125c
                                                          1.512000  
U2739                     STQ_EO2_S_2     um28nchllogl35hsl140f_ssgwc0p9v125c
                                                          1.512000  
U2740                     STQ_EO2_S_2     um28nchllogl35hsl140f_ssgwc0p9v125c
                                                          1.512000  
U2741                     STQ_EO2_S_2     um28nchllogl35hsl140f_ssgwc0p9v125c
                                                          1.512000  
U2742                     STQ_EO3_0P5     um28nchllogl35hsl140f_ssgwc0p9v125c
                                                          1.512000  
U2743                     STQ_EO2_S_2     um28nchllogl35hsl140f_ssgwc0p9v125c
                                                          1.512000  
U2744                     STQ_EO3_0P5     um28nchllogl35hsl140f_ssgwc0p9v125c
                                                          1.512000  
U2745                     STQ_EO3_0P5     um28nchllogl35hsl140f_ssgwc0p9v125c
                                                          1.512000  
U2746                     STQ_EO3_0P5     um28nchllogl35hsl140f_ssgwc0p9v125c
                                                          1.512000  
U2747                     STQ_EO2_S_2     um28nchllogl35hsl140f_ssgwc0p9v125c
                                                          1.512000  
U2748                     STQ_EO2_S_2     um28nchllogl35hsl140f_ssgwc0p9v125c
                                                          1.512000  
U2749                     STQ_EO2_S_2     um28nchllogl35hsl140f_ssgwc0p9v125c
                                                          1.512000  
U2750                     STQ_EO2_S_2     um28nchllogl35hsl140f_ssgwc0p9v125c
                                                          1.512000  
U2751                     STQ_EO2_S_2     um28nchllogl35hsl140f_ssgwc0p9v125c
                                                          1.512000  
U2752                     STQ_EO3_0P5     um28nchllogl35hsl140f_ssgwc0p9v125c
                                                          1.512000  
U2753                     STQ_EO3_0P5     um28nchllogl35hsl140f_ssgwc0p9v125c
                                                          1.512000  
U2754                     STQ_EO2_S_0P5   um28nchllogl35hsl140f_ssgwc0p9v125c
                                                          1.512000  
U2755                     STQ_EO2_S_2     um28nchllogl35hsl140f_ssgwc0p9v125c
                                                          1.512000  
U2756                     STQ_EO2_1       um28nchllogl35hsl140f_ssgwc0p9v125c
                                                          1.512000  
U2757                     STQ_EO2_S_2     um28nchllogl35hsl140f_ssgwc0p9v125c
                                                          1.512000  
U2758                     STQ_EO2_S_2     um28nchllogl35hsl140f_ssgwc0p9v125c
                                                          1.512000  
U2759                     STQ_EO2_S_2     um28nchllogl35hsl140f_ssgwc0p9v125c
                                                          1.512000  
U2760                     STQ_EO3_0P5     um28nchllogl35hsl140f_ssgwc0p9v125c
                                                          1.512000  
U2761                     STQ_EO2_S_2     um28nchllogl35hsl140f_ssgwc0p9v125c
                                                          1.512000  
U2762                     STQ_EO2_S_2     um28nchllogl35hsl140f_ssgwc0p9v125c
                                                          1.512000  
U2763                     STQ_EO2_S_2     um28nchllogl35hsl140f_ssgwc0p9v125c
                                                          1.512000  
U2764                     STQ_EO3_0P5     um28nchllogl35hsl140f_ssgwc0p9v125c
                                                          1.512000  
U2765                     STQ_EO2_S_0P5   um28nchllogl35hsl140f_ssgwc0p9v125c
                                                          1.512000  
U2766                     STQ_EO2_S_2     um28nchllogl35hsl140f_ssgwc0p9v125c
                                                          1.512000  
U2767                     STQ_EO3_0P5     um28nchllogl35hsl140f_ssgwc0p9v125c
                                                          1.512000  
U2768                     STQ_EO2_S_2     um28nchllogl35hsl140f_ssgwc0p9v125c
                                                          1.512000  
U2769                     STQ_EO2_S_0P5   um28nchllogl35hsl140f_ssgwc0p9v125c
                                                          1.512000  
U2770                     STQ_EO3_0P5     um28nchllogl35hsl140f_ssgwc0p9v125c
                                                          1.512000  
U2771                     STQ_EO3_0P5     um28nchllogl35hsl140f_ssgwc0p9v125c
                                                          1.512000  
U2772                     STQ_EO3_0P5     um28nchllogl35hsl140f_ssgwc0p9v125c
                                                          1.512000  
U2773                     STQ_EO2_S_2     um28nchllogl35hsl140f_ssgwc0p9v125c
                                                          1.512000  
U2774                     STQ_EO2_S_2     um28nchllogl35hsl140f_ssgwc0p9v125c
                                                          1.512000  
U2775                     STQ_EO2_S_2     um28nchllogl35hsl140f_ssgwc0p9v125c
                                                          1.512000  
U2776                     STQ_EO2_S_2     um28nchllogl35hsl140f_ssgwc0p9v125c
                                                          1.512000  
U2777                     STQ_EO2_S_2     um28nchllogl35hsl140f_ssgwc0p9v125c
                                                          1.512000  
U2778                     STQ_EO2_S_2     um28nchllogl35hsl140f_ssgwc0p9v125c
                                                          1.512000  
U2779                     STQ_EO2_S_2     um28nchllogl35hsl140f_ssgwc0p9v125c
                                                          1.512000  
U2780                     STQ_EO3_0P5     um28nchllogl35hsl140f_ssgwc0p9v125c
                                                          1.512000  
U2781                     STQ_EO3_0P5     um28nchllogl35hsl140f_ssgwc0p9v125c
                                                          1.512000  
U2782                     STQ_EO2_S_2     um28nchllogl35hsl140f_ssgwc0p9v125c
                                                          1.512000  
U2783                     STQ_EO2_S_2     um28nchllogl35hsl140f_ssgwc0p9v125c
                                                          1.512000  
U2784                     STQ_EO2_S_0P5   um28nchllogl35hsl140f_ssgwc0p9v125c
                                                          1.512000  
U2785                     STQ_EO3_0P5     um28nchllogl35hsl140f_ssgwc0p9v125c
                                                          1.512000  
U2786                     STQ_EO3_0P5     um28nchllogl35hsl140f_ssgwc0p9v125c
                                                          1.512000  
U2787                     STQ_EO3_0P5     um28nchllogl35hsl140f_ssgwc0p9v125c
                                                          1.512000  
U2788                     STQ_EO2_S_2     um28nchllogl35hsl140f_ssgwc0p9v125c
                                                          1.512000  
U2789                     STQ_EO2_S_2     um28nchllogl35hsl140f_ssgwc0p9v125c
                                                          1.512000  
U2790                     STQ_EO2_S_2     um28nchllogl35hsl140f_ssgwc0p9v125c
                                                          1.512000  
U2791                     STQ_EO3_0P5     um28nchllogl35hsl140f_ssgwc0p9v125c
                                                          1.512000  
U2792                     STQ_EO2_S_2     um28nchllogl35hsl140f_ssgwc0p9v125c
                                                          1.512000  
U2793                     STQ_EO2_S_2     um28nchllogl35hsl140f_ssgwc0p9v125c
                                                          1.512000  
U2794                     STQ_EO2_S_2     um28nchllogl35hsl140f_ssgwc0p9v125c
                                                          1.512000  
U2795                     STQ_EO2_S_2     um28nchllogl35hsl140f_ssgwc0p9v125c
                                                          1.512000  
U2796                     STQ_EO2_S_2     um28nchllogl35hsl140f_ssgwc0p9v125c
                                                          1.512000  
U2797                     STQ_EO2_S_2     um28nchllogl35hsl140f_ssgwc0p9v125c
                                                          1.512000  
U2798                     STQ_EO2_S_2     um28nchllogl35hsl140f_ssgwc0p9v125c
                                                          1.512000  
U2799                     STQ_EO3_0P5     um28nchllogl35hsl140f_ssgwc0p9v125c
                                                          1.512000  
U2800                     STQ_EO2_S_0P5   um28nchllogl35hsl140f_ssgwc0p9v125c
                                                          1.512000  
U2801                     STQ_EO2_S_2     um28nchllogl35hsl140f_ssgwc0p9v125c
                                                          1.512000  
U2802                     STQ_EO2_S_2     um28nchllogl35hsl140f_ssgwc0p9v125c
                                                          1.512000  
U2803                     STQ_EO2_S_2     um28nchllogl35hsl140f_ssgwc0p9v125c
                                                          1.512000  
U2804                     STQ_EO2_S_2     um28nchllogl35hsl140f_ssgwc0p9v125c
                                                          1.512000  
U2805                     STQ_EO2_S_2     um28nchllogl35hsl140f_ssgwc0p9v125c
                                                          1.512000  
U2806                     STQ_EO3_0P5     um28nchllogl35hsl140f_ssgwc0p9v125c
                                                          1.512000  
U2807                     STQ_EO2_S_2     um28nchllogl35hsl140f_ssgwc0p9v125c
                                                          1.512000  
U2808                     STQ_EO3_0P5     um28nchllogl35hsl140f_ssgwc0p9v125c
                                                          1.512000  
U2809                     STQ_EO2_S_2     um28nchllogl35hsl140f_ssgwc0p9v125c
                                                          1.512000  
U2810                     STQ_EO2_S_2     um28nchllogl35hsl140f_ssgwc0p9v125c
                                                          1.512000  
U2811                     STQ_EO2_S_2     um28nchllogl35hsl140f_ssgwc0p9v125c
                                                          1.512000  
U2812                     STQ_EO2_S_2     um28nchllogl35hsl140f_ssgwc0p9v125c
                                                          1.512000  
U2813                     STQ_EO2_S_2     um28nchllogl35hsl140f_ssgwc0p9v125c
                                                          1.512000  
U2814                     STQ_EO2_S_2     um28nchllogl35hsl140f_ssgwc0p9v125c
                                                          1.512000  
U2815                     STQ_EO2_S_2     um28nchllogl35hsl140f_ssgwc0p9v125c
                                                          1.512000  
U2816                     STQ_EO3_0P5     um28nchllogl35hsl140f_ssgwc0p9v125c
                                                          1.512000  
U2817                     STQ_EO3_0P5     um28nchllogl35hsl140f_ssgwc0p9v125c
                                                          1.512000  
U2818                     STQ_EO2_S_0P5   um28nchllogl35hsl140f_ssgwc0p9v125c
                                                          1.512000  
U2819                     STQ_EO3_0P5     um28nchllogl35hsl140f_ssgwc0p9v125c
                                                          1.512000  
U2820                     STQ_EO3_0P5     um28nchllogl35hsl140f_ssgwc0p9v125c
                                                          1.512000  
U2821                     STQ_EO2_S_2     um28nchllogl35hsl140f_ssgwc0p9v125c
                                                          1.512000  
U2822                     STQ_EO2_S_0P5   um28nchllogl35hsl140f_ssgwc0p9v125c
                                                          1.512000  
U2823                     STQ_EO2_S_2     um28nchllogl35hsl140f_ssgwc0p9v125c
                                                          1.512000  
U2824                     STQ_EO3_0P5     um28nchllogl35hsl140f_ssgwc0p9v125c
                                                          1.512000  
U2825                     STQ_EO2_S_2     um28nchllogl35hsl140f_ssgwc0p9v125c
                                                          1.512000  
U2826                     STQ_EO2_S_2     um28nchllogl35hsl140f_ssgwc0p9v125c
                                                          1.512000  
U2827                     STQ_EO3_0P5     um28nchllogl35hsl140f_ssgwc0p9v125c
                                                          1.512000  
U2828                     STQ_EO3_0P5     um28nchllogl35hsl140f_ssgwc0p9v125c
                                                          1.512000  
U2829                     STQ_EO2_S_2     um28nchllogl35hsl140f_ssgwc0p9v125c
                                                          1.512000  
U2830                     STQ_EO2_S_2     um28nchllogl35hsl140f_ssgwc0p9v125c
                                                          1.512000  
U2831                     STQ_EO2_S_2     um28nchllogl35hsl140f_ssgwc0p9v125c
                                                          1.512000  
U2832                     STQ_EO3_0P5     um28nchllogl35hsl140f_ssgwc0p9v125c
                                                          1.512000  
U2833                     STQ_EO3_0P5     um28nchllogl35hsl140f_ssgwc0p9v125c
                                                          1.512000  
U2834                     STQ_EO3_0P5     um28nchllogl35hsl140f_ssgwc0p9v125c
                                                          1.512000  
U2835                     STQ_EO2_S_2     um28nchllogl35hsl140f_ssgwc0p9v125c
                                                          1.512000  
U2836                     STQ_EO2_S_2     um28nchllogl35hsl140f_ssgwc0p9v125c
                                                          1.512000  
U2837                     STQ_EO2_S_2     um28nchllogl35hsl140f_ssgwc0p9v125c
                                                          1.512000  
U2838                     STQ_EO2_S_2     um28nchllogl35hsl140f_ssgwc0p9v125c
                                                          1.512000  
U2839                     STQ_EO2_S_2     um28nchllogl35hsl140f_ssgwc0p9v125c
                                                          1.512000  
U2840                     STQ_EO2_S_2     um28nchllogl35hsl140f_ssgwc0p9v125c
                                                          1.512000  
U2841                     STQ_EO3_0P5     um28nchllogl35hsl140f_ssgwc0p9v125c
                                                          1.512000  
U2842                     STQ_EO2_S_2     um28nchllogl35hsl140f_ssgwc0p9v125c
                                                          1.512000  
U2843                     STQ_EO2_S_2     um28nchllogl35hsl140f_ssgwc0p9v125c
                                                          1.512000  
U2844                     STQ_EO2_S_2     um28nchllogl35hsl140f_ssgwc0p9v125c
                                                          1.512000  
U2845                     STQ_EO2_S_2     um28nchllogl35hsl140f_ssgwc0p9v125c
                                                          1.512000  
U2846                     STQ_EO2_S_2     um28nchllogl35hsl140f_ssgwc0p9v125c
                                                          1.512000  
U2847                     STQ_EO2_S_2     um28nchllogl35hsl140f_ssgwc0p9v125c
                                                          1.512000  
U2848                     STQ_EO2_S_2     um28nchllogl35hsl140f_ssgwc0p9v125c
                                                          1.512000  
U2849                     STQ_EO2_S_2     um28nchllogl35hsl140f_ssgwc0p9v125c
                                                          1.512000  
U2850                     STQ_EO2_S_2     um28nchllogl35hsl140f_ssgwc0p9v125c
                                                          1.512000  
U2851                     STQ_EO3_0P5     um28nchllogl35hsl140f_ssgwc0p9v125c
                                                          1.512000  
U2852                     STQ_EO3_0P5     um28nchllogl35hsl140f_ssgwc0p9v125c
                                                          1.512000  
U2853                     STQ_EO2_S_2     um28nchllogl35hsl140f_ssgwc0p9v125c
                                                          1.512000  
U2854                     STQ_EO3_0P5     um28nchllogl35hsl140f_ssgwc0p9v125c
                                                          1.512000  
U2855                     STQ_EO2_S_2     um28nchllogl35hsl140f_ssgwc0p9v125c
                                                          1.512000  
U2856                     STQ_EO2_S_2     um28nchllogl35hsl140f_ssgwc0p9v125c
                                                          1.512000  
U2857                     STQ_EO3_0P5     um28nchllogl35hsl140f_ssgwc0p9v125c
                                                          1.512000  
U2858                     STQ_EO2_S_2     um28nchllogl35hsl140f_ssgwc0p9v125c
                                                          1.512000  
U2859                     STQ_EO2_S_2     um28nchllogl35hsl140f_ssgwc0p9v125c
                                                          1.512000  
U2860                     STQ_EO3_0P5     um28nchllogl35hsl140f_ssgwc0p9v125c
                                                          1.512000  
U2861                     STQ_EO2_1       um28nchllogl35hsl140f_ssgwc0p9v125c
                                                          1.512000  
U2862                     STQ_EO2_S_0P5   um28nchllogl35hsl140f_ssgwc0p9v125c
                                                          1.512000  
U2863                     STQ_EO3_0P5     um28nchllogl35hsl140f_ssgwc0p9v125c
                                                          1.512000  
U2864                     STQ_EO3_0P5     um28nchllogl35hsl140f_ssgwc0p9v125c
                                                          1.512000  
U2865                     STQ_EO2_S_2     um28nchllogl35hsl140f_ssgwc0p9v125c
                                                          1.512000  
U2866                     STQ_EO2_S_2     um28nchllogl35hsl140f_ssgwc0p9v125c
                                                          1.512000  
U2867                     STQ_EO2_S_0P5   um28nchllogl35hsl140f_ssgwc0p9v125c
                                                          1.512000  
U2868                     STQ_EO2_S_2     um28nchllogl35hsl140f_ssgwc0p9v125c
                                                          1.512000  
U2869                     STQ_EO3_0P5     um28nchllogl35hsl140f_ssgwc0p9v125c
                                                          1.512000  
U2870                     STQ_EO3_0P5     um28nchllogl35hsl140f_ssgwc0p9v125c
                                                          1.512000  
U2871                     STQ_EO2_S_2     um28nchllogl35hsl140f_ssgwc0p9v125c
                                                          1.512000  
U2872                     STQ_EO2_S_2     um28nchllogl35hsl140f_ssgwc0p9v125c
                                                          1.512000  
U2873                     STQ_EO2_S_2     um28nchllogl35hsl140f_ssgwc0p9v125c
                                                          1.512000  
U2874                     STQ_EO2_S_2     um28nchllogl35hsl140f_ssgwc0p9v125c
                                                          1.512000  
U2875                     STQ_EO3_0P5     um28nchllogl35hsl140f_ssgwc0p9v125c
                                                          1.512000  
U2876                     STQ_EO3_0P5     um28nchllogl35hsl140f_ssgwc0p9v125c
                                                          1.512000  
U2877                     STQ_EO2_S_2     um28nchllogl35hsl140f_ssgwc0p9v125c
                                                          1.512000  
U2878                     STQ_EO3_0P5     um28nchllogl35hsl140f_ssgwc0p9v125c
                                                          1.512000  
U2879                     STQ_EO2_S_2     um28nchllogl35hsl140f_ssgwc0p9v125c
                                                          1.512000  
U2880                     STQ_EO2_S_2     um28nchllogl35hsl140f_ssgwc0p9v125c
                                                          1.512000  
U2881                     STQ_EO2_S_2     um28nchllogl35hsl140f_ssgwc0p9v125c
                                                          1.512000  
U2882                     STQ_EO2_S_2     um28nchllogl35hsl140f_ssgwc0p9v125c
                                                          1.512000  
U2883                     STQ_EO2_S_2     um28nchllogl35hsl140f_ssgwc0p9v125c
                                                          1.512000  
U2884                     STQ_EO2_S_2     um28nchllogl35hsl140f_ssgwc0p9v125c
                                                          1.512000  
U2885                     STQ_EO2_S_2     um28nchllogl35hsl140f_ssgwc0p9v125c
                                                          1.512000  
U2886                     STQ_EO2_S_2     um28nchllogl35hsl140f_ssgwc0p9v125c
                                                          1.512000  
U2887                     STQ_EO2_S_2     um28nchllogl35hsl140f_ssgwc0p9v125c
                                                          1.512000  
U2888                     STQ_EO2_S_2     um28nchllogl35hsl140f_ssgwc0p9v125c
                                                          1.512000  
U2889                     STQ_EO3_0P5     um28nchllogl35hsl140f_ssgwc0p9v125c
                                                          1.512000  
U2890                     STQ_EO3_0P5     um28nchllogl35hsl140f_ssgwc0p9v125c
                                                          1.512000  
U2891                     STQ_EO2_S_2     um28nchllogl35hsl140f_ssgwc0p9v125c
                                                          1.512000  
U2892                     STQ_EO3_0P5     um28nchllogl35hsl140f_ssgwc0p9v125c
                                                          1.512000  
U2893                     STQ_EO3_0P5     um28nchllogl35hsl140f_ssgwc0p9v125c
                                                          1.512000  
U2894                     STQ_EO3_0P5     um28nchllogl35hsl140f_ssgwc0p9v125c
                                                          1.512000  
U2895                     STQ_EO2_S_2     um28nchllogl35hsl140f_ssgwc0p9v125c
                                                          1.512000  
U2896                     STQ_EO2_S_2     um28nchllogl35hsl140f_ssgwc0p9v125c
                                                          1.512000  
U2897                     STQ_EO3_0P5     um28nchllogl35hsl140f_ssgwc0p9v125c
                                                          1.512000  
U2898                     STQ_EO2_S_2     um28nchllogl35hsl140f_ssgwc0p9v125c
                                                          1.512000  
U2899                     STQ_EO2_S_2     um28nchllogl35hsl140f_ssgwc0p9v125c
                                                          1.512000  
U2900                     STQ_EO3_0P5     um28nchllogl35hsl140f_ssgwc0p9v125c
                                                          1.512000  
U2901                     STQ_EO2_S_2     um28nchllogl35hsl140f_ssgwc0p9v125c
                                                          1.512000  
U2902                     STQ_EO2_S_2     um28nchllogl35hsl140f_ssgwc0p9v125c
                                                          1.512000  
U2903                     STQ_EO2_S_2     um28nchllogl35hsl140f_ssgwc0p9v125c
                                                          1.512000  
U2904                     STQ_EO3_0P5     um28nchllogl35hsl140f_ssgwc0p9v125c
                                                          1.512000  
U2905                     STQ_EO2_S_2     um28nchllogl35hsl140f_ssgwc0p9v125c
                                                          1.512000  
U2906                     STQ_EO2_S_2     um28nchllogl35hsl140f_ssgwc0p9v125c
                                                          1.512000  
U2907                     STQ_EO2_S_2     um28nchllogl35hsl140f_ssgwc0p9v125c
                                                          1.512000  
U2908                     STQ_EO2_S_2     um28nchllogl35hsl140f_ssgwc0p9v125c
                                                          1.512000  
U2909                     STQ_EO3_0P5     um28nchllogl35hsl140f_ssgwc0p9v125c
                                                          1.512000  
U2910                     STQ_EO2_S_2     um28nchllogl35hsl140f_ssgwc0p9v125c
                                                          1.512000  
U2911                     STQ_EO2_S_2     um28nchllogl35hsl140f_ssgwc0p9v125c
                                                          1.512000  
U2912                     STQ_EO2_S_2     um28nchllogl35hsl140f_ssgwc0p9v125c
                                                          1.512000  
U2913                     STQ_EO2_S_2     um28nchllogl35hsl140f_ssgwc0p9v125c
                                                          1.512000  
U2914                     STQ_EO2_S_2     um28nchllogl35hsl140f_ssgwc0p9v125c
                                                          1.512000  
U2915                     STQ_EO3_0P5     um28nchllogl35hsl140f_ssgwc0p9v125c
                                                          1.512000  
U2916                     STQ_EO2_S_2     um28nchllogl35hsl140f_ssgwc0p9v125c
                                                          1.512000  
U2917                     STQ_EO3_0P5     um28nchllogl35hsl140f_ssgwc0p9v125c
                                                          1.512000  
U2918                     STQ_EO2_S_2     um28nchllogl35hsl140f_ssgwc0p9v125c
                                                          1.512000  
U2919                     STQ_EO3_0P5     um28nchllogl35hsl140f_ssgwc0p9v125c
                                                          1.512000  
U2920                     STQ_EO2_S_2     um28nchllogl35hsl140f_ssgwc0p9v125c
                                                          1.512000  
U2921                     STQ_EO3_0P5     um28nchllogl35hsl140f_ssgwc0p9v125c
                                                          1.512000  
U2922                     STQ_EO2_S_2     um28nchllogl35hsl140f_ssgwc0p9v125c
                                                          1.512000  
U2923                     STQ_EO2_S_2     um28nchllogl35hsl140f_ssgwc0p9v125c
                                                          1.512000  
U2924                     STQ_EO2_S_2     um28nchllogl35hsl140f_ssgwc0p9v125c
                                                          1.512000  
U2925                     STQ_EO2_S_2     um28nchllogl35hsl140f_ssgwc0p9v125c
                                                          1.512000  
U2926                     STQ_EO2_S_2     um28nchllogl35hsl140f_ssgwc0p9v125c
                                                          1.512000  
U2927                     STQ_EO3_0P5     um28nchllogl35hsl140f_ssgwc0p9v125c
                                                          1.512000  
U2928                     STQ_EO3_0P5     um28nchllogl35hsl140f_ssgwc0p9v125c
                                                          1.512000  
U2929                     STQ_EO2_S_0P5   um28nchllogl35hsl140f_ssgwc0p9v125c
                                                          1.512000  
U2930                     STQ_EO2_S_2     um28nchllogl35hsl140f_ssgwc0p9v125c
                                                          1.512000  
U2931                     STQ_EO2_S_2     um28nchllogl35hsl140f_ssgwc0p9v125c
                                                          1.512000  
U2932                     STQ_EO3_0P5     um28nchllogl35hsl140f_ssgwc0p9v125c
                                                          1.512000  
U2933                     STQ_EO3_0P5     um28nchllogl35hsl140f_ssgwc0p9v125c
                                                          1.512000  
U2934                     STQ_EO3_0P5     um28nchllogl35hsl140f_ssgwc0p9v125c
                                                          1.512000  
U2935                     STQ_EO2_S_2     um28nchllogl35hsl140f_ssgwc0p9v125c
                                                          1.512000  
U2936                     STQ_EO2_S_2     um28nchllogl35hsl140f_ssgwc0p9v125c
                                                          1.512000  
U2937                     STQ_EO2_S_2     um28nchllogl35hsl140f_ssgwc0p9v125c
                                                          1.512000  
U2938                     STQ_EO2_S_2     um28nchllogl35hsl140f_ssgwc0p9v125c
                                                          1.512000  
U2939                     STQ_EO3_0P5     um28nchllogl35hsl140f_ssgwc0p9v125c
                                                          1.512000  
U2940                     STQ_EO2_S_0P5   um28nchllogl35hsl140f_ssgwc0p9v125c
                                                          1.512000  
U2941                     STQ_EO3_0P5     um28nchllogl35hsl140f_ssgwc0p9v125c
                                                          1.512000  
U2942                     STQ_EO2_S_2     um28nchllogl35hsl140f_ssgwc0p9v125c
                                                          1.512000  
U2943                     STQ_EO3_0P5     um28nchllogl35hsl140f_ssgwc0p9v125c
                                                          1.512000  
U2944                     STQ_EO3_0P5     um28nchllogl35hsl140f_ssgwc0p9v125c
                                                          1.512000  
U2945                     STQ_EO2_S_2     um28nchllogl35hsl140f_ssgwc0p9v125c
                                                          1.512000  
U2946                     STQ_EO3_0P5     um28nchllogl35hsl140f_ssgwc0p9v125c
                                                          1.512000  
U2947                     STQ_EO3_0P5     um28nchllogl35hsl140f_ssgwc0p9v125c
                                                          1.512000  
U2948                     STQ_EO3_0P5     um28nchllogl35hsl140f_ssgwc0p9v125c
                                                          1.512000  
U2949                     STQ_EO3_0P5     um28nchllogl35hsl140f_ssgwc0p9v125c
                                                          1.512000  
U2950                     STQ_EO3_0P5     um28nchllogl35hsl140f_ssgwc0p9v125c
                                                          1.512000  
U2951                     STQ_EO3_0P5     um28nchllogl35hsl140f_ssgwc0p9v125c
                                                          1.512000  
U2952                     STQ_EO2_S_2     um28nchllogl35hsl140f_ssgwc0p9v125c
                                                          1.512000  
U2953                     STQ_EO2_S_2     um28nchllogl35hsl140f_ssgwc0p9v125c
                                                          1.512000  
U2954                     STQ_EO2_S_2     um28nchllogl35hsl140f_ssgwc0p9v125c
                                                          1.512000  
U2955                     STQ_EO3_0P5     um28nchllogl35hsl140f_ssgwc0p9v125c
                                                          1.512000  
U2956                     STQ_EO3_0P5     um28nchllogl35hsl140f_ssgwc0p9v125c
                                                          1.512000  
U2957                     STQ_EO2_S_2     um28nchllogl35hsl140f_ssgwc0p9v125c
                                                          1.512000  
U2958                     STQ_EO2_S_2     um28nchllogl35hsl140f_ssgwc0p9v125c
                                                          1.512000  
U2959                     STQ_EO3_0P5     um28nchllogl35hsl140f_ssgwc0p9v125c
                                                          1.512000  
U2960                     STQ_EO3_0P5     um28nchllogl35hsl140f_ssgwc0p9v125c
                                                          1.512000  
U2961                     STQ_EO2_S_0P5   um28nchllogl35hsl140f_ssgwc0p9v125c
                                                          1.512000  
U2962                     STQ_EO2_S_2     um28nchllogl35hsl140f_ssgwc0p9v125c
                                                          1.512000  
U2963                     STQ_EO2_S_2     um28nchllogl35hsl140f_ssgwc0p9v125c
                                                          1.512000  
U2964                     STQ_EO2_S_2     um28nchllogl35hsl140f_ssgwc0p9v125c
                                                          1.512000  
U2965                     STQ_EO2_S_2     um28nchllogl35hsl140f_ssgwc0p9v125c
                                                          1.512000  
U2966                     STQ_EO2_S_2     um28nchllogl35hsl140f_ssgwc0p9v125c
                                                          1.512000  
U2967                     STQ_EO3_0P5     um28nchllogl35hsl140f_ssgwc0p9v125c
                                                          1.512000  
U2968                     STQ_EO3_0P5     um28nchllogl35hsl140f_ssgwc0p9v125c
                                                          1.512000  
U2969                     STQ_EO3_0P5     um28nchllogl35hsl140f_ssgwc0p9v125c
                                                          1.512000  
U2970                     STQ_EO3_0P5     um28nchllogl35hsl140f_ssgwc0p9v125c
                                                          1.512000  
U2971                     STQ_EO3_0P5     um28nchllogl35hsl140f_ssgwc0p9v125c
                                                          1.512000  
U2972                     STQ_EO3_0P5     um28nchllogl35hsl140f_ssgwc0p9v125c
                                                          1.512000  
U2973                     STQ_EO3_0P5     um28nchllogl35hsl140f_ssgwc0p9v125c
                                                          1.512000  
U2974                     STQ_EO2_S_2     um28nchllogl35hsl140f_ssgwc0p9v125c
                                                          1.512000  
U2975                     STQ_EO2_S_2     um28nchllogl35hsl140f_ssgwc0p9v125c
                                                          1.512000  
U2976                     STQ_EO3_0P5     um28nchllogl35hsl140f_ssgwc0p9v125c
                                                          1.512000  
U2977                     STQ_EO2_S_2     um28nchllogl35hsl140f_ssgwc0p9v125c
                                                          1.512000  
U2978                     STQ_EO2_S_2     um28nchllogl35hsl140f_ssgwc0p9v125c
                                                          1.512000  
U2979                     STQ_EO3_0P5     um28nchllogl35hsl140f_ssgwc0p9v125c
                                                          1.512000  
U2980                     STQ_EO2_S_2     um28nchllogl35hsl140f_ssgwc0p9v125c
                                                          1.512000  
U2981                     STQ_EO2_S_2     um28nchllogl35hsl140f_ssgwc0p9v125c
                                                          1.512000  
U2982                     STQ_EO2_S_2     um28nchllogl35hsl140f_ssgwc0p9v125c
                                                          1.512000  
U2983                     STQ_EO2_S_2     um28nchllogl35hsl140f_ssgwc0p9v125c
                                                          1.512000  
U2984                     STQ_EO2_S_2     um28nchllogl35hsl140f_ssgwc0p9v125c
                                                          1.512000  
U2985                     STQ_EO3_0P5     um28nchllogl35hsl140f_ssgwc0p9v125c
                                                          1.512000  
U2986                     STQ_EO3_0P5     um28nchllogl35hsl140f_ssgwc0p9v125c
                                                          1.512000  
U2987                     STQ_EO2_S_0P5   um28nchllogl35hsl140f_ssgwc0p9v125c
                                                          1.512000  
U2988                     STQ_EO2_S_2     um28nchllogl35hsl140f_ssgwc0p9v125c
                                                          1.512000  
U2989                     STQ_EO2_S_2     um28nchllogl35hsl140f_ssgwc0p9v125c
                                                          1.512000  
U2990                     STQ_EO3_0P5     um28nchllogl35hsl140f_ssgwc0p9v125c
                                                          1.512000  
U2991                     STQ_EO2_S_2     um28nchllogl35hsl140f_ssgwc0p9v125c
                                                          1.512000  
U2992                     STQ_EO2_S_2     um28nchllogl35hsl140f_ssgwc0p9v125c
                                                          1.512000  
U2993                     STQ_EO3_0P5     um28nchllogl35hsl140f_ssgwc0p9v125c
                                                          1.512000  
U2994                     STQ_EO2_S_2     um28nchllogl35hsl140f_ssgwc0p9v125c
                                                          1.512000  
U2995                     STQ_EO2_S_2     um28nchllogl35hsl140f_ssgwc0p9v125c
                                                          1.512000  
U2996                     STQ_EO2_S_2     um28nchllogl35hsl140f_ssgwc0p9v125c
                                                          1.512000  
U2997                     STQ_EO3_0P5     um28nchllogl35hsl140f_ssgwc0p9v125c
                                                          1.512000  
U2998                     STQ_EO3_0P5     um28nchllogl35hsl140f_ssgwc0p9v125c
                                                          1.512000  
U2999                     STQ_EO2_S_2     um28nchllogl35hsl140f_ssgwc0p9v125c
                                                          1.512000  
U3000                     STQ_EO3_0P5     um28nchllogl35hsl140f_ssgwc0p9v125c
                                                          1.512000  
U3001                     STQ_EO3_0P5     um28nchllogl35hsl140f_ssgwc0p9v125c
                                                          1.512000  
U3002                     STQ_EO3_0P5     um28nchllogl35hsl140f_ssgwc0p9v125c
                                                          1.512000  
U3003                     STQ_EO2_S_0P5   um28nchllogl35hsl140f_ssgwc0p9v125c
                                                          1.512000  
U3004                     STQ_EO3_0P5     um28nchllogl35hsl140f_ssgwc0p9v125c
                                                          1.512000  
U3005                     STQ_EO3_0P5     um28nchllogl35hsl140f_ssgwc0p9v125c
                                                          1.512000  
U3006                     STQ_EO3_0P5     um28nchllogl35hsl140f_ssgwc0p9v125c
                                                          1.512000  
U3007                     STQ_EO3_0P5     um28nchllogl35hsl140f_ssgwc0p9v125c
                                                          1.512000  
U3008                     STQ_EO3_0P5     um28nchllogl35hsl140f_ssgwc0p9v125c
                                                          1.512000  
U3009                     STQ_EO3_0P5     um28nchllogl35hsl140f_ssgwc0p9v125c
                                                          1.512000  
U3010                     STQ_EO2_S_2     um28nchllogl35hsl140f_ssgwc0p9v125c
                                                          1.512000  
U3011                     STQ_EO2_S_2     um28nchllogl35hsl140f_ssgwc0p9v125c
                                                          1.512000  
U3012                     STQ_EO3_0P5     um28nchllogl35hsl140f_ssgwc0p9v125c
                                                          1.512000  
U3013                     STQ_EO2_S_2     um28nchllogl35hsl140f_ssgwc0p9v125c
                                                          1.512000  
U3014                     STQ_EO3_0P5     um28nchllogl35hsl140f_ssgwc0p9v125c
                                                          1.512000  
U3015                     STQ_EO3_0P5     um28nchllogl35hsl140f_ssgwc0p9v125c
                                                          1.512000  
U3016                     STQ_EO2_S_2     um28nchllogl35hsl140f_ssgwc0p9v125c
                                                          1.512000  
U3017                     STQ_EO2_S_2     um28nchllogl35hsl140f_ssgwc0p9v125c
                                                          1.512000  
U3018                     STQ_EO3_0P5     um28nchllogl35hsl140f_ssgwc0p9v125c
                                                          1.512000  
U3019                     STQ_EO2_S_2     um28nchllogl35hsl140f_ssgwc0p9v125c
                                                          1.512000  
U3020                     STQ_EO2_S_2     um28nchllogl35hsl140f_ssgwc0p9v125c
                                                          1.512000  
U3021                     STQ_EO2_S_2     um28nchllogl35hsl140f_ssgwc0p9v125c
                                                          1.512000  
U3022                     STQ_EO3_0P5     um28nchllogl35hsl140f_ssgwc0p9v125c
                                                          1.512000  
U3023                     STQ_EO2_S_2     um28nchllogl35hsl140f_ssgwc0p9v125c
                                                          1.512000  
U3024                     STQ_EO2_S_2     um28nchllogl35hsl140f_ssgwc0p9v125c
                                                          1.512000  
U3025                     STQ_EO3_0P5     um28nchllogl35hsl140f_ssgwc0p9v125c
                                                          1.512000  
U3026                     STQ_EO3_0P5     um28nchllogl35hsl140f_ssgwc0p9v125c
                                                          1.512000  
U3027                     STQ_EO3_0P5     um28nchllogl35hsl140f_ssgwc0p9v125c
                                                          1.512000  
U3028                     STQ_EO3_0P5     um28nchllogl35hsl140f_ssgwc0p9v125c
                                                          1.512000  
U3029                     STQ_EO3_0P5     um28nchllogl35hsl140f_ssgwc0p9v125c
                                                          1.512000  
U3030                     STQ_EO3_0P5     um28nchllogl35hsl140f_ssgwc0p9v125c
                                                          1.512000  
U3031                     STQ_EO3_0P5     um28nchllogl35hsl140f_ssgwc0p9v125c
                                                          1.512000  
U3032                     STQ_EO2_S_2     um28nchllogl35hsl140f_ssgwc0p9v125c
                                                          1.512000  
U3033                     STQ_EO2_S_2     um28nchllogl35hsl140f_ssgwc0p9v125c
                                                          1.512000  
U3034                     STQ_EO2_1       um28nchllogl35hsl140f_ssgwc0p9v125c
                                                          1.512000  
U3035                     STQ_EO3_0P5     um28nchllogl35hsl140f_ssgwc0p9v125c
                                                          1.512000  
U3036                     STQ_EO3_0P5     um28nchllogl35hsl140f_ssgwc0p9v125c
                                                          1.512000  
U3037                     STQ_EO2_S_2     um28nchllogl35hsl140f_ssgwc0p9v125c
                                                          1.512000  
U3038                     STQ_EO3_0P5     um28nchllogl35hsl140f_ssgwc0p9v125c
                                                          1.512000  
U3039                     STQ_EO3_0P5     um28nchllogl35hsl140f_ssgwc0p9v125c
                                                          1.512000  
U3040                     STQ_EO2_S_2     um28nchllogl35hsl140f_ssgwc0p9v125c
                                                          1.512000  
U3041                     STQ_EO2_S_2     um28nchllogl35hsl140f_ssgwc0p9v125c
                                                          1.512000  
U3042                     STQ_EO2_S_2     um28nchllogl35hsl140f_ssgwc0p9v125c
                                                          1.512000  
U3043                     STQ_EO3_0P5     um28nchllogl35hsl140f_ssgwc0p9v125c
                                                          1.512000  
U3044                     STQ_EO3_0P5     um28nchllogl35hsl140f_ssgwc0p9v125c
                                                          1.512000  
U3045                     STQ_EO3_0P5     um28nchllogl35hsl140f_ssgwc0p9v125c
                                                          1.512000  
U3046                     STQ_EO2_S_2     um28nchllogl35hsl140f_ssgwc0p9v125c
                                                          1.512000  
U3047                     STQ_EO2_S_2     um28nchllogl35hsl140f_ssgwc0p9v125c
                                                          1.512000  
U3048                     STQ_EO2_S_2     um28nchllogl35hsl140f_ssgwc0p9v125c
                                                          1.512000  
U3049                     STQ_EO2_S_2     um28nchllogl35hsl140f_ssgwc0p9v125c
                                                          1.512000  
U3050                     STQ_EO2_S_0P5   um28nchllogl35hsl140f_ssgwc0p9v125c
                                                          1.512000  
U3051                     STQ_EO2_1       um28nchllogl35hsl140f_ssgwc0p9v125c
                                                          1.512000  
U3052                     STQ_EO3_0P5     um28nchllogl35hsl140f_ssgwc0p9v125c
                                                          1.512000  
U3053                     STQ_EO3_0P5     um28nchllogl35hsl140f_ssgwc0p9v125c
                                                          1.512000  
U3054                     STQ_EO2_S_2     um28nchllogl35hsl140f_ssgwc0p9v125c
                                                          1.512000  
U3055                     STQ_EO3_0P5     um28nchllogl35hsl140f_ssgwc0p9v125c
                                                          1.512000  
U3056                     STQ_EO2_S_2     um28nchllogl35hsl140f_ssgwc0p9v125c
                                                          1.512000  
U3057                     STQ_EO3_0P5     um28nchllogl35hsl140f_ssgwc0p9v125c
                                                          1.512000  
U3058                     STQ_EO3_0P5     um28nchllogl35hsl140f_ssgwc0p9v125c
                                                          1.512000  
U3059                     STQ_EO2_S_0P5   um28nchllogl35hsl140f_ssgwc0p9v125c
                                                          1.512000  
U3060                     STQ_EO3_0P5     um28nchllogl35hsl140f_ssgwc0p9v125c
                                                          1.512000  
U3061                     STQ_EO3_0P5     um28nchllogl35hsl140f_ssgwc0p9v125c
                                                          1.512000  
U3062                     STQ_EO3_0P5     um28nchllogl35hsl140f_ssgwc0p9v125c
                                                          1.512000  
U3063                     STQ_EO3_0P5     um28nchllogl35hsl140f_ssgwc0p9v125c
                                                          1.512000  
U3064                     STQ_EO2_S_2     um28nchllogl35hsl140f_ssgwc0p9v125c
                                                          1.512000  
U3065                     STQ_EO3_0P5     um28nchllogl35hsl140f_ssgwc0p9v125c
                                                          1.512000  
U3066                     STQ_EO3_0P5     um28nchllogl35hsl140f_ssgwc0p9v125c
                                                          1.512000  
U3067                     STQ_EO2_S_2     um28nchllogl35hsl140f_ssgwc0p9v125c
                                                          1.512000  
U3068                     STQ_EO3_0P5     um28nchllogl35hsl140f_ssgwc0p9v125c
                                                          1.512000  
U3069                     STQ_EO3_0P5     um28nchllogl35hsl140f_ssgwc0p9v125c
                                                          1.512000  
U3070                     STQ_EO2_S_0P5   um28nchllogl35hsl140f_ssgwc0p9v125c
                                                          1.512000  
U3071                     STQ_EO2_S_2     um28nchllogl35hsl140f_ssgwc0p9v125c
                                                          1.512000  
U3072                     STQ_EO2_S_2     um28nchllogl35hsl140f_ssgwc0p9v125c
                                                          1.512000  
U3073                     STQ_EO3_0P5     um28nchllogl35hsl140f_ssgwc0p9v125c
                                                          1.512000  
U3074                     STQ_EO3_0P5     um28nchllogl35hsl140f_ssgwc0p9v125c
                                                          1.512000  
U3075                     STQ_EO2_S_2     um28nchllogl35hsl140f_ssgwc0p9v125c
                                                          1.512000  
U3076                     STQ_EO2_S_2     um28nchllogl35hsl140f_ssgwc0p9v125c
                                                          1.512000  
U3077                     STQ_EO3_0P5     um28nchllogl35hsl140f_ssgwc0p9v125c
                                                          1.512000  
U3078                     STQ_EO2_S_2     um28nchllogl35hsl140f_ssgwc0p9v125c
                                                          1.512000  
U3079                     STQ_EO3_0P5     um28nchllogl35hsl140f_ssgwc0p9v125c
                                                          1.512000  
U3080                     STQ_EO3_0P5     um28nchllogl35hsl140f_ssgwc0p9v125c
                                                          1.512000  
U3081                     STQ_EO3_0P5     um28nchllogl35hsl140f_ssgwc0p9v125c
                                                          1.512000  
U3082                     STQ_EO2_S_2     um28nchllogl35hsl140f_ssgwc0p9v125c
                                                          1.512000  
U3083                     STQ_EO3_0P5     um28nchllogl35hsl140f_ssgwc0p9v125c
                                                          1.512000  
U3084                     STQ_EO3_0P5     um28nchllogl35hsl140f_ssgwc0p9v125c
                                                          1.512000  
U3085                     STQ_EO3_0P5     um28nchllogl35hsl140f_ssgwc0p9v125c
                                                          1.512000  
U3086                     STQ_EO2_S_2     um28nchllogl35hsl140f_ssgwc0p9v125c
                                                          1.512000  
U3087                     STQ_EO3_0P5     um28nchllogl35hsl140f_ssgwc0p9v125c
                                                          1.512000  
U3088                     STQ_EO3_0P5     um28nchllogl35hsl140f_ssgwc0p9v125c
                                                          1.512000  
U3089                     STQ_EO2_S_2     um28nchllogl35hsl140f_ssgwc0p9v125c
                                                          1.512000  
U3090                     STQ_EO2_S_2     um28nchllogl35hsl140f_ssgwc0p9v125c
                                                          1.512000  
U3091                     STQ_EO3_0P5     um28nchllogl35hsl140f_ssgwc0p9v125c
                                                          1.512000  
U3092                     STQ_EO3_0P5     um28nchllogl35hsl140f_ssgwc0p9v125c
                                                          1.512000  
U3093                     STQ_EO2_S_2     um28nchllogl35hsl140f_ssgwc0p9v125c
                                                          1.512000  
U3094                     STQ_EO2_S_2     um28nchllogl35hsl140f_ssgwc0p9v125c
                                                          1.512000  
U3095                     STQ_EO3_0P5     um28nchllogl35hsl140f_ssgwc0p9v125c
                                                          1.512000  
U3096                     STQ_EO3_0P5     um28nchllogl35hsl140f_ssgwc0p9v125c
                                                          1.512000  
U3097                     STQ_EO3_0P5     um28nchllogl35hsl140f_ssgwc0p9v125c
                                                          1.512000  
U3098                     STQ_EO2_S_2     um28nchllogl35hsl140f_ssgwc0p9v125c
                                                          1.512000  
U3099                     STQ_EO2_S_2     um28nchllogl35hsl140f_ssgwc0p9v125c
                                                          1.512000  
U3100                     STQ_EO3_0P5     um28nchllogl35hsl140f_ssgwc0p9v125c
                                                          1.512000  
U3101                     STQ_EO3_0P5     um28nchllogl35hsl140f_ssgwc0p9v125c
                                                          1.512000  
U3102                     STQ_EO2_S_0P5   um28nchllogl35hsl140f_ssgwc0p9v125c
                                                          1.512000  
U3103                     STQ_EO3_0P5     um28nchllogl35hsl140f_ssgwc0p9v125c
                                                          1.512000  
U3104                     STQ_EO3_0P5     um28nchllogl35hsl140f_ssgwc0p9v125c
                                                          1.512000  
U3105                     STQ_EO2_S_2     um28nchllogl35hsl140f_ssgwc0p9v125c
                                                          1.512000  
U3106                     STQ_EO2_S_2     um28nchllogl35hsl140f_ssgwc0p9v125c
                                                          1.512000  
U3107                     STQ_EO3_0P5     um28nchllogl35hsl140f_ssgwc0p9v125c
                                                          1.512000  
U3108                     STQ_EO2_S_2     um28nchllogl35hsl140f_ssgwc0p9v125c
                                                          1.512000  
U3109                     STQ_EO2_S_2     um28nchllogl35hsl140f_ssgwc0p9v125c
                                                          1.512000  
U3110                     STQ_EO3_0P5     um28nchllogl35hsl140f_ssgwc0p9v125c
                                                          1.512000  
U3111                     STQ_EO3_0P5     um28nchllogl35hsl140f_ssgwc0p9v125c
                                                          1.512000  
U3112                     STQ_EO3_0P5     um28nchllogl35hsl140f_ssgwc0p9v125c
                                                          1.512000  
U3113                     STQ_EO3_0P5     um28nchllogl35hsl140f_ssgwc0p9v125c
                                                          1.512000  
U3114                     STQ_EO2_S_2     um28nchllogl35hsl140f_ssgwc0p9v125c
                                                          1.512000  
U3115                     STQ_EO2_S_2     um28nchllogl35hsl140f_ssgwc0p9v125c
                                                          1.512000  
U3116                     STQ_EO3_0P5     um28nchllogl35hsl140f_ssgwc0p9v125c
                                                          1.512000  
U3117                     STQ_EO2_S_2     um28nchllogl35hsl140f_ssgwc0p9v125c
                                                          1.512000  
U3118                     STQ_EO3_0P5     um28nchllogl35hsl140f_ssgwc0p9v125c
                                                          1.512000  
U3119                     STQ_EO2_S_2     um28nchllogl35hsl140f_ssgwc0p9v125c
                                                          1.512000  
U3120                     STQ_EO2_S_2     um28nchllogl35hsl140f_ssgwc0p9v125c
                                                          1.512000  
U3121                     STQ_EO3_0P5     um28nchllogl35hsl140f_ssgwc0p9v125c
                                                          1.512000  
U3122                     STQ_EO3_0P5     um28nchllogl35hsl140f_ssgwc0p9v125c
                                                          1.512000  
U3123                     STQ_EO3_0P5     um28nchllogl35hsl140f_ssgwc0p9v125c
                                                          1.512000  
U3124                     STQ_EO2_S_0P5   um28nchllogl35hsl140f_ssgwc0p9v125c
                                                          1.512000  
U3125                     STQ_EO2_S_2     um28nchllogl35hsl140f_ssgwc0p9v125c
                                                          1.512000  
U3126                     STQ_EO2_S_2     um28nchllogl35hsl140f_ssgwc0p9v125c
                                                          1.512000  
U3127                     STQ_EO3_0P5     um28nchllogl35hsl140f_ssgwc0p9v125c
                                                          1.512000  
U3128                     STQ_EO3_0P5     um28nchllogl35hsl140f_ssgwc0p9v125c
                                                          1.512000  
U3129                     STQ_EO3_0P5     um28nchllogl35hsl140f_ssgwc0p9v125c
                                                          1.512000  
U3130                     STQ_EO3_0P5     um28nchllogl35hsl140f_ssgwc0p9v125c
                                                          1.512000  
U3131                     STQ_EO3_0P5     um28nchllogl35hsl140f_ssgwc0p9v125c
                                                          1.512000  
U3132                     STQ_EO2_S_2     um28nchllogl35hsl140f_ssgwc0p9v125c
                                                          1.512000  
U3133                     STQ_EO3_0P5     um28nchllogl35hsl140f_ssgwc0p9v125c
                                                          1.512000  
U3134                     STQ_EO2_S_2     um28nchllogl35hsl140f_ssgwc0p9v125c
                                                          1.512000  
U3135                     STQ_EO3_0P5     um28nchllogl35hsl140f_ssgwc0p9v125c
                                                          1.512000  
U3136                     STQ_EO2_S_2     um28nchllogl35hsl140f_ssgwc0p9v125c
                                                          1.512000  
U3137                     STQ_EO3_0P5     um28nchllogl35hsl140f_ssgwc0p9v125c
                                                          1.512000  
U3138                     STQ_EO2_S_2     um28nchllogl35hsl140f_ssgwc0p9v125c
                                                          1.512000  
U3139                     STQ_EO2_S_2     um28nchllogl35hsl140f_ssgwc0p9v125c
                                                          1.512000  
U3140                     STQ_EO3_0P5     um28nchllogl35hsl140f_ssgwc0p9v125c
                                                          1.512000  
U3141                     STQ_EO2_S_2     um28nchllogl35hsl140f_ssgwc0p9v125c
                                                          1.512000  
U3142                     STQ_EO2_S_2     um28nchllogl35hsl140f_ssgwc0p9v125c
                                                          1.512000  
U3143                     STQ_EO3_0P5     um28nchllogl35hsl140f_ssgwc0p9v125c
                                                          1.512000  
U3144                     STQ_EO2_S_2     um28nchllogl35hsl140f_ssgwc0p9v125c
                                                          1.512000  
U3145                     STQ_EO3_0P5     um28nchllogl35hsl140f_ssgwc0p9v125c
                                                          1.512000  
U3146                     STQ_EO3_0P5     um28nchllogl35hsl140f_ssgwc0p9v125c
                                                          1.512000  
U3147                     STQ_EO3_0P5     um28nchllogl35hsl140f_ssgwc0p9v125c
                                                          1.512000  
U3148                     STQ_EO2_S_0P5   um28nchllogl35hsl140f_ssgwc0p9v125c
                                                          1.512000  
U3149                     STQ_EO2_S_2     um28nchllogl35hsl140f_ssgwc0p9v125c
                                                          1.512000  
U3150                     STQ_EO2_S_2     um28nchllogl35hsl140f_ssgwc0p9v125c
                                                          1.512000  
U3151                     STQ_EO2_S_2     um28nchllogl35hsl140f_ssgwc0p9v125c
                                                          1.512000  
U3152                     STQ_EO2_S_2     um28nchllogl35hsl140f_ssgwc0p9v125c
                                                          1.512000  
U3153                     STQ_EO3_0P5     um28nchllogl35hsl140f_ssgwc0p9v125c
                                                          1.512000  
U3154                     STQ_EO2_S_0P5   um28nchllogl35hsl140f_ssgwc0p9v125c
                                                          1.512000  
U3155                     STQ_EO3_0P5     um28nchllogl35hsl140f_ssgwc0p9v125c
                                                          1.512000  
U3156                     STQ_EO3_0P5     um28nchllogl35hsl140f_ssgwc0p9v125c
                                                          1.512000  
U3157                     STQ_EO3_0P5     um28nchllogl35hsl140f_ssgwc0p9v125c
                                                          1.512000  
U3158                     STQ_EO3_0P5     um28nchllogl35hsl140f_ssgwc0p9v125c
                                                          1.512000  
U3159                     STQ_EO3_0P5     um28nchllogl35hsl140f_ssgwc0p9v125c
                                                          1.512000  
U3160                     STQ_EO2_S_2     um28nchllogl35hsl140f_ssgwc0p9v125c
                                                          1.512000  
U3161                     STQ_EO2_S_2     um28nchllogl35hsl140f_ssgwc0p9v125c
                                                          1.512000  
U3162                     STQ_EO3_0P5     um28nchllogl35hsl140f_ssgwc0p9v125c
                                                          1.512000  
U3163                     STQ_EO3_0P5     um28nchllogl35hsl140f_ssgwc0p9v125c
                                                          1.512000  
U3164                     STQ_EO2_S_2     um28nchllogl35hsl140f_ssgwc0p9v125c
                                                          1.512000  
U3165                     STQ_EO3_0P5     um28nchllogl35hsl140f_ssgwc0p9v125c
                                                          1.512000  
U3166                     STQ_EO2_S_2     um28nchllogl35hsl140f_ssgwc0p9v125c
                                                          1.512000  
U3167                     STQ_EO2_S_2     um28nchllogl35hsl140f_ssgwc0p9v125c
                                                          1.512000  
U3168                     STQ_EO3_0P5     um28nchllogl35hsl140f_ssgwc0p9v125c
                                                          1.512000  
U3169                     STQ_EO3_0P5     um28nchllogl35hsl140f_ssgwc0p9v125c
                                                          1.512000  
U3170                     STQ_EO3_0P5     um28nchllogl35hsl140f_ssgwc0p9v125c
                                                          1.512000  
U3171                     STQ_EO2_S_2     um28nchllogl35hsl140f_ssgwc0p9v125c
                                                          1.512000  
U3172                     STQ_EO2_S_2     um28nchllogl35hsl140f_ssgwc0p9v125c
                                                          1.512000  
U3173                     STQ_EO2_S_2     um28nchllogl35hsl140f_ssgwc0p9v125c
                                                          1.512000  
U3174                     STQ_EO3_0P5     um28nchllogl35hsl140f_ssgwc0p9v125c
                                                          1.512000  
U3175                     STQ_EO2_S_0P5   um28nchllogl35hsl140f_ssgwc0p9v125c
                                                          1.512000  
U3176                     STQ_EO2_S_2     um28nchllogl35hsl140f_ssgwc0p9v125c
                                                          1.512000  
U3177                     STQ_EO2_S_2     um28nchllogl35hsl140f_ssgwc0p9v125c
                                                          1.512000  
U3178                     STQ_EO3_0P5     um28nchllogl35hsl140f_ssgwc0p9v125c
                                                          1.512000  
U3179                     STQ_EO2_S_2     um28nchllogl35hsl140f_ssgwc0p9v125c
                                                          1.512000  
U3180                     STQ_EO2_S_2     um28nchllogl35hsl140f_ssgwc0p9v125c
                                                          1.512000  
U3181                     STQ_EO2_S_2     um28nchllogl35hsl140f_ssgwc0p9v125c
                                                          1.512000  
U3182                     STQ_EO3_0P5     um28nchllogl35hsl140f_ssgwc0p9v125c
                                                          1.512000  
U3183                     STQ_EO3_0P5     um28nchllogl35hsl140f_ssgwc0p9v125c
                                                          1.512000  
U3184                     STQ_EO2_S_2     um28nchllogl35hsl140f_ssgwc0p9v125c
                                                          1.512000  
U3185                     STQ_EO3_0P5     um28nchllogl35hsl140f_ssgwc0p9v125c
                                                          1.512000  
U3186                     STQ_EO2_S_2     um28nchllogl35hsl140f_ssgwc0p9v125c
                                                          1.512000  
U3187                     STQ_EO3_0P5     um28nchllogl35hsl140f_ssgwc0p9v125c
                                                          1.512000  
U3188                     STQ_EO3_0P5     um28nchllogl35hsl140f_ssgwc0p9v125c
                                                          1.512000  
U3189                     STQ_EO2_S_0P5   um28nchllogl35hsl140f_ssgwc0p9v125c
                                                          1.512000  
U3190                     STQ_EO3_0P5     um28nchllogl35hsl140f_ssgwc0p9v125c
                                                          1.512000  
U3191                     STQ_EO3_0P5     um28nchllogl35hsl140f_ssgwc0p9v125c
                                                          1.512000  
U3192                     STQ_EO2_S_2     um28nchllogl35hsl140f_ssgwc0p9v125c
                                                          1.512000  
U3193                     STQ_EO2_S_2     um28nchllogl35hsl140f_ssgwc0p9v125c
                                                          1.512000  
U3194                     STQ_EO3_0P5     um28nchllogl35hsl140f_ssgwc0p9v125c
                                                          1.512000  
U3195                     STQ_EO3_0P5     um28nchllogl35hsl140f_ssgwc0p9v125c
                                                          1.512000  
U3196                     STQ_EO3_0P5     um28nchllogl35hsl140f_ssgwc0p9v125c
                                                          1.512000  
U3197                     STQ_EO2_S_2     um28nchllogl35hsl140f_ssgwc0p9v125c
                                                          1.512000  
U3198                     STQ_EO3_0P5     um28nchllogl35hsl140f_ssgwc0p9v125c
                                                          1.512000  
U3199                     STQ_EO3_0P5     um28nchllogl35hsl140f_ssgwc0p9v125c
                                                          1.512000  
U3200                     STQ_EO2_S_2     um28nchllogl35hsl140f_ssgwc0p9v125c
                                                          1.512000  
U3201                     STQ_EO3_0P5     um28nchllogl35hsl140f_ssgwc0p9v125c
                                                          1.512000  
U3202                     STQ_EO3_0P5     um28nchllogl35hsl140f_ssgwc0p9v125c
                                                          1.512000  
U3203                     STQ_EO2_S_0P5   um28nchllogl35hsl140f_ssgwc0p9v125c
                                                          1.512000  
U3204                     STQ_EO2_S_2     um28nchllogl35hsl140f_ssgwc0p9v125c
                                                          1.512000  
U3205                     STQ_EO2_S_0P5   um28nchllogl35hsl140f_ssgwc0p9v125c
                                                          1.512000  
U3206                     STQ_EO3_0P5     um28nchllogl35hsl140f_ssgwc0p9v125c
                                                          1.512000  
U3207                     STQ_EO3_0P5     um28nchllogl35hsl140f_ssgwc0p9v125c
                                                          1.512000  
U3208                     STQ_EO2_S_2     um28nchllogl35hsl140f_ssgwc0p9v125c
                                                          1.512000  
U3209                     STQ_EO2_S_2     um28nchllogl35hsl140f_ssgwc0p9v125c
                                                          1.512000  
U3210                     STQ_EO3_0P5     um28nchllogl35hsl140f_ssgwc0p9v125c
                                                          1.512000  
U3211                     STQ_EO3_0P5     um28nchllogl35hsl140f_ssgwc0p9v125c
                                                          1.512000  
U3212                     STQ_EO2_S_2     um28nchllogl35hsl140f_ssgwc0p9v125c
                                                          1.512000  
U3213                     STQ_EO3_0P5     um28nchllogl35hsl140f_ssgwc0p9v125c
                                                          1.512000  
U3214                     STQ_EO3_0P5     um28nchllogl35hsl140f_ssgwc0p9v125c
                                                          1.512000  
U3215                     STQ_EO3_0P5     um28nchllogl35hsl140f_ssgwc0p9v125c
                                                          1.512000  
U3216                     STQ_EO2_S_2     um28nchllogl35hsl140f_ssgwc0p9v125c
                                                          1.512000  
U3217                     STQ_EO2_S_2     um28nchllogl35hsl140f_ssgwc0p9v125c
                                                          1.512000  
U3218                     STQ_EO2_S_2     um28nchllogl35hsl140f_ssgwc0p9v125c
                                                          1.512000  
U3219                     STQ_EO3_0P5     um28nchllogl35hsl140f_ssgwc0p9v125c
                                                          1.512000  
U3220                     STQ_EO3_0P5     um28nchllogl35hsl140f_ssgwc0p9v125c
                                                          1.512000  
U3221                     STQ_EO2_S_0P5   um28nchllogl35hsl140f_ssgwc0p9v125c
                                                          1.512000  
U3222                     STQ_EO2_S_2     um28nchllogl35hsl140f_ssgwc0p9v125c
                                                          1.512000  
U3223                     STQ_EO3_0P5     um28nchllogl35hsl140f_ssgwc0p9v125c
                                                          1.512000  
U3224                     STQ_EO2_S_2     um28nchllogl35hsl140f_ssgwc0p9v125c
                                                          1.512000  
U3225                     STQ_EO2_S_2     um28nchllogl35hsl140f_ssgwc0p9v125c
                                                          1.512000  
U3226                     STQ_EO3_0P5     um28nchllogl35hsl140f_ssgwc0p9v125c
                                                          1.512000  
U3227                     STQ_EO3_0P5     um28nchllogl35hsl140f_ssgwc0p9v125c
                                                          1.512000  
U3228                     STQ_EO3_0P5     um28nchllogl35hsl140f_ssgwc0p9v125c
                                                          1.512000  
U3229                     STQ_EO3_0P5     um28nchllogl35hsl140f_ssgwc0p9v125c
                                                          1.512000  
U3230                     STQ_EO3_0P5     um28nchllogl35hsl140f_ssgwc0p9v125c
                                                          1.512000  
U3231                     STQ_EO3_0P5     um28nchllogl35hsl140f_ssgwc0p9v125c
                                                          1.512000  
U3232                     STQ_EO3_0P5     um28nchllogl35hsl140f_ssgwc0p9v125c
                                                          1.512000  
U3233                     STQ_EO2_S_2     um28nchllogl35hsl140f_ssgwc0p9v125c
                                                          1.512000  
U3234                     STQ_EO3_0P5     um28nchllogl35hsl140f_ssgwc0p9v125c
                                                          1.512000  
U3235                     STQ_EO3_0P5     um28nchllogl35hsl140f_ssgwc0p9v125c
                                                          1.512000  
U3236                     STQ_EO2_S_2     um28nchllogl35hsl140f_ssgwc0p9v125c
                                                          1.512000  
U3237                     STQ_EO3_0P5     um28nchllogl35hsl140f_ssgwc0p9v125c
                                                          1.512000  
U3238                     STQ_EO2_S_2     um28nchllogl35hsl140f_ssgwc0p9v125c
                                                          1.512000  
U3239                     STQ_EO3_0P5     um28nchllogl35hsl140f_ssgwc0p9v125c
                                                          1.512000  
U3240                     STQ_EO3_0P5     um28nchllogl35hsl140f_ssgwc0p9v125c
                                                          1.512000  
U3241                     STQ_EO2_S_2     um28nchllogl35hsl140f_ssgwc0p9v125c
                                                          1.512000  
U3242                     STQ_EO3_0P5     um28nchllogl35hsl140f_ssgwc0p9v125c
                                                          1.512000  
U3243                     STQ_EO2_S_0P5   um28nchllogl35hsl140f_ssgwc0p9v125c
                                                          1.512000  
U3244                     STQ_EO2_S_2     um28nchllogl35hsl140f_ssgwc0p9v125c
                                                          1.512000  
U3245                     STQ_EO2_S_2     um28nchllogl35hsl140f_ssgwc0p9v125c
                                                          1.512000  
U3246                     STQ_EO3_0P5     um28nchllogl35hsl140f_ssgwc0p9v125c
                                                          1.512000  
U3247                     STQ_EO2_S_0P5   um28nchllogl35hsl140f_ssgwc0p9v125c
                                                          1.512000  
U3248                     STQ_EO3_0P5     um28nchllogl35hsl140f_ssgwc0p9v125c
                                                          1.512000  
U3249                     STQ_EO3_0P5     um28nchllogl35hsl140f_ssgwc0p9v125c
                                                          1.512000  
U3250                     STQ_EO3_0P5     um28nchllogl35hsl140f_ssgwc0p9v125c
                                                          1.512000  
U3251                     STQ_EO3_0P5     um28nchllogl35hsl140f_ssgwc0p9v125c
                                                          1.512000  
U3252                     STQ_EO2_S_0P5   um28nchllogl35hsl140f_ssgwc0p9v125c
                                                          1.512000  
U3253                     STQ_EO3_0P5     um28nchllogl35hsl140f_ssgwc0p9v125c
                                                          1.512000  
U3254                     STQ_EO2_S_0P5   um28nchllogl35hsl140f_ssgwc0p9v125c
                                                          1.512000  
U3255                     STQ_EO3_0P5     um28nchllogl35hsl140f_ssgwc0p9v125c
                                                          1.512000  
U3256                     STQ_EO3_0P5     um28nchllogl35hsl140f_ssgwc0p9v125c
                                                          1.512000  
U3257                     STQ_EO3_0P5     um28nchllogl35hsl140f_ssgwc0p9v125c
                                                          1.512000  
U3258                     STQ_EO3_0P5     um28nchllogl35hsl140f_ssgwc0p9v125c
                                                          1.512000  
U3259                     STQ_EO2_S_2     um28nchllogl35hsl140f_ssgwc0p9v125c
                                                          1.512000  
U3260                     STQ_EO2_S_2     um28nchllogl35hsl140f_ssgwc0p9v125c
                                                          1.512000  
U3261                     STQ_EO3_0P5     um28nchllogl35hsl140f_ssgwc0p9v125c
                                                          1.512000  
U3262                     STQ_EO3_0P5     um28nchllogl35hsl140f_ssgwc0p9v125c
                                                          1.512000  
U3263                     STQ_EO2_S_2     um28nchllogl35hsl140f_ssgwc0p9v125c
                                                          1.512000  
U3264                     STQ_EO2_S_2     um28nchllogl35hsl140f_ssgwc0p9v125c
                                                          1.512000  
U3265                     STQ_EO3_0P5     um28nchllogl35hsl140f_ssgwc0p9v125c
                                                          1.512000  
U3266                     STQ_EO2_S_2     um28nchllogl35hsl140f_ssgwc0p9v125c
                                                          1.512000  
U3267                     STQ_EO3_0P5     um28nchllogl35hsl140f_ssgwc0p9v125c
                                                          1.512000  
U3268                     STQ_EO2_S_2     um28nchllogl35hsl140f_ssgwc0p9v125c
                                                          1.512000  
U3269                     STQ_EO3_0P5     um28nchllogl35hsl140f_ssgwc0p9v125c
                                                          1.512000  
U3270                     STQ_EO2_S_0P5   um28nchllogl35hsl140f_ssgwc0p9v125c
                                                          1.512000  
U3271                     STQ_EO3_0P5     um28nchllogl35hsl140f_ssgwc0p9v125c
                                                          1.512000  
U3272                     STQ_EO3_0P5     um28nchllogl35hsl140f_ssgwc0p9v125c
                                                          1.512000  
U3273                     STQ_EO3_0P5     um28nchllogl35hsl140f_ssgwc0p9v125c
                                                          1.512000  
U3274                     STQ_EO2_S_0P5   um28nchllogl35hsl140f_ssgwc0p9v125c
                                                          1.512000  
U3275                     STQ_EO3_0P5     um28nchllogl35hsl140f_ssgwc0p9v125c
                                                          1.512000  
U3276                     STQ_EO3_0P5     um28nchllogl35hsl140f_ssgwc0p9v125c
                                                          1.512000  
U3277                     STQ_EO3_0P5     um28nchllogl35hsl140f_ssgwc0p9v125c
                                                          1.512000  
U3278                     STQ_EO2_S_2     um28nchllogl35hsl140f_ssgwc0p9v125c
                                                          1.512000  
U3279                     STQ_EO3_0P5     um28nchllogl35hsl140f_ssgwc0p9v125c
                                                          1.512000  
U3280                     STQ_EO3_0P5     um28nchllogl35hsl140f_ssgwc0p9v125c
                                                          1.512000  
U3281                     STQ_EO3_0P5     um28nchllogl35hsl140f_ssgwc0p9v125c
                                                          1.512000  
U3282                     STQ_EO3_0P5     um28nchllogl35hsl140f_ssgwc0p9v125c
                                                          1.512000  
U3283                     STQ_EO2_S_2     um28nchllogl35hsl140f_ssgwc0p9v125c
                                                          1.512000  
U3284                     STQ_EO3_0P5     um28nchllogl35hsl140f_ssgwc0p9v125c
                                                          1.512000  
U3285                     STQ_EO3_0P5     um28nchllogl35hsl140f_ssgwc0p9v125c
                                                          1.512000  
U3286                     STQ_EO3_0P5     um28nchllogl35hsl140f_ssgwc0p9v125c
                                                          1.512000  
U3287                     STQ_EO3_0P5     um28nchllogl35hsl140f_ssgwc0p9v125c
                                                          1.512000  
U3288                     STQ_EO3_0P5     um28nchllogl35hsl140f_ssgwc0p9v125c
                                                          1.512000  
U3289                     STQ_EO2_S_0P5   um28nchllogl35hsl140f_ssgwc0p9v125c
                                                          1.512000  
U3290                     STQ_EO3_0P5     um28nchllogl35hsl140f_ssgwc0p9v125c
                                                          1.512000  
U3291                     STQ_EO3_0P5     um28nchllogl35hsl140f_ssgwc0p9v125c
                                                          1.512000  
U3292                     STQ_EO3_0P5     um28nchllogl35hsl140f_ssgwc0p9v125c
                                                          1.512000  
U3293                     STQ_EO2_S_0P5   um28nchllogl35hsl140f_ssgwc0p9v125c
                                                          1.512000  
U3294                     STQ_EO3_0P5     um28nchllogl35hsl140f_ssgwc0p9v125c
                                                          1.512000  
U3295                     STQ_EO3_0P5     um28nchllogl35hsl140f_ssgwc0p9v125c
                                                          1.512000  
U3296                     STQ_EO2_S_0P5   um28nchllogl35hsl140f_ssgwc0p9v125c
                                                          1.512000  
U3297                     STQ_EO3_0P5     um28nchllogl35hsl140f_ssgwc0p9v125c
                                                          1.512000  
U3298                     STQ_EO3_0P5     um28nchllogl35hsl140f_ssgwc0p9v125c
                                                          1.512000  
U3299                     STQ_EO3_0P5     um28nchllogl35hsl140f_ssgwc0p9v125c
                                                          1.512000  
U3300                     STQ_EO2_S_2     um28nchllogl35hsl140f_ssgwc0p9v125c
                                                          1.512000  
U3301                     STQ_EO3_0P5     um28nchllogl35hsl140f_ssgwc0p9v125c
                                                          1.512000  
U3302                     STQ_EO3_0P5     um28nchllogl35hsl140f_ssgwc0p9v125c
                                                          1.512000  
U3303                     STQ_EO3_0P5     um28nchllogl35hsl140f_ssgwc0p9v125c
                                                          1.512000  
U3304                     STQ_EO3_0P5     um28nchllogl35hsl140f_ssgwc0p9v125c
                                                          1.512000  
U3305                     STQ_EO3_0P5     um28nchllogl35hsl140f_ssgwc0p9v125c
                                                          1.512000  
U3306                     STQ_EO3_0P5     um28nchllogl35hsl140f_ssgwc0p9v125c
                                                          1.512000  
U3307                     STQ_EO3_0P5     um28nchllogl35hsl140f_ssgwc0p9v125c
                                                          1.512000  
U3308                     STQ_EO3_0P5     um28nchllogl35hsl140f_ssgwc0p9v125c
                                                          1.512000  
U3309                     STQ_EO3_0P5     um28nchllogl35hsl140f_ssgwc0p9v125c
                                                          1.512000  
U3310                     STQ_EO2_S_2     um28nchllogl35hsl140f_ssgwc0p9v125c
                                                          1.512000  
U3311                     STQ_EO2_S_0P5   um28nchllogl35hsl140f_ssgwc0p9v125c
                                                          1.512000  
U3312                     STQ_EO3_0P5     um28nchllogl35hsl140f_ssgwc0p9v125c
                                                          1.512000  
U3313                     STQ_EO2_S_0P5   um28nchllogl35hsl140f_ssgwc0p9v125c
                                                          1.512000  
U3314                     STQ_EO3_0P5     um28nchllogl35hsl140f_ssgwc0p9v125c
                                                          1.512000  
U3315                     STQ_EO3_0P5     um28nchllogl35hsl140f_ssgwc0p9v125c
                                                          1.512000  
U3316                     STQ_EO3_0P5     um28nchllogl35hsl140f_ssgwc0p9v125c
                                                          1.512000  
U3317                     STQ_EO3_0P5     um28nchllogl35hsl140f_ssgwc0p9v125c
                                                          1.512000  
U3318                     STQ_EO3_0P5     um28nchllogl35hsl140f_ssgwc0p9v125c
                                                          1.512000  
U3319                     STQ_EO3_0P5     um28nchllogl35hsl140f_ssgwc0p9v125c
                                                          1.512000  
U3320                     STQ_EO3_0P5     um28nchllogl35hsl140f_ssgwc0p9v125c
                                                          1.512000  
U3321                     STQ_EO3_0P5     um28nchllogl35hsl140f_ssgwc0p9v125c
                                                          1.512000  
U3322                     STQ_EO3_0P5     um28nchllogl35hsl140f_ssgwc0p9v125c
                                                          1.512000  
U3323                     STQ_EO3_0P5     um28nchllogl35hsl140f_ssgwc0p9v125c
                                                          1.512000  
U3324                     STQ_EO3_0P5     um28nchllogl35hsl140f_ssgwc0p9v125c
                                                          1.512000  
U3325                     STQ_EO2_S_2     um28nchllogl35hsl140f_ssgwc0p9v125c
                                                          1.512000  
U3326                     STQ_EO3_0P5     um28nchllogl35hsl140f_ssgwc0p9v125c
                                                          1.512000  
U3327                     STQ_EO2_S_0P5   um28nchllogl35hsl140f_ssgwc0p9v125c
                                                          1.512000  
U3328                     STQ_EO3_0P5     um28nchllogl35hsl140f_ssgwc0p9v125c
                                                          1.512000  
U3329                     STQ_EO3_0P5     um28nchllogl35hsl140f_ssgwc0p9v125c
                                                          1.512000  
U3330                     STQ_EO3_0P5     um28nchllogl35hsl140f_ssgwc0p9v125c
                                                          1.512000  
U3331                     STQ_EO3_0P5     um28nchllogl35hsl140f_ssgwc0p9v125c
                                                          1.512000  
U3332                     STQ_EO3_0P5     um28nchllogl35hsl140f_ssgwc0p9v125c
                                                          1.512000  
U3333                     STQ_EO2_S_0P5   um28nchllogl35hsl140f_ssgwc0p9v125c
                                                          1.512000  
U3334                     STQ_EO3_0P5     um28nchllogl35hsl140f_ssgwc0p9v125c
                                                          1.512000  
U3335                     STQ_EO3_0P5     um28nchllogl35hsl140f_ssgwc0p9v125c
                                                          1.512000  
U3336                     STQ_EO3_0P5     um28nchllogl35hsl140f_ssgwc0p9v125c
                                                          1.512000  
U3337                     STQ_EO3_0P5     um28nchllogl35hsl140f_ssgwc0p9v125c
                                                          1.512000  
U3338                     STQ_EO3_0P5     um28nchllogl35hsl140f_ssgwc0p9v125c
                                                          1.512000  
U3339                     STQ_EO3_0P5     um28nchllogl35hsl140f_ssgwc0p9v125c
                                                          1.512000  
U3340                     STQ_EO2_S_2     um28nchllogl35hsl140f_ssgwc0p9v125c
                                                          1.512000  
U3341                     STQ_EO2_S_2     um28nchllogl35hsl140f_ssgwc0p9v125c
                                                          1.512000  
U3342                     STQ_EO3_0P5     um28nchllogl35hsl140f_ssgwc0p9v125c
                                                          1.512000  
U3343                     STQ_EO3_0P5     um28nchllogl35hsl140f_ssgwc0p9v125c
                                                          1.512000  
U3344                     STQ_EO3_0P5     um28nchllogl35hsl140f_ssgwc0p9v125c
                                                          1.512000  
U3345                     STQ_EO3_0P5     um28nchllogl35hsl140f_ssgwc0p9v125c
                                                          1.512000  
U3346                     STQ_EO2_S_2     um28nchllogl35hsl140f_ssgwc0p9v125c
                                                          1.512000  
U3347                     STQ_EO3_0P5     um28nchllogl35hsl140f_ssgwc0p9v125c
                                                          1.512000  
U3348                     STQ_EO3_0P5     um28nchllogl35hsl140f_ssgwc0p9v125c
                                                          1.512000  
U3349                     STQ_EO2_S_2     um28nchllogl35hsl140f_ssgwc0p9v125c
                                                          1.512000  
U3350                     STQ_EO3_0P5     um28nchllogl35hsl140f_ssgwc0p9v125c
                                                          1.512000  
U3351                     STQ_EO3_0P5     um28nchllogl35hsl140f_ssgwc0p9v125c
                                                          1.512000  
U3352                     STQ_EO3_0P5     um28nchllogl35hsl140f_ssgwc0p9v125c
                                                          1.512000  
U3353                     STQ_EO3_0P5     um28nchllogl35hsl140f_ssgwc0p9v125c
                                                          1.512000  
U3354                     STQ_EO3_0P5     um28nchllogl35hsl140f_ssgwc0p9v125c
                                                          1.512000  
U3355                     STQ_EO3_0P5     um28nchllogl35hsl140f_ssgwc0p9v125c
                                                          1.512000  
U3356                     STQ_EO3_0P5     um28nchllogl35hsl140f_ssgwc0p9v125c
                                                          1.512000  
U3357                     STQ_EO3_0P5     um28nchllogl35hsl140f_ssgwc0p9v125c
                                                          1.512000  
U3358                     STQ_EO2_S_2     um28nchllogl35hsl140f_ssgwc0p9v125c
                                                          1.512000  
U3359                     STQ_EO2_S_0P5   um28nchllogl35hsl140f_ssgwc0p9v125c
                                                          1.512000  
U3360                     STQ_EO3_0P5     um28nchllogl35hsl140f_ssgwc0p9v125c
                                                          1.512000  
U3361                     STQ_EO3_0P5     um28nchllogl35hsl140f_ssgwc0p9v125c
                                                          1.512000  
U3362                     STQ_EO3_0P5     um28nchllogl35hsl140f_ssgwc0p9v125c
                                                          1.512000  
U3363                     STQ_EO2_S_0P5   um28nchllogl35hsl140f_ssgwc0p9v125c
                                                          1.512000  
U3364                     STQ_EO3_0P5     um28nchllogl35hsl140f_ssgwc0p9v125c
                                                          1.512000  
U3365                     STQ_EO3_0P5     um28nchllogl35hsl140f_ssgwc0p9v125c
                                                          1.512000  
U3366                     STQ_EO3_0P5     um28nchllogl35hsl140f_ssgwc0p9v125c
                                                          1.512000  
U3367                     STQ_EO3_0P5     um28nchllogl35hsl140f_ssgwc0p9v125c
                                                          1.512000  
U3368                     STQ_EO2_S_2     um28nchllogl35hsl140f_ssgwc0p9v125c
                                                          1.512000  
U3369                     STQ_EO3_0P5     um28nchllogl35hsl140f_ssgwc0p9v125c
                                                          1.512000  
U3370                     STQ_EO3_0P5     um28nchllogl35hsl140f_ssgwc0p9v125c
                                                          1.512000  
U3371                     STQ_EO3_0P5     um28nchllogl35hsl140f_ssgwc0p9v125c
                                                          1.512000  
U3372                     STQ_EO2_S_2     um28nchllogl35hsl140f_ssgwc0p9v125c
                                                          1.512000  
U3373                     STQ_EO3_0P5     um28nchllogl35hsl140f_ssgwc0p9v125c
                                                          1.512000  
U3374                     STQ_EO2_S_2     um28nchllogl35hsl140f_ssgwc0p9v125c
                                                          1.512000  
U3375                     STQ_EO3_0P5     um28nchllogl35hsl140f_ssgwc0p9v125c
                                                          1.512000  
U3376                     STQ_EO3_0P5     um28nchllogl35hsl140f_ssgwc0p9v125c
                                                          1.512000  
U3377                     STQ_EO3_0P5     um28nchllogl35hsl140f_ssgwc0p9v125c
                                                          1.512000  
U3378                     STQ_EO3_0P5     um28nchllogl35hsl140f_ssgwc0p9v125c
                                                          1.512000  
U3379                     STQ_EO2_S_2     um28nchllogl35hsl140f_ssgwc0p9v125c
                                                          1.512000  
U3380                     STQ_EO3_0P5     um28nchllogl35hsl140f_ssgwc0p9v125c
                                                          1.512000  
U3381                     STQ_EO2_S_2     um28nchllogl35hsl140f_ssgwc0p9v125c
                                                          1.512000  
U3382                     STQ_EO3_0P5     um28nchllogl35hsl140f_ssgwc0p9v125c
                                                          1.512000  
U3383                     STQ_EO3_0P5     um28nchllogl35hsl140f_ssgwc0p9v125c
                                                          1.512000  
U3384                     STQ_EO3_0P5     um28nchllogl35hsl140f_ssgwc0p9v125c
                                                          1.512000  
U3385                     STQ_EO3_0P5     um28nchllogl35hsl140f_ssgwc0p9v125c
                                                          1.512000  
U3386                     STQ_EO3_0P5     um28nchllogl35hsl140f_ssgwc0p9v125c
                                                          1.512000  
U3387                     STQ_EO3_0P5     um28nchllogl35hsl140f_ssgwc0p9v125c
                                                          1.512000  
U3388                     STQ_EO3_0P5     um28nchllogl35hsl140f_ssgwc0p9v125c
                                                          1.512000  
U3389                     STQ_EO3_0P5     um28nchllogl35hsl140f_ssgwc0p9v125c
                                                          1.512000  
U3390                     STQ_EO3_0P5     um28nchllogl35hsl140f_ssgwc0p9v125c
                                                          1.512000  
U3391                     STQ_EO3_0P5     um28nchllogl35hsl140f_ssgwc0p9v125c
                                                          1.512000  
U3392                     STQ_EO3_0P5     um28nchllogl35hsl140f_ssgwc0p9v125c
                                                          1.512000  
U3393                     STQ_EO2_S_2     um28nchllogl35hsl140f_ssgwc0p9v125c
                                                          1.512000  
U3394                     STQ_EO3_0P5     um28nchllogl35hsl140f_ssgwc0p9v125c
                                                          1.512000  
U3395                     STQ_EO3_0P5     um28nchllogl35hsl140f_ssgwc0p9v125c
                                                          1.512000  
U3396                     STQ_EO3_0P5     um28nchllogl35hsl140f_ssgwc0p9v125c
                                                          1.512000  
U3397                     STQ_EO3_0P5     um28nchllogl35hsl140f_ssgwc0p9v125c
                                                          1.512000  
U3398                     STQ_EO3_0P5     um28nchllogl35hsl140f_ssgwc0p9v125c
                                                          1.512000  
U3399                     STQ_EO3_0P5     um28nchllogl35hsl140f_ssgwc0p9v125c
                                                          1.512000  
U3400                     STQ_EO2_S_2     um28nchllogl35hsl140f_ssgwc0p9v125c
                                                          1.512000  
U3401                     STQ_EO3_0P5     um28nchllogl35hsl140f_ssgwc0p9v125c
                                                          1.512000  
U3402                     STQ_EO3_0P5     um28nchllogl35hsl140f_ssgwc0p9v125c
                                                          1.512000  
U3403                     STQ_EO3_0P5     um28nchllogl35hsl140f_ssgwc0p9v125c
                                                          1.512000  
U3404                     STQ_EO3_0P5     um28nchllogl35hsl140f_ssgwc0p9v125c
                                                          1.512000  
U3405                     STQ_EO3_0P5     um28nchllogl35hsl140f_ssgwc0p9v125c
                                                          1.512000  
U3406                     STQ_EO3_0P5     um28nchllogl35hsl140f_ssgwc0p9v125c
                                                          1.512000  
U3407                     STQ_EO3_0P5     um28nchllogl35hsl140f_ssgwc0p9v125c
                                                          1.512000  
U3408                     STQ_EO3_0P5     um28nchllogl35hsl140f_ssgwc0p9v125c
                                                          1.512000  
U3409                     STQ_EO3_0P5     um28nchllogl35hsl140f_ssgwc0p9v125c
                                                          1.512000  
U3410                     STQ_EO2_S_2     um28nchllogl35hsl140f_ssgwc0p9v125c
                                                          1.512000  
U3411                     STQ_EO2_S_2     um28nchllogl35hsl140f_ssgwc0p9v125c
                                                          1.512000  
U3412                     STQ_EO2_S_2     um28nchllogl35hsl140f_ssgwc0p9v125c
                                                          1.512000  
U3413                     STQ_EO3_0P5     um28nchllogl35hsl140f_ssgwc0p9v125c
                                                          1.512000  
U3414                     STQ_EO3_0P5     um28nchllogl35hsl140f_ssgwc0p9v125c
                                                          1.512000  
U3415                     STQ_EO3_0P5     um28nchllogl35hsl140f_ssgwc0p9v125c
                                                          1.512000  
U3416                     STQ_EO3_0P5     um28nchllogl35hsl140f_ssgwc0p9v125c
                                                          1.512000  
U3417                     STQ_EO3_0P5     um28nchllogl35hsl140f_ssgwc0p9v125c
                                                          1.512000  
U3418                     STQ_EO2_S_2     um28nchllogl35hsl140f_ssgwc0p9v125c
                                                          1.512000  
U3419                     STQ_EO3_0P5     um28nchllogl35hsl140f_ssgwc0p9v125c
                                                          1.512000  
U3420                     STQ_EO3_0P5     um28nchllogl35hsl140f_ssgwc0p9v125c
                                                          1.512000  
U3421                     STQ_EO3_0P5     um28nchllogl35hsl140f_ssgwc0p9v125c
                                                          1.512000  
U3422                     STQ_EO2_S_0P5   um28nchllogl35hsl140f_ssgwc0p9v125c
                                                          1.512000  
U3423                     STQ_EO3_0P5     um28nchllogl35hsl140f_ssgwc0p9v125c
                                                          1.512000  
U3424                     STQ_EO2_S_0P5   um28nchllogl35hsl140f_ssgwc0p9v125c
                                                          1.512000  
U3425                     STQ_EO3_0P5     um28nchllogl35hsl140f_ssgwc0p9v125c
                                                          1.512000  
U3426                     STQ_EO3_0P5     um28nchllogl35hsl140f_ssgwc0p9v125c
                                                          1.512000  
U3427                     STQ_EO3_0P5     um28nchllogl35hsl140f_ssgwc0p9v125c
                                                          1.512000  
U3428                     STQ_EO3_0P5     um28nchllogl35hsl140f_ssgwc0p9v125c
                                                          1.512000  
U3429                     STQ_EO3_0P5     um28nchllogl35hsl140f_ssgwc0p9v125c
                                                          1.512000  
U3430                     STQ_EO3_0P5     um28nchllogl35hsl140f_ssgwc0p9v125c
                                                          1.512000  
U3431                     STQ_EO3_0P5     um28nchllogl35hsl140f_ssgwc0p9v125c
                                                          1.512000  
U3432                     STQ_EO3_0P5     um28nchllogl35hsl140f_ssgwc0p9v125c
                                                          1.512000  
U3433                     STQ_EO3_0P5     um28nchllogl35hsl140f_ssgwc0p9v125c
                                                          1.512000  
U3434                     STQ_EO2_S_2     um28nchllogl35hsl140f_ssgwc0p9v125c
                                                          1.512000  
U3435                     STQ_EO3_0P5     um28nchllogl35hsl140f_ssgwc0p9v125c
                                                          1.512000  
U3436                     STQ_EO3_0P5     um28nchllogl35hsl140f_ssgwc0p9v125c
                                                          1.512000  
U3437                     STQ_EO2_S_0P5   um28nchllogl35hsl140f_ssgwc0p9v125c
                                                          1.512000  
U3438                     STQ_EO3_0P5     um28nchllogl35hsl140f_ssgwc0p9v125c
                                                          1.512000  
U3439                     STQ_EO3_0P5     um28nchllogl35hsl140f_ssgwc0p9v125c
                                                          1.512000  
U3440                     STQ_EO3_0P5     um28nchllogl35hsl140f_ssgwc0p9v125c
                                                          1.512000  
U3441                     STQ_EO3_0P5     um28nchllogl35hsl140f_ssgwc0p9v125c
                                                          1.512000  
U3442                     STQ_EO3_0P5     um28nchllogl35hsl140f_ssgwc0p9v125c
                                                          1.512000  
U3443                     STQ_EO2_S_0P5   um28nchllogl35hsl140f_ssgwc0p9v125c
                                                          1.512000  
U3444                     STQ_EO3_0P5     um28nchllogl35hsl140f_ssgwc0p9v125c
                                                          1.512000  
U3445                     STQ_EO3_0P5     um28nchllogl35hsl140f_ssgwc0p9v125c
                                                          1.512000  
U3446                     STQ_EO3_0P5     um28nchllogl35hsl140f_ssgwc0p9v125c
                                                          1.512000  
U3447                     STQ_EO3_0P5     um28nchllogl35hsl140f_ssgwc0p9v125c
                                                          1.512000  
U3448                     STQ_EO3_0P5     um28nchllogl35hsl140f_ssgwc0p9v125c
                                                          1.512000  
U3449                     STQ_EO2_S_2     um28nchllogl35hsl140f_ssgwc0p9v125c
                                                          1.512000  
U3450                     STQ_EO3_0P5     um28nchllogl35hsl140f_ssgwc0p9v125c
                                                          1.512000  
U3451                     STQ_EO3_0P5     um28nchllogl35hsl140f_ssgwc0p9v125c
                                                          1.512000  
U3452                     STQ_EO3_0P5     um28nchllogl35hsl140f_ssgwc0p9v125c
                                                          1.512000  
U3453                     STQ_EO3_0P5     um28nchllogl35hsl140f_ssgwc0p9v125c
                                                          1.512000  
U3454                     STQ_EO3_0P5     um28nchllogl35hsl140f_ssgwc0p9v125c
                                                          1.512000  
U3455                     STQ_EO3_0P5     um28nchllogl35hsl140f_ssgwc0p9v125c
                                                          1.512000  
U3456                     STQ_EO2_S_2     um28nchllogl35hsl140f_ssgwc0p9v125c
                                                          1.512000  
U3457                     STQ_EO3_0P5     um28nchllogl35hsl140f_ssgwc0p9v125c
                                                          1.512000  
U3458                     STQ_EO3_0P5     um28nchllogl35hsl140f_ssgwc0p9v125c
                                                          1.512000  
U3459                     STQ_EO3_0P5     um28nchllogl35hsl140f_ssgwc0p9v125c
                                                          1.512000  
U3460                     STQ_EO3_0P5     um28nchllogl35hsl140f_ssgwc0p9v125c
                                                          1.512000  
U3461                     STQ_EO3_0P5     um28nchllogl35hsl140f_ssgwc0p9v125c
                                                          1.512000  
U3462                     STQ_EO2_S_0P5   um28nchllogl35hsl140f_ssgwc0p9v125c
                                                          1.512000  
U3463                     STQ_EO3_0P5     um28nchllogl35hsl140f_ssgwc0p9v125c
                                                          1.512000  
U3464                     STQ_EO3_0P5     um28nchllogl35hsl140f_ssgwc0p9v125c
                                                          1.512000  
U3465                     STQ_EO3_0P5     um28nchllogl35hsl140f_ssgwc0p9v125c
                                                          1.512000  
U3466                     STQ_EO3_0P5     um28nchllogl35hsl140f_ssgwc0p9v125c
                                                          1.512000  
U3467                     STQ_EO3_0P5     um28nchllogl35hsl140f_ssgwc0p9v125c
                                                          1.512000  
U3468                     STQ_EO2_S_2     um28nchllogl35hsl140f_ssgwc0p9v125c
                                                          1.512000  
U3469                     STQ_EO2_S_2     um28nchllogl35hsl140f_ssgwc0p9v125c
                                                          1.512000  
U3470                     STQ_EO2_S_2     um28nchllogl35hsl140f_ssgwc0p9v125c
                                                          1.512000  
U3471                     STQ_EO3_0P5     um28nchllogl35hsl140f_ssgwc0p9v125c
                                                          1.512000  
U3472                     STQ_EO3_0P5     um28nchllogl35hsl140f_ssgwc0p9v125c
                                                          1.512000  
U3473                     STQ_EO3_0P5     um28nchllogl35hsl140f_ssgwc0p9v125c
                                                          1.512000  
U3474                     STQ_EO3_0P5     um28nchllogl35hsl140f_ssgwc0p9v125c
                                                          1.512000  
U3475                     STQ_EO3_0P5     um28nchllogl35hsl140f_ssgwc0p9v125c
                                                          1.512000  
U3476                     STQ_EO3_0P5     um28nchllogl35hsl140f_ssgwc0p9v125c
                                                          1.512000  
U3477                     STQ_EO3_0P5     um28nchllogl35hsl140f_ssgwc0p9v125c
                                                          1.512000  
U3478                     STQ_EO3_0P5     um28nchllogl35hsl140f_ssgwc0p9v125c
                                                          1.512000  
U3479                     STQ_EO3_0P5     um28nchllogl35hsl140f_ssgwc0p9v125c
                                                          1.512000  
U3480                     STQ_EO3_0P5     um28nchllogl35hsl140f_ssgwc0p9v125c
                                                          1.512000  
U3481                     STQ_EO3_0P5     um28nchllogl35hsl140f_ssgwc0p9v125c
                                                          1.512000  
U3482                     STQ_EO2_S_2     um28nchllogl35hsl140f_ssgwc0p9v125c
                                                          1.512000  
U3483                     STQ_EO2_S_2     um28nchllogl35hsl140f_ssgwc0p9v125c
                                                          1.512000  
U3484                     STQ_EO2_S_2     um28nchllogl35hsl140f_ssgwc0p9v125c
                                                          1.512000  
U3485                     STQ_EO3_0P5     um28nchllogl35hsl140f_ssgwc0p9v125c
                                                          1.512000  
U3486                     STQ_EO2_S_2     um28nchllogl35hsl140f_ssgwc0p9v125c
                                                          1.512000  
U3487                     STQ_EO3_0P5     um28nchllogl35hsl140f_ssgwc0p9v125c
                                                          1.512000  
U3488                     STQ_EO3_0P5     um28nchllogl35hsl140f_ssgwc0p9v125c
                                                          1.512000  
U3489                     STQ_EO2_S_2     um28nchllogl35hsl140f_ssgwc0p9v125c
                                                          1.512000  
U3490                     STQ_EO3_0P5     um28nchllogl35hsl140f_ssgwc0p9v125c
                                                          1.512000  
U3491                     STQ_EO3_0P5     um28nchllogl35hsl140f_ssgwc0p9v125c
                                                          1.512000  
U3492                     STQ_EO3_0P5     um28nchllogl35hsl140f_ssgwc0p9v125c
                                                          1.512000  
U3493                     STQ_EO3_0P5     um28nchllogl35hsl140f_ssgwc0p9v125c
                                                          1.512000  
U3494                     STQ_EO3_0P5     um28nchllogl35hsl140f_ssgwc0p9v125c
                                                          1.512000  
U3495                     STQ_EO3_0P5     um28nchllogl35hsl140f_ssgwc0p9v125c
                                                          1.512000  
U3496                     STQ_EO3_0P5     um28nchllogl35hsl140f_ssgwc0p9v125c
                                                          1.512000  
U3497                     STQ_EO3_0P5     um28nchllogl35hsl140f_ssgwc0p9v125c
                                                          1.512000  
U3498                     STQ_EO3_0P5     um28nchllogl35hsl140f_ssgwc0p9v125c
                                                          1.512000  
U3499                     STQ_EO3_0P5     um28nchllogl35hsl140f_ssgwc0p9v125c
                                                          1.512000  
U3500                     STQ_EO3_0P5     um28nchllogl35hsl140f_ssgwc0p9v125c
                                                          1.512000  
U3501                     STQ_EO3_0P5     um28nchllogl35hsl140f_ssgwc0p9v125c
                                                          1.512000  
U3502                     STQ_EO3_0P5     um28nchllogl35hsl140f_ssgwc0p9v125c
                                                          1.512000  
U3503                     STQ_EO2_S_2     um28nchllogl35hsl140f_ssgwc0p9v125c
                                                          1.512000  
U3504                     STQ_EO3_0P5     um28nchllogl35hsl140f_ssgwc0p9v125c
                                                          1.512000  
U3505                     STQ_EO3_0P5     um28nchllogl35hsl140f_ssgwc0p9v125c
                                                          1.512000  
U3506                     STQ_EO2_S_2     um28nchllogl35hsl140f_ssgwc0p9v125c
                                                          1.512000  
U3507                     STQ_EO3_0P5     um28nchllogl35hsl140f_ssgwc0p9v125c
                                                          1.512000  
U3508                     STQ_EO3_0P5     um28nchllogl35hsl140f_ssgwc0p9v125c
                                                          1.512000  
U3509                     STQ_EO2_S_0P5   um28nchllogl35hsl140f_ssgwc0p9v125c
                                                          1.512000  
U3510                     STQ_EO3_0P5     um28nchllogl35hsl140f_ssgwc0p9v125c
                                                          1.512000  
U3511                     STQ_EO3_0P5     um28nchllogl35hsl140f_ssgwc0p9v125c
                                                          1.512000  
U3512                     STQ_EO3_0P5     um28nchllogl35hsl140f_ssgwc0p9v125c
                                                          1.512000  
U3513                     STQ_EO3_0P5     um28nchllogl35hsl140f_ssgwc0p9v125c
                                                          1.512000  
U3514                     STQ_EO3_0P5     um28nchllogl35hsl140f_ssgwc0p9v125c
                                                          1.512000  
U3515                     STQ_EO3_0P5     um28nchllogl35hsl140f_ssgwc0p9v125c
                                                          1.512000  
U3516                     STQ_EO3_0P5     um28nchllogl35hsl140f_ssgwc0p9v125c
                                                          1.512000  
U3517                     STQ_EO3_0P5     um28nchllogl35hsl140f_ssgwc0p9v125c
                                                          1.512000  
U3518                     STQ_EO2_S_2     um28nchllogl35hsl140f_ssgwc0p9v125c
                                                          1.512000  
U3519                     STQ_EO2_S_2     um28nchllogl35hsl140f_ssgwc0p9v125c
                                                          1.512000  
U3520                     STQ_EO2_S_0P5   um28nchllogl35hsl140f_ssgwc0p9v125c
                                                          1.512000  
U3521                     STQ_EO3_0P5     um28nchllogl35hsl140f_ssgwc0p9v125c
                                                          1.512000  
U3522                     STQ_EO3_0P5     um28nchllogl35hsl140f_ssgwc0p9v125c
                                                          1.512000  
U3523                     STQ_EO2_S_0P5   um28nchllogl35hsl140f_ssgwc0p9v125c
                                                          1.512000  
U3524                     STQ_EO3_0P5     um28nchllogl35hsl140f_ssgwc0p9v125c
                                                          1.512000  
U3525                     STQ_EO3_0P5     um28nchllogl35hsl140f_ssgwc0p9v125c
                                                          1.512000  
U3526                     STQ_EO3_0P5     um28nchllogl35hsl140f_ssgwc0p9v125c
                                                          1.512000  
U3527                     STQ_EO3_0P5     um28nchllogl35hsl140f_ssgwc0p9v125c
                                                          1.512000  
U3528                     STQ_EO3_0P5     um28nchllogl35hsl140f_ssgwc0p9v125c
                                                          1.512000  
U3529                     STQ_EO3_0P5     um28nchllogl35hsl140f_ssgwc0p9v125c
                                                          1.512000  
U3530                     STQ_EO3_0P5     um28nchllogl35hsl140f_ssgwc0p9v125c
                                                          1.512000  
U3531                     STQ_EO3_0P5     um28nchllogl35hsl140f_ssgwc0p9v125c
                                                          1.512000  
U3532                     STQ_EO2_S_2     um28nchllogl35hsl140f_ssgwc0p9v125c
                                                          1.512000  
U3533                     STQ_EO3_0P5     um28nchllogl35hsl140f_ssgwc0p9v125c
                                                          1.512000  
U3534                     STQ_EO3_0P5     um28nchllogl35hsl140f_ssgwc0p9v125c
                                                          1.512000  
U3535                     STQ_EO3_0P5     um28nchllogl35hsl140f_ssgwc0p9v125c
                                                          1.512000  
U3536                     STQ_EO3_0P5     um28nchllogl35hsl140f_ssgwc0p9v125c
                                                          1.512000  
U3537                     STQ_EO2_S_0P5   um28nchllogl35hsl140f_ssgwc0p9v125c
                                                          1.512000  
U3538                     STQ_EO3_0P5     um28nchllogl35hsl140f_ssgwc0p9v125c
                                                          1.512000  
U3539                     STQ_EO2_S_0P5   um28nchllogl35hsl140f_ssgwc0p9v125c
                                                          1.512000  
U3540                     STQ_EO3_0P5     um28nchllogl35hsl140f_ssgwc0p9v125c
                                                          1.512000  
U3541                     STQ_EO3_0P5     um28nchllogl35hsl140f_ssgwc0p9v125c
                                                          1.512000  
U3542                     STQ_EO3_0P5     um28nchllogl35hsl140f_ssgwc0p9v125c
                                                          1.512000  
U3543                     STQ_EO3_0P5     um28nchllogl35hsl140f_ssgwc0p9v125c
                                                          1.512000  
U3544                     STQ_EO3_0P5     um28nchllogl35hsl140f_ssgwc0p9v125c
                                                          1.512000  
U3545                     STQ_EO3_0P5     um28nchllogl35hsl140f_ssgwc0p9v125c
                                                          1.512000  
U3546                     STQ_EO3_0P5     um28nchllogl35hsl140f_ssgwc0p9v125c
                                                          1.512000  
U3547                     STQ_EO3_0P5     um28nchllogl35hsl140f_ssgwc0p9v125c
                                                          1.512000  
U3548                     STQ_EO2_S_2     um28nchllogl35hsl140f_ssgwc0p9v125c
                                                          1.512000  
U3549                     STQ_EO3_0P5     um28nchllogl35hsl140f_ssgwc0p9v125c
                                                          1.512000  
U3550                     STQ_EO3_0P5     um28nchllogl35hsl140f_ssgwc0p9v125c
                                                          1.512000  
U3551                     STQ_EO3_0P5     um28nchllogl35hsl140f_ssgwc0p9v125c
                                                          1.512000  
U3552                     STQ_EO3_0P5     um28nchllogl35hsl140f_ssgwc0p9v125c
                                                          1.512000  
U3553                     STQ_EO2_S_0P5   um28nchllogl35hsl140f_ssgwc0p9v125c
                                                          1.512000  
U3554                     STQ_EO3_0P5     um28nchllogl35hsl140f_ssgwc0p9v125c
                                                          1.512000  
U3555                     STQ_EO3_0P5     um28nchllogl35hsl140f_ssgwc0p9v125c
                                                          1.512000  
U3556                     STQ_EO3_0P5     um28nchllogl35hsl140f_ssgwc0p9v125c
                                                          1.512000  
U3557                     STQ_EO3_0P5     um28nchllogl35hsl140f_ssgwc0p9v125c
                                                          1.512000  
U3558                     STQ_EO2_S_2     um28nchllogl35hsl140f_ssgwc0p9v125c
                                                          1.512000  
U3559                     STQ_EO3_0P5     um28nchllogl35hsl140f_ssgwc0p9v125c
                                                          1.512000  
U3560                     STQ_EO3_0P5     um28nchllogl35hsl140f_ssgwc0p9v125c
                                                          1.512000  
U3561                     STQ_EO3_0P5     um28nchllogl35hsl140f_ssgwc0p9v125c
                                                          1.512000  
U3562                     STQ_EO3_0P5     um28nchllogl35hsl140f_ssgwc0p9v125c
                                                          1.512000  
U3563                     STQ_EO3_0P5     um28nchllogl35hsl140f_ssgwc0p9v125c
                                                          1.512000  
U3564                     STQ_EO3_0P5     um28nchllogl35hsl140f_ssgwc0p9v125c
                                                          1.512000  
U3565                     STQ_EO3_0P5     um28nchllogl35hsl140f_ssgwc0p9v125c
                                                          1.512000  
U3566                     STQ_EO3_0P5     um28nchllogl35hsl140f_ssgwc0p9v125c
                                                          1.512000  
U3567                     STQ_EO2_S_0P5   um28nchllogl35hsl140f_ssgwc0p9v125c
                                                          1.512000  
U3568                     STQ_EO3_0P5     um28nchllogl35hsl140f_ssgwc0p9v125c
                                                          1.512000  
U3569                     STQ_EO2_S_0P5   um28nchllogl35hsl140f_ssgwc0p9v125c
                                                          1.512000  
U3570                     STQ_EO3_0P5     um28nchllogl35hsl140f_ssgwc0p9v125c
                                                          1.512000  
U3571                     STQ_EO3_0P5     um28nchllogl35hsl140f_ssgwc0p9v125c
                                                          1.512000  
U3572                     STQ_EO3_0P5     um28nchllogl35hsl140f_ssgwc0p9v125c
                                                          1.512000  
U3573                     STQ_EO3_0P5     um28nchllogl35hsl140f_ssgwc0p9v125c
                                                          1.512000  
U3574                     STQ_EO3_0P5     um28nchllogl35hsl140f_ssgwc0p9v125c
                                                          1.512000  
U3575                     STQ_EO3_0P5     um28nchllogl35hsl140f_ssgwc0p9v125c
                                                          1.512000  
U3576                     STQ_EO3_0P5     um28nchllogl35hsl140f_ssgwc0p9v125c
                                                          1.512000  
U3577                     STQ_EO3_0P5     um28nchllogl35hsl140f_ssgwc0p9v125c
                                                          1.512000  
U3578                     STQ_EO3_0P5     um28nchllogl35hsl140f_ssgwc0p9v125c
                                                          1.512000  
U3579                     STQ_EO3_0P5     um28nchllogl35hsl140f_ssgwc0p9v125c
                                                          1.512000  
U3580                     STQ_EO2_S_0P5   um28nchllogl35hsl140f_ssgwc0p9v125c
                                                          1.512000  
U3581                     STQ_EO3_0P5     um28nchllogl35hsl140f_ssgwc0p9v125c
                                                          1.512000  
U3582                     STQ_EO3_0P5     um28nchllogl35hsl140f_ssgwc0p9v125c
                                                          1.512000  
U3583                     STQ_EO3_0P5     um28nchllogl35hsl140f_ssgwc0p9v125c
                                                          1.512000  
U3584                     STQ_EO3_0P5     um28nchllogl35hsl140f_ssgwc0p9v125c
                                                          1.512000  
U3585                     STQ_EO3_0P5     um28nchllogl35hsl140f_ssgwc0p9v125c
                                                          1.512000  
U3586                     STQ_EO3_0P5     um28nchllogl35hsl140f_ssgwc0p9v125c
                                                          1.512000  
U3587                     STQ_EO3_0P5     um28nchllogl35hsl140f_ssgwc0p9v125c
                                                          1.512000  
U3588                     STQ_EO3_0P5     um28nchllogl35hsl140f_ssgwc0p9v125c
                                                          1.512000  
U3589                     STQ_EO3_0P5     um28nchllogl35hsl140f_ssgwc0p9v125c
                                                          1.512000  
U3590                     STQ_EO3_0P5     um28nchllogl35hsl140f_ssgwc0p9v125c
                                                          1.512000  
U3591                     STQ_EO3_0P5     um28nchllogl35hsl140f_ssgwc0p9v125c
                                                          1.512000  
U3592                     STQ_EO3_0P5     um28nchllogl35hsl140f_ssgwc0p9v125c
                                                          1.512000  
U3593                     STQ_EO3_0P5     um28nchllogl35hsl140f_ssgwc0p9v125c
                                                          1.512000  
U3594                     STQ_EO3_0P5     um28nchllogl35hsl140f_ssgwc0p9v125c
                                                          1.512000  
U3595                     STQ_EO3_0P5     um28nchllogl35hsl140f_ssgwc0p9v125c
                                                          1.512000  
U3596                     STQ_EO2_S_0P5   um28nchllogl35hsl140f_ssgwc0p9v125c
                                                          1.512000  
U3597                     STQ_EO3_0P5     um28nchllogl35hsl140f_ssgwc0p9v125c
                                                          1.512000  
U3598                     STQ_EO3_0P5     um28nchllogl35hsl140f_ssgwc0p9v125c
                                                          1.512000  
U3599                     STQ_EO3_0P5     um28nchllogl35hsl140f_ssgwc0p9v125c
                                                          1.512000  
U3600                     STQ_EO3_0P5     um28nchllogl35hsl140f_ssgwc0p9v125c
                                                          1.512000  
U3601                     STQ_EO3_0P5     um28nchllogl35hsl140f_ssgwc0p9v125c
                                                          1.512000  
U3602                     STQ_EO3_0P5     um28nchllogl35hsl140f_ssgwc0p9v125c
                                                          1.512000  
U3603                     STQ_EO3_0P5     um28nchllogl35hsl140f_ssgwc0p9v125c
                                                          1.512000  
U3604                     STQ_EO3_0P5     um28nchllogl35hsl140f_ssgwc0p9v125c
                                                          1.512000  
U3605                     STQ_EO2_S_2     um28nchllogl35hsl140f_ssgwc0p9v125c
                                                          1.512000  
U3606                     STQ_EO3_0P5     um28nchllogl35hsl140f_ssgwc0p9v125c
                                                          1.512000  
U3607                     STQ_EO3_0P5     um28nchllogl35hsl140f_ssgwc0p9v125c
                                                          1.512000  
U3608                     STQ_EO3_0P5     um28nchllogl35hsl140f_ssgwc0p9v125c
                                                          1.512000  
U3609                     STQ_EO3_0P5     um28nchllogl35hsl140f_ssgwc0p9v125c
                                                          1.512000  
U3610                     STQ_EO3_0P5     um28nchllogl35hsl140f_ssgwc0p9v125c
                                                          1.512000  
U3611                     STQ_EO3_0P5     um28nchllogl35hsl140f_ssgwc0p9v125c
                                                          1.512000  
U3612                     STQ_EO3_0P5     um28nchllogl35hsl140f_ssgwc0p9v125c
                                                          1.512000  
U3613                     STQ_EO2_S_2     um28nchllogl35hsl140f_ssgwc0p9v125c
                                                          1.512000  
U3614                     STQ_EO3_0P5     um28nchllogl35hsl140f_ssgwc0p9v125c
                                                          1.512000  
U3615                     STQ_EO3_0P5     um28nchllogl35hsl140f_ssgwc0p9v125c
                                                          1.512000  
U3616                     STQ_EO3_0P5     um28nchllogl35hsl140f_ssgwc0p9v125c
                                                          1.512000  
U3617                     STQ_EO3_0P5     um28nchllogl35hsl140f_ssgwc0p9v125c
                                                          1.512000  
U3618                     STQ_EO3_0P5     um28nchllogl35hsl140f_ssgwc0p9v125c
                                                          1.512000  
U3619                     STQ_EO3_0P5     um28nchllogl35hsl140f_ssgwc0p9v125c
                                                          1.512000  
U3620                     STQ_EO3_0P5     um28nchllogl35hsl140f_ssgwc0p9v125c
                                                          1.512000  
U3621                     STQ_EO2_S_0P5   um28nchllogl35hsl140f_ssgwc0p9v125c
                                                          1.512000  
U3622                     STQ_EO3_0P5     um28nchllogl35hsl140f_ssgwc0p9v125c
                                                          1.512000  
U3623                     STQ_EO2_S_0P5   um28nchllogl35hsl140f_ssgwc0p9v125c
                                                          1.512000  
U3624                     STQ_EO3_0P5     um28nchllogl35hsl140f_ssgwc0p9v125c
                                                          1.512000  
U3625                     STQ_EO3_0P5     um28nchllogl35hsl140f_ssgwc0p9v125c
                                                          1.512000  
U3626                     STQ_EO3_0P5     um28nchllogl35hsl140f_ssgwc0p9v125c
                                                          1.512000  
U3627                     STQ_EO3_0P5     um28nchllogl35hsl140f_ssgwc0p9v125c
                                                          1.512000  
U3628                     STQ_EO3_0P5     um28nchllogl35hsl140f_ssgwc0p9v125c
                                                          1.512000  
U3629                     STQ_EO3_0P5     um28nchllogl35hsl140f_ssgwc0p9v125c
                                                          1.512000  
U3630                     STQ_EO3_0P5     um28nchllogl35hsl140f_ssgwc0p9v125c
                                                          1.512000  
U3631                     STQ_EO3_0P5     um28nchllogl35hsl140f_ssgwc0p9v125c
                                                          1.512000  
U3632                     STQ_EO3_0P5     um28nchllogl35hsl140f_ssgwc0p9v125c
                                                          1.512000  
U3633                     STQ_EO3_0P5     um28nchllogl35hsl140f_ssgwc0p9v125c
                                                          1.512000  
U3634                     STQ_EO3_0P5     um28nchllogl35hsl140f_ssgwc0p9v125c
                                                          1.512000  
U3635                     STQ_EO3_0P5     um28nchllogl35hsl140f_ssgwc0p9v125c
                                                          1.512000  
U3636                     STQ_EO3_0P5     um28nchllogl35hsl140f_ssgwc0p9v125c
                                                          1.512000  
U3637                     STQ_EO2_S_0P5   um28nchllogl35hsl140f_ssgwc0p9v125c
                                                          1.512000  
U3638                     STQ_EO3_0P5     um28nchllogl35hsl140f_ssgwc0p9v125c
                                                          1.512000  
U3639                     STQ_EO3_0P5     um28nchllogl35hsl140f_ssgwc0p9v125c
                                                          1.512000  
U3640                     STQ_EO3_0P5     um28nchllogl35hsl140f_ssgwc0p9v125c
                                                          1.512000  
U3641                     STQ_EO3_0P5     um28nchllogl35hsl140f_ssgwc0p9v125c
                                                          1.512000  
U3642                     STQ_EO3_0P5     um28nchllogl35hsl140f_ssgwc0p9v125c
                                                          1.512000  
U3643                     STQ_EO3_0P5     um28nchllogl35hsl140f_ssgwc0p9v125c
                                                          1.512000  
U3644                     STQ_EO3_0P5     um28nchllogl35hsl140f_ssgwc0p9v125c
                                                          1.512000  
U3645                     STQ_EO3_0P5     um28nchllogl35hsl140f_ssgwc0p9v125c
                                                          1.512000  
U3646                     STQ_EO3_0P5     um28nchllogl35hsl140f_ssgwc0p9v125c
                                                          1.512000  
U3647                     STQ_EO2_S_0P5   um28nchllogl35hsl140f_ssgwc0p9v125c
                                                          1.512000  
U3648                     STQ_EO3_0P5     um28nchllogl35hsl140f_ssgwc0p9v125c
                                                          1.512000  
U3649                     STQ_EO3_0P5     um28nchllogl35hsl140f_ssgwc0p9v125c
                                                          1.512000  
U3650                     STQ_EO3_0P5     um28nchllogl35hsl140f_ssgwc0p9v125c
                                                          1.512000  
U3651                     STQ_EO3_0P5     um28nchllogl35hsl140f_ssgwc0p9v125c
                                                          1.512000  
U3652                     STQ_EO3_0P5     um28nchllogl35hsl140f_ssgwc0p9v125c
                                                          1.512000  
U3653                     STQ_EO3_0P5     um28nchllogl35hsl140f_ssgwc0p9v125c
                                                          1.512000  
U3654                     STQ_EO3_0P5     um28nchllogl35hsl140f_ssgwc0p9v125c
                                                          1.512000  
U3655                     STQ_EO3_0P5     um28nchllogl35hsl140f_ssgwc0p9v125c
                                                          1.512000  
U3656                     STQ_EO3_0P5     um28nchllogl35hsl140f_ssgwc0p9v125c
                                                          1.512000  
U3657                     STQ_EO3_0P5     um28nchllogl35hsl140f_ssgwc0p9v125c
                                                          1.512000  
U3658                     STQ_EO3_0P5     um28nchllogl35hsl140f_ssgwc0p9v125c
                                                          1.512000  
U3659                     STQ_EO2_S_0P5   um28nchllogl35hsl140f_ssgwc0p9v125c
                                                          1.512000  
U3660                     STQ_EO3_0P5     um28nchllogl35hsl140f_ssgwc0p9v125c
                                                          1.512000  
U3661                     STQ_EO2_S_0P5   um28nchllogl35hsl140f_ssgwc0p9v125c
                                                          1.512000  
U3662                     STQ_EO3_0P5     um28nchllogl35hsl140f_ssgwc0p9v125c
                                                          1.512000  
U3663                     STQ_EO3_0P5     um28nchllogl35hsl140f_ssgwc0p9v125c
                                                          1.512000  
U3664                     STQ_EO2_S_0P5   um28nchllogl35hsl140f_ssgwc0p9v125c
                                                          1.512000  
U3665                     STQ_EO3_0P5     um28nchllogl35hsl140f_ssgwc0p9v125c
                                                          1.512000  
U3666                     STQ_EO3_0P5     um28nchllogl35hsl140f_ssgwc0p9v125c
                                                          1.512000  
U3667                     STQ_EO3_0P5     um28nchllogl35hsl140f_ssgwc0p9v125c
                                                          1.512000  
U3668                     STQ_EO3_0P5     um28nchllogl35hsl140f_ssgwc0p9v125c
                                                          1.512000  
U3669                     STQ_EO3_0P5     um28nchllogl35hsl140f_ssgwc0p9v125c
                                                          1.512000  
U3670                     STQ_EO3_0P5     um28nchllogl35hsl140f_ssgwc0p9v125c
                                                          1.512000  
U3671                     STQ_EO3_0P5     um28nchllogl35hsl140f_ssgwc0p9v125c
                                                          1.512000  
U3672                     STQ_EO3_0P5     um28nchllogl35hsl140f_ssgwc0p9v125c
                                                          1.512000  
U3673                     STQ_EO3_0P5     um28nchllogl35hsl140f_ssgwc0p9v125c
                                                          1.512000  
U3674                     STQ_EO3_0P5     um28nchllogl35hsl140f_ssgwc0p9v125c
                                                          1.512000  
U3675                     STQ_EO3_0P5     um28nchllogl35hsl140f_ssgwc0p9v125c
                                                          1.512000  
U3676                     STQ_EO3_0P5     um28nchllogl35hsl140f_ssgwc0p9v125c
                                                          1.512000  
U3677                     STQ_EO3_0P5     um28nchllogl35hsl140f_ssgwc0p9v125c
                                                          1.512000  
U3678                     STQ_EO3_0P5     um28nchllogl35hsl140f_ssgwc0p9v125c
                                                          1.512000  
U3679                     STQ_EO3_0P5     um28nchllogl35hsl140f_ssgwc0p9v125c
                                                          1.512000  
U3680                     STQ_EO3_0P5     um28nchllogl35hsl140f_ssgwc0p9v125c
                                                          1.512000  
U3681                     STQ_EO3_0P5     um28nchllogl35hsl140f_ssgwc0p9v125c
                                                          1.512000  
U3682                     STQ_EO3_0P5     um28nchllogl35hsl140f_ssgwc0p9v125c
                                                          1.512000  
U3683                     STQ_EO3_0P5     um28nchllogl35hsl140f_ssgwc0p9v125c
                                                          1.512000  
U3684                     STQ_EO2_S_0P5   um28nchllogl35hsl140f_ssgwc0p9v125c
                                                          1.512000  
U3685                     STQ_EO3_0P5     um28nchllogl35hsl140f_ssgwc0p9v125c
                                                          1.512000  
U3686                     STQ_EO3_0P5     um28nchllogl35hsl140f_ssgwc0p9v125c
                                                          1.512000  
U3687                     STQ_EO3_0P5     um28nchllogl35hsl140f_ssgwc0p9v125c
                                                          1.512000  
U3688                     STQ_EO3_0P5     um28nchllogl35hsl140f_ssgwc0p9v125c
                                                          1.512000  
U3689                     STQ_EO3_0P5     um28nchllogl35hsl140f_ssgwc0p9v125c
                                                          1.512000  
U3690                     STQ_EO3_0P5     um28nchllogl35hsl140f_ssgwc0p9v125c
                                                          1.512000  
U3691                     STQ_EO3_0P5     um28nchllogl35hsl140f_ssgwc0p9v125c
                                                          1.512000  
U3692                     STQ_EO3_0P5     um28nchllogl35hsl140f_ssgwc0p9v125c
                                                          1.512000  
U3693                     STQ_EO3_0P5     um28nchllogl35hsl140f_ssgwc0p9v125c
                                                          1.512000  
U3694                     STQ_EO3_0P5     um28nchllogl35hsl140f_ssgwc0p9v125c
                                                          1.512000  
U3695                     STQ_EO3_0P5     um28nchllogl35hsl140f_ssgwc0p9v125c
                                                          1.512000  
U3696                     STQ_EO3_0P5     um28nchllogl35hsl140f_ssgwc0p9v125c
                                                          1.512000  
--------------------------------------------------------------------------------
Total 1579 cells                                          2389.295944
1
